--
-- PostgreSQL database dump
--

\restrict rDOneWpkqHquGlsOvQ9RvXfHDStJTkltbmRQiqqIkFySLCE8vS1RHvQ2LOtkAgL

-- Dumped from database version 16.14
-- Dumped by pg_dump version 16.14

SET statement_timeout = 0;
SET lock_timeout = 0;
SET idle_in_transaction_session_timeout = 0;
SET client_encoding = 'UTF8';
SET standard_conforming_strings = on;
SELECT pg_catalog.set_config('search_path', '', false);
SET check_function_bodies = false;
SET xmloption = content;
SET client_min_messages = warning;
SET row_security = off;

SET default_tablespace = '';

SET default_table_access_method = heap;

--
-- Name: asset_categories; Type: TABLE; Schema: public; Owner: postgres
--

CREATE TABLE public.asset_categories (
    id character varying(36) NOT NULL,
    name character varying(255) NOT NULL,
    code character varying(100) NOT NULL,
    type character varying(50) NOT NULL,
    parent_id character varying(36),
    description text,
    thumbnail_path character varying(1024),
    asset_total_count bigint DEFAULT 0,
    is_deleted boolean DEFAULT false NOT NULL,
    created_at timestamp with time zone DEFAULT now(),
    updated_at timestamp with time zone DEFAULT now()
);


ALTER TABLE public.asset_categories OWNER TO postgres;

--
-- Name: asset_type_dict; Type: TABLE; Schema: public; Owner: postgres
--

CREATE TABLE public.asset_type_dict (
    code character varying(50) NOT NULL,
    name character varying(100) NOT NULL,
    is_deleted boolean DEFAULT false NOT NULL
);


ALTER TABLE public.asset_type_dict OWNER TO postgres;

--
-- Name: equipment_model_details; Type: TABLE; Schema: public; Owner: postgres
--

CREATE TABLE public.equipment_model_details (
    id character varying(36) NOT NULL,
    category_id character varying(36) NOT NULL,
    manufacturer character varying(100),
    asset_type character varying(255),
    brand character varying(50),
    bucket_name character varying(100) DEFAULT 'ov-usd-bucket'::character varying,
    root_usd_path character varying(1024) NOT NULL,
    location_path character varying(1024) NOT NULL,
    thumbnail_path character varying(1024),
    specifications jsonb,
    status character varying(20) DEFAULT 'DRAFT'::character varying NOT NULL,
    created_at timestamp with time zone DEFAULT now(),
    updated_at timestamp with time zone DEFAULT now(),
    is_deleted boolean DEFAULT false NOT NULL,
    category character varying(100),
    model character varying(100),
    format character varying(50),
    poly_count integer,
    prim_path character varying(255),
    instance_path character varying(255),
    width numeric(10,2),
    depth numeric(10,2),
    height numeric(10,2),
    asset_version_id character varying(36),
    version_tag character varying(50) DEFAULT 'v1.0'::character varying NOT NULL,
    is_current boolean DEFAULT true NOT NULL,
    remark text,
    created_by character varying(100)
);


ALTER TABLE public.equipment_model_details OWNER TO postgres;

--
-- Name: instance_asset_type_dict; Type: TABLE; Schema: public; Owner: postgres
--

CREATE TABLE public.instance_asset_type_dict (
    code character varying(50) NOT NULL,
    name character varying(200) NOT NULL,
    description text,
    status character varying(20) DEFAULT 'ACTIVE'::character varying NOT NULL,
    created_at timestamp with time zone DEFAULT now(),
    updated_at timestamp with time zone DEFAULT now(),
    is_deleted boolean DEFAULT false NOT NULL
);


ALTER TABLE public.instance_asset_type_dict OWNER TO postgres;

--
-- Name: line_model_details; Type: TABLE; Schema: public; Owner: postgres
--

CREATE TABLE public.line_model_details (
    id character varying(36) NOT NULL,
    category_id character varying(36) NOT NULL,
    bucket_name character varying(100) DEFAULT 'ov-usd-bucket'::character varying,
    root_usd_path character varying(1024) NOT NULL,
    location_path character varying(1024) NOT NULL,
    thumbnail_path character varying(1024),
    status character varying(20) DEFAULT 'DRAFT'::character varying NOT NULL,
    created_at timestamp with time zone DEFAULT now(),
    updated_at timestamp with time zone DEFAULT now(),
    is_deleted boolean DEFAULT false NOT NULL,
    category character varying(100),
    manufacturer character varying(100),
    model character varying(100),
    format character varying(50),
    poly_count integer,
    prim_path character varying(255),
    instance_path character varying(255),
    width numeric(10,2),
    depth numeric(10,2),
    height numeric(10,2),
    asset_version_id character varying(36),
    version_tag character varying(50) DEFAULT 'v1.0'::character varying NOT NULL,
    is_current boolean DEFAULT true NOT NULL,
    remark text,
    created_by character varying(100)
);


ALTER TABLE public.line_model_details OWNER TO postgres;

--
-- Name: line_model_equipment_rel; Type: TABLE; Schema: public; Owner: postgres
--

CREATE TABLE public.line_model_equipment_rel (
    id character varying(36) NOT NULL,
    line_model_id character varying(36) NOT NULL,
    equipment_model_id character varying(36) NOT NULL,
    instance_name character varying(255),
    position_data jsonb DEFAULT '{"pos_x": 0, "pos_y": 0, "pos_z": 0}'::jsonb,
    rotation_data jsonb DEFAULT '{"rot_yaw": 0, "rot_roll": 0, "rot_pitch": 0}'::jsonb,
    device_status character varying(50) DEFAULT 'active'::character varying,
    device_area character varying(100),
    root_usd_path character varying(1024) DEFAULT ''::character varying,
    created_at timestamp with time zone DEFAULT now(),
    updated_at timestamp with time zone DEFAULT now(),
    is_deleted boolean DEFAULT false NOT NULL
);


ALTER TABLE public.line_model_equipment_rel OWNER TO postgres;

--
-- Data for Name: asset_categories; Type: TABLE DATA; Schema: public; Owner: postgres
--

COPY public.asset_categories (id, name, code, type, parent_id, description, thumbnail_path, asset_total_count, is_deleted, created_at, updated_at) FROM stdin;
005ea1bb-ac2c-46ac-95bb-b89ffee0028a	CT_HBNCZSHMF	711849422664765441	equipment_model	fadd3b82-156e-49a2-a829-ab102d8975a7	\N	\N	0	f	2026-05-19 07:55:27.855028+00	2026-05-19 07:55:27.855028+00
029e7700-2ff6-4f65-b861-6c8ac5e751ac	CAC_670	711849422555713536	equipment_model	fadd3b82-156e-49a2-a829-ab102d8975a7	\N	\N	0	f	2026-05-19 07:55:27.855028+00	2026-05-19 07:55:27.855028+00
0414971d-f932-4cf7-8249-f9d6b4ecd54a	CT_HOPBHM_A	711833447613599744	equipment_model	fadd3b82-156e-49a2-a829-ab102d8975a7	\N	\N	0	f	2026-05-19 06:51:59.123683+00	2026-05-19 06:51:59.123683+00
04ca0a25-42fd-44f2-b13d-fe43464c34e9	CT_HOUM548ZPRL_01	711849422836731908	equipment_model	fadd3b82-156e-49a2-a829-ab102d8975a7	\N	\N	0	f	2026-05-19 07:55:27.855028+00	2026-05-19 07:55:27.855028+00
0505b206-1c59-49c0-a6da-42dfb549f8ff	CT_HCM548TS1_R	711849422752845824	equipment_model	fadd3b82-156e-49a2-a829-ab102d8975a7	\N	\N	0	f	2026-05-19 07:55:27.855028+00	2026-05-19 07:55:27.855028+00
08e38cb5-5848-4136-bf15-98dae0eeca4a	CT_HOUM548YH11	711849422836731904	equipment_model	fadd3b82-156e-49a2-a829-ab102d8975a7	\N	\N	0	f	2026-05-19 07:55:27.855028+00	2026-05-19 07:55:27.855028+00
09dde6c1-103a-474e-a898-65d1aced1a32	roll_zx01	707121977545986048	equipment_model	fadd3b82-156e-49a2-a829-ab102d8975a7	\N	\N	0	f	2026-05-06 06:50:11.27645+00	2026-05-06 06:50:11.27645+00
09fce04e-36e6-48ab-a443-461b25a6346d	CT_BNCCMYZJ	711849422568296448	equipment_model	fadd3b82-156e-49a2-a829-ab102d8975a7	\N	\N	0	f	2026-05-19 07:55:27.855028+00	2026-05-19 07:55:27.855028+00
0a0b24af-426c-4e6b-a399-663e304caa8e	ORCHIDBAY_ASSEMBLY	707520200890650624	equipment_model	fadd3b82-156e-49a2-a829-ab102d8975a7	\N	\N	0	f	2026-05-07 09:12:34.571504+00	2026-05-07 09:12:34.571504+00
0a472fef-6094-4caa-a017-b0ad9e75bfa8	L_MBD_SMT_B_2_NEW	707521479318704128	line_model	207f737a-5b1e-4b14-bf31-7932c4576271	\N	\N	0	f	2026-05-07 09:17:38.945902+00	2026-05-27 06:02:47.084121+00
0b84c8ab-cacb-4eaf-941f-5152a6da8f50	CT_HOP9YZJ	711838381255954433	equipment_model	fadd3b82-156e-49a2-a829-ab102d8975a7	\N	\N	0	f	2026-05-19 07:11:35.399963+00	2026-05-19 07:11:35.399963+00
0bba5d2d-b0f2-4630-94ce-e4b8d3837cbe	L_MBD_MMC	707521503570169856	line_model	7dfb83ad-1ec0-4ad9-8815-4af2b7ae6aea	\N	\N	0	f	2026-05-07 09:17:38.945902+00	2026-05-07 09:17:38.945902+00
0bc024f4-bfda-498f-8236-103d62c92559	CT_HOP9SSG	711838381251760132	equipment_model	fadd3b82-156e-49a2-a829-ab102d8975a7	\N	\N	0	f	2026-05-19 07:11:35.399963+00	2026-05-19 07:11:35.399963+00
0bdd6979-cf06-4813-a5d4-2e190615ecaa	Packing_01	707121975742435328	equipment_model	fadd3b82-156e-49a2-a829-ab102d8975a7	\N	\N	0	f	2026-05-06 06:50:11.27645+00	2026-05-06 06:50:11.27645+00
0ced258b-d512-42dc-9513-f1a8f5b44f73	CT_HCM548HM	711849422719291393	equipment_model	fadd3b82-156e-49a2-a829-ab102d8975a7	\N	\N	0	f	2026-05-19 07:55:27.855028+00	2026-05-19 07:55:27.855028+00
0dac43a3-194e-4e34-bf72-e2ac99c2bc2a	CT_HOPBCRO	711833447596822528	equipment_model	fadd3b82-156e-49a2-a829-ab102d8975a7	\N	\N	0	f	2026-05-19 06:51:59.123683+00	2026-05-19 06:51:59.123683+00
0ddc9a5f-441d-4d49-aac9-537c7b9cb8af	EMA2064	706705079834513408	equipment_model	fadd3b82-156e-49a2-a829-ab102d8975a7	\N	\N	0	f	2026-05-05 03:13:36.72587+00	2026-05-05 03:13:36.72587+00
0e340b04-9763-439e-9ac2-45b866d60bcc	VT_610M_II	706705080425910272	equipment_model	fadd3b82-156e-49a2-a829-ab102d8975a7	\N	\N	0	f	2026-05-05 03:13:36.72587+00	2026-05-05 03:13:36.72587+00
0e3791f7-af77-4e1a-890b-f41b0a1fc700	CT_HOUM548TS1	711849422832537602	equipment_model	fadd3b82-156e-49a2-a829-ab102d8975a7	\N	\N	0	f	2026-05-19 07:55:27.855028+00	2026-05-19 07:55:27.855028+00
0e3a4262-d58e-47aa-a305-ca4c76c291c7	roll_05	707121977353048064	equipment_model	fadd3b82-156e-49a2-a829-ab102d8975a7	\N	\N	0	f	2026-05-06 06:50:11.27645+00	2026-05-06 06:50:11.27645+00
0fc8b24a-e11a-4ec8-a832-ab6319498c32	CT_HBNCZSMD	711849422673154049	equipment_model	fadd3b82-156e-49a2-a829-ab102d8975a7	\N	\N	0	f	2026-05-19 07:55:27.855028+00	2026-05-19 07:55:27.855028+00
0ff19418-becd-4e95-bbc6-3834dab7a23e	BorderLoading	707520200320225280	equipment_model	fadd3b82-156e-49a2-a829-ab102d8975a7	\N	\N	0	f	2026-05-07 09:12:34.571504+00	2026-05-07 09:12:34.571504+00
1015375a-7926-4694-bfcd-9a8535d6efc4	SBC_200A	711849422933200901	equipment_model	fadd3b82-156e-49a2-a829-ab102d8975a7	\N	\N	0	f	2026-05-19 07:55:27.855028+00	2026-05-19 07:55:27.855028+00
103ab5fe-2a2b-44bb-ada3-89b5b6c4bb07	CT_BNCZSTPM	711849422631211009	equipment_model	fadd3b82-156e-49a2-a829-ab102d8975a7	\N	\N	0	f	2026-05-19 07:55:27.855028+00	2026-05-19 07:55:27.855028+00
10a183b7-4773-4f76-acd3-f93ebab7b8fb	SVP_750	711849422945783808	equipment_model	fadd3b82-156e-49a2-a829-ab102d8975a7	\N	\N	0	f	2026-05-19 07:55:27.855028+00	2026-05-19 07:55:27.855028+00
1180f35b-6f2b-470d-9a1a-9b2cc2f35bfc	Packing_07	707121976413523968	equipment_model	fadd3b82-156e-49a2-a829-ab102d8975a7	\N	\N	0	f	2026-05-06 06:50:11.27645+00	2026-05-06 06:50:11.27645+00
11cc0c9c-8bcc-4f80-a61e-d2b2adc2344f	CT_HOPBYZ	711833447630376962	equipment_model	fadd3b82-156e-49a2-a829-ab102d8975a7	\N	\N	0	f	2026-05-19 06:51:59.123683+00	2026-05-19 06:51:59.123683+00
1241cee7-9608-4da5-b4ea-4def5ecda283	X8VFICassettes	707124120705306624	equipment_model	fadd3b82-156e-49a2-a829-ab102d8975a7	\N	\N	0	f	2026-05-06 06:58:42.47232+00	2026-05-06 06:58:42.47232+00
12692cf0-d572-4e3c-b29f-57f94e1f09c0	CT_HOUM548SFL	711849422819954693	equipment_model	fadd3b82-156e-49a2-a829-ab102d8975a7	\N	\N	0	f	2026-05-19 07:55:27.855028+00	2026-05-19 07:55:27.855028+00
127c7c3c-5014-4a4f-b449-a34b7178ad50	CT_HOP9WTB	711849422782205953	equipment_model	fadd3b82-156e-49a2-a829-ab102d8975a7	\N	\N	0	f	2026-05-19 07:55:27.855028+00	2026-05-19 07:55:27.855028+00
12adb0a4-66f5-457d-9b3a-7666af177140	TR7007L_SII_Plus	711849422949978114	equipment_model	fadd3b82-156e-49a2-a829-ab102d8975a7	\N	\N	0	f	2026-05-19 07:55:27.855028+00	2026-05-19 07:55:27.855028+00
12b21e15-980a-4a06-9887-0e61a36d07d1	NPM_WX_CART	706705080094560256	equipment_model	47ce96f7-a6ed-494d-b109-b30982575720	\N	\N	0	f	2026-05-05 03:13:36.72587+00	2026-05-27 06:25:18.677323+00
14549505-5f40-4a9f-b63d-a60a2bacb485	CT_HBNCZSCP	711849422656376836	equipment_model	fadd3b82-156e-49a2-a829-ab102d8975a7	\N	\N	0	f	2026-05-19 07:55:27.855028+00	2026-05-19 07:55:27.855028+00
14cd8d98-ffba-4bbf-9fec-8190190c8ee3	CT_HBNCZSBP	711849422656376832	equipment_model	fadd3b82-156e-49a2-a829-ab102d8975a7	\N	\N	0	f	2026-05-19 07:55:27.855028+00	2026-05-19 07:55:27.855028+00
169bf05a-4294-4365-8ac1-ddde81bed460	HST_ASRS_FRAME	712630567891374080	equipment_model	fadd3b82-156e-49a2-a829-ab102d8975a7	\N	\N	0	f	2026-05-21 11:39:27.413971+00	2026-05-21 11:39:27.413971+00
16ce8805-3c2f-43c2-a871-e25db0b5e775	TR8100L_SII_INLINE	711849422970949633	equipment_model	fadd3b82-156e-49a2-a829-ab102d8975a7	\N	\N	0	f	2026-05-19 07:55:27.855028+00	2026-05-19 07:55:27.855028+00
17a21fda-264b-478a-8b12-ac2984061552	CT_HOUCCSCPSC	711834115913027584	equipment_model	fadd3b82-156e-49a2-a829-ab102d8975a7	\N	\N	0	f	2026-05-19 06:54:38.469855+00	2026-05-19 06:54:38.469855+00
1905498a-8087-4339-aa7a-67d74b383d91	CT_BNCZSPCBSC	711849422622822404	equipment_model	fadd3b82-156e-49a2-a829-ab102d8975a7	\N	\N	0	f	2026-05-19 07:55:27.855028+00	2026-05-19 07:55:27.855028+00
1b925fcf-d0f8-4892-a7b7-df4459f457ed	CT_HBNCZSIOBSC	711849422668959748	equipment_model	fadd3b82-156e-49a2-a829-ab102d8975a7	\N	\N	0	f	2026-05-19 07:55:27.855028+00	2026-05-19 07:55:27.855028+00
1bda69ad-1593-4ba3-95fd-a99a4e8cdde1	MYTSJH000	712630567895568384	equipment_model	fadd3b82-156e-49a2-a829-ab102d8975a7	\N	\N	0	f	2026-05-21 11:39:27.413971+00	2026-05-21 11:39:27.413971+00
1d4f92c4-156e-4009-8dfb-aaf7b35e66a3	CT_BNCZSSL	711849422627016706	equipment_model	fadd3b82-156e-49a2-a829-ab102d8975a7	\N	\N	0	f	2026-05-19 07:55:27.855028+00	2026-05-19 07:55:27.855028+00
1e2ab774-3f00-4fee-81e2-66bc39b0ebc5	PCT_RL	706705080153280512	equipment_model	fadd3b82-156e-49a2-a829-ab102d8975a7	\N	\N	0	f	2026-05-05 03:13:36.72587+00	2026-05-05 03:13:36.72587+00
1e35c0dc-99aa-4dbb-b495-e5cf2e1eee22	CT_HOUM548DRJBF	711849422803177476	equipment_model	fadd3b82-156e-49a2-a829-ab102d8975a7	\N	\N	0	f	2026-05-19 07:55:27.855028+00	2026-05-19 07:55:27.855028+00
1f2feb2a-db52-4533-8bf0-4fe5d67a602a	CT_HCM548SFL25_R	711849422744457216	equipment_model	fadd3b82-156e-49a2-a829-ab102d8975a7	\N	\N	0	f	2026-05-19 07:55:27.855028+00	2026-05-19 07:55:27.855028+00
2045e11e-3e5a-4c5e-8b2a-61999ec05e2d	CT_BNCZMCV_02	711849422576685060	equipment_model	fadd3b82-156e-49a2-a829-ab102d8975a7	\N	\N	0	f	2026-05-19 07:55:27.855028+00	2026-05-19 07:55:27.855028+00
207f737a-5b1e-4b14-bf31-7932c4576271	SMT-002	SMT-002	line_type	d2ff0103-d506-45bf-bc97-85b7bc00fe74	SMT-002	\N	0	f	2026-05-16 10:38:56.024923+00	2026-05-16 10:38:56.024923+00
20f7de72-ceef-45aa-b43a-8c4fcc71c579	CT_HOP9_IIZJ	711838381264343044	equipment_model	fadd3b82-156e-49a2-a829-ab102d8975a7	\N	\N	0	f	2026-05-19 07:11:35.399963+00	2026-05-19 07:11:35.399963+00
211018c2-ef34-4fff-b1e2-0b63034415bc	CT_HCM548DRJ2	711849422706708481	equipment_model	fadd3b82-156e-49a2-a829-ab102d8975a7	\N	\N	0	f	2026-05-19 07:55:27.855028+00	2026-05-19 07:55:27.855028+00
21dc36cc-8d02-4d14-9742-072cdf1ac162	CT_HCM548SFL25	711849422740262913	equipment_model	fadd3b82-156e-49a2-a829-ab102d8975a7	\N	\N	0	f	2026-05-19 07:55:27.855028+00	2026-05-19 07:55:27.855028+00
21f8cc63-a0bf-4ca5-b692-884165d6751b	CT_HCM548FM23_R	711849422715097090	equipment_model	fadd3b82-156e-49a2-a829-ab102d8975a7	\N	\N	0	f	2026-05-19 07:55:27.855028+00	2026-05-19 07:55:27.855028+00
221d565d-c935-4e3c-8dc7-a1bf458c38e1	PF_Machine	711849422908035073	equipment_model	fadd3b82-156e-49a2-a829-ab102d8975a7	\N	\N	0	f	2026-05-19 07:55:27.855028+00	2026-05-19 07:55:27.855028+00
2286bf63-d2a3-4f11-9d70-b625e0896d30	FLYTAKE	706705079897427968	equipment_model	47ce96f7-a6ed-494d-b109-b30982575720	\N	\N	0	f	2026-05-05 03:13:36.72587+00	2026-05-28 06:02:41.484113+00
23874995-0caa-4dce-b15d-5a98110b7659	Conveyor_80cm	711849422874480641	equipment_model	fadd3b82-156e-49a2-a829-ab102d8975a7	\N	\N	0	f	2026-05-19 07:55:27.855028+00	2026-05-19 07:55:27.855028+00
2452f932-b105-4bc3-b989-d53eb0ad4cc7	CSM_JTAG	707124119648342016	equipment_model	fadd3b82-156e-49a2-a829-ab102d8975a7	\N	\N	0	f	2026-05-06 06:58:42.47232+00	2026-05-06 06:58:42.47232+00
279c7cab-d299-4fe6-afd8-bbabbdee82f7	CT_BNCZSIOBSC	711849422614433795	equipment_model	fadd3b82-156e-49a2-a829-ab102d8975a7	\N	\N	0	f	2026-05-19 07:55:27.855028+00	2026-05-19 07:55:27.855028+00
28695da6-6e80-452c-a5f0-5c3668669698	CT_HBNCZSTPM	711849422681542656	equipment_model	fadd3b82-156e-49a2-a829-ab102d8975a7	\N	\N	0	f	2026-05-19 07:55:27.855028+00	2026-05-19 07:55:27.855028+00
28af37d5-7cd1-4c37-bbec-5d19c673995f	L_JZ	707521485534662656	line_model	7dfb83ad-1ec0-4ad9-8815-4af2b7ae6aea	\N	\N	0	t	2026-05-07 09:17:38.945902+00	2026-05-08 01:06:41.379415+00
28b9b19d-4788-4865-a612-3ba0452094fc	CT_PTH_RS_TBL	711838381268537346	equipment_model	fadd3b82-156e-49a2-a829-ab102d8975a7	\N	\N	0	f	2026-05-19 07:11:35.399963+00	2026-05-19 07:11:35.399963+00
29b590cf-d6d7-4140-9c92-ab2acb07cfc9	CT_HOPBFKB	711833447601016832	equipment_model	fadd3b82-156e-49a2-a829-ab102d8975a7	\N	\N	0	f	2026-05-19 06:51:59.123683+00	2026-05-19 06:51:59.123683+00
29c762e5-5cb1-4736-a17e-b0fdb05a3ff6	CT_HOP9ZZJ	711838381260148740	equipment_model	fadd3b82-156e-49a2-a829-ab102d8975a7	\N	\N	0	f	2026-05-19 07:11:35.399963+00	2026-05-19 07:11:35.399963+00
2a4fc684-6a59-4aaa-94d0-cb784d60e800	E01_2DETACHABLE	707124119811919872	equipment_model	fadd3b82-156e-49a2-a829-ab102d8975a7	\N	\N	0	f	2026-05-06 06:58:42.47232+00	2026-05-06 06:58:42.47232+00
2a86d7e8-acde-46a3-8119-590f87a2d2c0	8300_32SLC	711849422543130626	equipment_model	fadd3b82-156e-49a2-a829-ab102d8975a7	\N	\N	0	f	2026-05-19 07:55:27.855028+00	2026-05-19 07:55:27.855028+00
2ab6a6ef-b4d4-4af0-85fc-5f0a8d155b02	CT_HOP9SSJ	711849422778011648	equipment_model	fadd3b82-156e-49a2-a829-ab102d8975a7	\N	\N	0	f	2026-05-19 07:55:27.855028+00	2026-05-19 07:55:27.855028+00
2e0a4d20-5545-4390-a4e1-1b81dfc7c52e	LBSMMC5M	707124120260710400	equipment_model	fadd3b82-156e-49a2-a829-ab102d8975a7	\N	\N	0	f	2026-05-06 06:58:42.47232+00	2026-05-06 06:58:42.47232+00
2e68722d-7b88-4333-a474-7b4d8e90adb0	PCT_LR	PCT_LR	equipment_model	fadd3b82-156e-49a2-a829-ab102d8975a7	PCT_LR	\N	0	f	2026-05-05 03:13:36.72587+00	2026-05-16 10:51:39.684987+00
2ed9562d-eedd-4c9e-94f3-a7591a63b5b5	ManualStation_AWCPB	707518785615040512	equipment_model	fadd3b82-156e-49a2-a829-ab102d8975a7	\N	\N	0	f	2026-05-07 09:06:57.268981+00	2026-05-07 09:06:57.268981+00
2f36981a-0a4b-4c31-b28d-3427131ef5e7	YSF_VEX6_YSF_VEX7	711849422991921156	equipment_model	fadd3b82-156e-49a2-a829-ab102d8975a7	\N	\N	0	f	2026-05-19 07:55:27.855028+00	2026-05-19 07:55:27.855028+00
2feca829-41e9-4062-95b8-24587321acb8	PTH  Library	PTH  Library	process	\N	PTH  制程	thumbnails/default_process_thumbnail_picture.png	0	f	2026-05-27 06:26:49.338517+00	2026-05-27 06:26:49.338517+00
30320733-1de9-4ea6-b17a-69ae731e3e01	TR7600F3D_SII	711849422954172417	equipment_model	fadd3b82-156e-49a2-a829-ab102d8975a7	\N	\N	0	f	2026-05-19 07:55:27.855028+00	2026-05-19 07:55:27.855028+00
315646a3-0cc5-4a0d-85c6-5574a2ac6574	CT_HCM548BS18_R	711849422689931268	equipment_model	fadd3b82-156e-49a2-a829-ab102d8975a7	\N	\N	0	f	2026-05-19 07:55:27.855028+00	2026-05-19 07:55:27.855028+00
32ec7d44-5c26-48ed-87a1-b6843f02e990	Portwell_Rack_6U	711849422924812292	equipment_model	fadd3b82-156e-49a2-a829-ab102d8975a7	\N	\N	0	f	2026-05-19 07:55:27.855028+00	2026-05-19 07:55:27.855028+00
3485b8ff-36cb-4cc3-9d3e-e18b995d9ac5	E01_6S_MTCJ61256SCMSTRAY002	707124119862251520	equipment_model	fadd3b82-156e-49a2-a829-ab102d8975a7	\N	\N	0	f	2026-05-06 06:58:42.47232+00	2026-05-06 06:58:42.47232+00
35baedfb-0384-4225-a546-2bba18f28652	CT_BNCZSMD	711849422622822400	equipment_model	fadd3b82-156e-49a2-a829-ab102d8975a7	\N	\N	0	f	2026-05-19 07:55:27.855028+00	2026-05-19 07:55:27.855028+00
35e478fe-2a91-4050-a645-196bac1e89b1	CT_HOPBWXXZ	711833447626182660	equipment_model	fadd3b82-156e-49a2-a829-ab102d8975a7	\N	\N	0	f	2026-05-19 06:51:59.123683+00	2026-05-19 06:51:59.123683+00
37726d31-b7c3-43b3-ac88-6c72afce9e3a	X8CSMVFI	707124120680140800	equipment_model	fadd3b82-156e-49a2-a829-ab102d8975a7	\N	\N	0	f	2026-05-06 06:58:42.47232+00	2026-05-06 06:58:42.47232+00
39c628ab-fdd2-4064-967c-998e70ceff68	CT_HOUCCSCP	711834115904638976	equipment_model	fadd3b82-156e-49a2-a829-ab102d8975a7	\N	\N	0	f	2026-05-19 06:54:38.469855+00	2026-05-19 06:54:38.469855+00
3a66bb1c-8e1d-462b-a704-4cfddc4b566c	CT_BNCZSHMC	711849422610239488	equipment_model	fadd3b82-156e-49a2-a829-ab102d8975a7	\N	\N	0	f	2026-05-19 07:55:27.855028+00	2026-05-19 07:55:27.855028+00
3b045361-ba55-419e-8814-e8b046e72475	L_MBD_SMT	706699739474694144	line_model	207f737a-5b1e-4b14-bf31-7932c4576271	\N	\N	0	f	2026-05-05 02:52:22.686573+00	2026-05-27 06:02:24.278217+00
3b6ac295-98ea-46d3-aec1-7372bf0f8501	CT_HBNCZMULD	711849422652182530	equipment_model	fadd3b82-156e-49a2-a829-ab102d8975a7	\N	\N	0	f	2026-05-19 07:55:27.855028+00	2026-05-19 07:55:27.855028+00
3c7b88fe-17c1-4aca-b722-721dcf2ce7b0	MSS_L_T3F3	711849422899646464	equipment_model	fadd3b82-156e-49a2-a829-ab102d8975a7	\N	\N	0	f	2026-05-19 07:55:27.855028+00	2026-05-19 07:55:27.855028+00
3e67a6d3-2dad-4245-9af3-e4ce3b3c2abf	GTX28000000	712630567870402560	equipment_model	fadd3b82-156e-49a2-a829-ab102d8975a7	\N	\N	0	f	2026-05-21 11:39:27.413971+00	2026-05-21 11:39:27.413971+00
3f7bfca6-ddec-4938-a397-a25d1ab48c36	L_MBD_Orichid	707521515146448896	line_model	7dfb83ad-1ec0-4ad9-8815-4af2b7ae6aea	\N	\N	0	f	2026-05-07 09:17:38.945902+00	2026-05-07 09:17:38.945902+00
405ea1a9-ba71-499f-8c91-4bc058c30344	CT_HOPBFWX1	711833447605211136	equipment_model	fadd3b82-156e-49a2-a829-ab102d8975a7	\N	\N	0	f	2026-05-19 06:51:59.123683+00	2026-05-19 06:51:59.123683+00
4068c8ad-dfe2-4e50-b61f-f3ce1e7e292f	CT_BNCZSIOB	711849422610239492	equipment_model	fadd3b82-156e-49a2-a829-ab102d8975a7	\N	\N	0	f	2026-05-19 07:55:27.855028+00	2026-05-19 07:55:27.855028+00
41589d7b-9a07-4182-b08e-6467a72bfe34	SMT-001	SMT-001	line_type	\N	SMT- 类型	\N	0	t	2026-05-16 10:27:47.734698+00	2026-05-16 10:27:47.734698+00
4168876a-9d48-4b0c-858f-5bcd14c12e81	L_MBD_OrichidBay	707521516937416704	line_model	7dfb83ad-1ec0-4ad9-8815-4af2b7ae6aea	\N	\N	0	f	2026-05-07 09:17:38.945902+00	2026-05-07 09:17:38.945902+00
42ce90e7-c449-44bb-9114-b07e05a02e85	L_MBD_SMT_B_2	706699738124128256	line_model	207f737a-5b1e-4b14-bf31-7932c4576271	\N	\N	0	f	2026-05-05 02:52:22.686573+00	2026-05-27 06:02:30.363394+00
431a881c-0985-4a44-951d-178b0e0b0c99	Packing_04	707121976245751808	equipment_model	fadd3b82-156e-49a2-a829-ab102d8975a7	\N	\N	0	f	2026-05-06 06:50:11.27645+00	2026-05-06 06:50:11.27645+00
4400c183-2fab-404f-b9ee-8290384c347b	ISP_A2	711849422887063554	equipment_model	fadd3b82-156e-49a2-a829-ab102d8975a7	\N	\N	0	f	2026-05-19 07:55:27.855028+00	2026-05-19 07:55:27.855028+00
4478cd93-46ed-4f75-8d9c-70abb1e4b75a	CT_HOPBFWX2	711833447605211140	equipment_model	fadd3b82-156e-49a2-a829-ab102d8975a7	\N	\N	0	f	2026-05-19 06:51:59.123683+00	2026-05-19 06:51:59.123683+00
449e9d39-ab08-4cfc-9980-df508fac1c6d	CT_HOUCCSCX8	711834115913027588	equipment_model	fadd3b82-156e-49a2-a829-ab102d8975a7	\N	\N	0	f	2026-05-19 06:54:38.469855+00	2026-05-19 06:54:38.469855+00
4661b789-bfb1-48ee-9592-a7c66e69ad5e	CT_HOUCCSLD	711834115921416196	equipment_model	fadd3b82-156e-49a2-a829-ab102d8975a7	\N	\N	0	f	2026-05-19 06:54:38.469855+00	2026-05-19 06:54:38.469855+00
47ce96f7-a6ed-494d-b109-b30982575720	设备类型	SMT_Equipment	equipment_type	d2ff0103-d506-45bf-bc97-85b7bc00fe74	SMT_Equipment 类型	\N	0	f	2026-05-27 00:38:01.982564+00	2026-05-27 00:38:01.982564+00
4858dd60-536b-4d46-ae36-e35d22706687	PCBA_ScrewFastening	707518785770229760	equipment_model	fadd3b82-156e-49a2-a829-ab102d8975a7	\N	\N	0	f	2026-05-07 09:06:57.268981+00	2026-05-07 09:06:57.268981+00
485abeab-0315-4e63-bfd8-95bde785d477	CT_HOPBHM	711833447609405441	equipment_model	fadd3b82-156e-49a2-a829-ab102d8975a7	\N	\N	0	f	2026-05-19 06:51:59.123683+00	2026-05-19 06:51:59.123683+00
4898a0ae-2a11-4494-8dc8-3a44a47f6a94	SMT-001	SMT-001	line_type	d2ff0103-d506-45bf-bc97-85b7bc00fe74	SMT-001	\N	0	f	2026-05-16 10:46:25.05836+00	2026-05-16 10:46:25.05836+00
49605f72-436e-40d8-9006-dbd6c9c23621	LBS_MPO	707124120298459136	equipment_model	fadd3b82-156e-49a2-a829-ab102d8975a7	\N	\N	0	f	2026-05-06 06:58:42.47232+00	2026-05-06 06:58:42.47232+00
49b7e054-bb2b-459a-9a0c-387a3e978344	TR7700L_QH_SII	711849422958366723	equipment_model	fadd3b82-156e-49a2-a829-ab102d8975a7	\N	\N	0	f	2026-05-19 07:55:27.855028+00	2026-05-19 07:55:27.855028+00
49f07603-ae01-400d-9b1a-f31fb9045b0c	SBC_100A	711849422933200897	equipment_model	fadd3b82-156e-49a2-a829-ab102d8975a7	\N	\N	0	f	2026-05-19 07:55:27.855028+00	2026-05-19 07:55:27.855028+00
4b1fe4c0-4677-4dd8-ac1b-d565ab4ba103	L_HST_PACK	711849487861026816	line_model	7dfb83ad-1ec0-4ad9-8815-4af2b7ae6aea	\N	\N	0	f	2026-05-19 07:55:43.363664+00	2026-05-19 07:55:43.363664+00
4c4dbaa5-7251-4d42-b1f0-118ee70ea1f8	Packing Library	Packing Library	process	d2ff0103-d506-45bf-bc97-85b7bc00fe74	Packing  制程	thumbnails/default_process_thumbnail_picture.png	0	t	2026-05-27 06:20:08.797532+00	2026-05-27 06:35:41.666147+00
4db38664-09db-42ed-81f9-ca59c4abc737	CT_TWNF10_07_A001	711838381272731648	equipment_model	fadd3b82-156e-49a2-a829-ab102d8975a7	\N	\N	0	f	2026-05-19 07:11:35.399963+00	2026-05-19 07:11:35.399963+00
4e72caa5-1a4a-44bc-aa75-c7eaa4719c3b	CT_HOUM548ZPRL_02	711849422840926209	equipment_model	fadd3b82-156e-49a2-a829-ab102d8975a7	\N	\N	0	f	2026-05-19 07:55:27.855028+00	2026-05-19 07:55:27.855028+00
4e935bc1-d7b2-4d2d-b891-c230b00c2486	Remove_Screws	707518786722336768	equipment_model	fadd3b82-156e-49a2-a829-ab102d8975a7	\N	\N	0	f	2026-05-07 09:06:57.268981+00	2026-05-07 09:06:57.268981+00
4f5fbfd1-284f-486d-a407-0bb79f5f2b41	CT_HOUM548PCBSC24	711849422819954689	equipment_model	fadd3b82-156e-49a2-a829-ab102d8975a7	\N	\N	0	f	2026-05-19 07:55:27.855028+00	2026-05-19 07:55:27.855028+00
51f77e70-cc45-4316-8c33-9c33419100ab	CT_HBNCZMCVF	711849422643793920	equipment_model	fadd3b82-156e-49a2-a829-ab102d8975a7	\N	\N	0	f	2026-05-19 07:55:27.855028+00	2026-05-19 07:55:27.855028+00
520fc09d-047a-4100-b642-fbbe31273d10	VFI	707124120625614848	equipment_model	fadd3b82-156e-49a2-a829-ab102d8975a7	\N	\N	0	f	2026-05-06 06:58:42.47232+00	2026-05-06 06:58:42.47232+00
524bd8be-3b32-427d-85ef-86a1b7d191d6	L_MBD_PACKING	706699736203137024	line_model	7dfb83ad-1ec0-4ad9-8815-4af2b7ae6aea	\N	\N	0	f	2026-05-05 02:52:22.686573+00	2026-05-05 02:52:22.686573+00
52764c51-fd69-4559-bac7-5488039a0b13	PG548_UT30_Test_Tray_Carrier_20250730	711849422920617985	equipment_model	fadd3b82-156e-49a2-a829-ab102d8975a7	\N	\N	0	f	2026-05-19 07:55:27.855028+00	2026-05-19 07:55:27.855028+00
5316471e-2ef5-43e6-8ed2-b39283dae0fd	CT_HOP9LSSJ_S	711838381247565826	equipment_model	fadd3b82-156e-49a2-a829-ab102d8975a7	\N	\N	0	f	2026-05-19 07:11:35.399963+00	2026-05-19 07:11:35.399963+00
5501953a-bdbe-4336-b252-01a17423caf7	ZM_XC1000A	711849423000309764	equipment_model	fadd3b82-156e-49a2-a829-ab102d8975a7	\N	\N	0	f	2026-05-19 07:55:27.855028+00	2026-05-19 07:55:27.855028+00
55592ab2-a0af-420e-a712-b17fc0050aba	YWD_550	711849423000309760	equipment_model	fadd3b82-156e-49a2-a829-ab102d8975a7	\N	\N	0	f	2026-05-19 07:55:27.855028+00	2026-05-19 07:55:27.855028+00
555b1a6f-b3a3-478b-9faf-23234297f389	CT_HBNCZSPCBSC	711849422673154053	equipment_model	fadd3b82-156e-49a2-a829-ab102d8975a7	\N	\N	0	f	2026-05-19 07:55:27.855028+00	2026-05-19 07:55:27.855028+00
55fdc731-68ff-4346-bbbc-27a48f2ced82	Remove_WCPAI	707518787267596288	equipment_model	fadd3b82-156e-49a2-a829-ab102d8975a7	\N	\N	0	f	2026-05-07 09:06:57.268981+00	2026-05-07 09:06:57.268981+00
5664db09-7395-4050-a6df-f1f676a83c65	L_HST_Module	714371120689582080	line_model	7dfb83ad-1ec0-4ad9-8815-4af2b7ae6aea	\N	\N	0	f	2026-05-26 06:55:40.18724+00	2026-05-26 06:55:40.18724+00
5699327f-aed0-4a19-9358-01285a82bf2b	CT_HOP9LSSJ_D_h	711838381243371520	equipment_model	fadd3b82-156e-49a2-a829-ab102d8975a7	\N	\N	0	f	2026-05-19 07:11:35.399963+00	2026-05-19 07:11:35.399963+00
56d6e99a-e086-44c2-a81d-c5335107694e	ManualStation	707520200819347456	equipment_model	fadd3b82-156e-49a2-a829-ab102d8975a7	\N	\N	0	f	2026-05-07 09:12:34.571504+00	2026-05-07 09:12:34.571504+00
56e46765-88a6-4c9b-9f74-b5fbf68b0f31	roll_03	707121977235607552	equipment_model	fadd3b82-156e-49a2-a829-ab102d8975a7	\N	\N	0	f	2026-05-06 06:50:11.27645+00	2026-05-06 06:50:11.27645+00
57ec9a34-d1b3-4858-9ddb-36ed3df36199	L_MBD_SMT_B	707521476755984384	line_model	207f737a-5b1e-4b14-bf31-7932c4576271	\N	\N	0	f	2026-05-07 09:17:38.945902+00	2026-05-27 06:02:44.302858+00
58c9789f-f8b9-4f32-8c9f-f8ec07129732	CT_HOP9LSSJ_D	711838381234982912	equipment_model	fadd3b82-156e-49a2-a829-ab102d8975a7	\N	\N	0	f	2026-05-19 07:11:35.399963+00	2026-05-19 07:11:35.399963+00
5aa46757-ecf8-4e69-badb-fa67fae06ec9	CT_HCM548YH11_R	711849422757040129	equipment_model	fadd3b82-156e-49a2-a829-ab102d8975a7	\N	\N	0	f	2026-05-19 07:55:27.855028+00	2026-05-19 07:55:27.855028+00
5b7d7eeb-e518-4ca6-b5e4-79307da1b6e2	SMT Type	SMT Type	line_type	\N	SMT 线体类	\N	0	t	2026-05-16 09:54:04.757097+00	2026-05-16 09:54:04.757097+00
5cbc99d2-240d-40a9-adb5-02fce3ab051a	NeoHorizon_03ix	711849422899646468	equipment_model	fadd3b82-156e-49a2-a829-ab102d8975a7	\N	\N	0	f	2026-05-19 07:55:27.855028+00	2026-05-19 07:55:27.855028+00
5d5e14d8-cc15-4b9e-9416-71ee48c230bf	GY09C	706705079930982400	equipment_model	fadd3b82-156e-49a2-a829-ab102d8975a7	\N	\N	0	f	2026-05-05 03:13:36.72587+00	2026-05-05 03:13:36.72587+00
5ee03edf-bd9f-4671-a3d8-579f03894d33	CT_HCM548BSSC20	711849422694125569	equipment_model	fadd3b82-156e-49a2-a829-ab102d8975a7	\N	\N	0	f	2026-05-19 07:55:27.855028+00	2026-05-19 07:55:27.855028+00
5f8a2299-df27-4ff4-83b7-c8d3746a89b9	CT_TWNF09_15B	711849422857703424	equipment_model	fadd3b82-156e-49a2-a829-ab102d8975a7	\N	\N	0	f	2026-05-19 07:55:27.855028+00	2026-05-19 07:55:27.855028+00
6082c0cf-86d2-4ac9-97bc-d03d977c08d5	roll_zx02	707121977600512000	equipment_model	fadd3b82-156e-49a2-a829-ab102d8975a7	\N	\N	0	f	2026-05-06 06:50:11.27645+00	2026-05-06 06:50:11.27645+00
615f179c-d958-4f73-b439-781a50f65f5c	AOI_IF	707520200181813248	equipment_model	fadd3b82-156e-49a2-a829-ab102d8975a7	\N	\N	0	f	2026-05-07 09:12:34.571504+00	2026-05-07 09:12:34.571504+00
61ba2482-699f-4994-b070-d107bcb31567	VCO_C80L	706705080358801408	equipment_model	fadd3b82-156e-49a2-a829-ab102d8975a7	\N	\N	0	f	2026-05-05 03:13:36.72587+00	2026-05-05 03:13:36.72587+00
63b9d8b4-41e1-4a33-8fe3-68884b8e79c3	CT_TWNF10_10_00	711849422870286340	equipment_model	fadd3b82-156e-49a2-a829-ab102d8975a7	\N	\N	0	f	2026-05-19 07:55:27.855028+00	2026-05-19 07:55:27.855028+00
63bed8b4-b5f3-4593-9cb9-e56fca4312b1	CT_HCM548CNTSC12_R	711849422702514178	equipment_model	fadd3b82-156e-49a2-a829-ab102d8975a7	\N	\N	0	f	2026-05-19 07:55:27.855028+00	2026-05-19 07:55:27.855028+00
641e88ad-9cf5-49b5-a857-e05a015bd154	CT_BNCZSDRJ	711849422606045185	equipment_model	fadd3b82-156e-49a2-a829-ab102d8975a7	\N	\N	0	f	2026-05-19 07:55:27.855028+00	2026-05-19 07:55:27.855028+00
65a42eec-6136-4f3e-9b46-969cc687674d	CT_HOP9YZJ_D	711849422786400256	equipment_model	fadd3b82-156e-49a2-a829-ab102d8975a7	\N	\N	0	f	2026-05-19 07:55:27.855028+00	2026-05-19 07:55:27.855028+00
6660b46f-bcc0-4808-bcd6-111a73e614e6	CT_HOUM548SFL25_T	711849422824148995	equipment_model	fadd3b82-156e-49a2-a829-ab102d8975a7	\N	\N	0	f	2026-05-19 07:55:27.855028+00	2026-05-19 07:55:27.855028+00
66e171bc-036b-4b2f-948e-36766c844a5e	CT_HCM548PCBSC24_R	711849422736068610	equipment_model	fadd3b82-156e-49a2-a829-ab102d8975a7	\N	\N	0	f	2026-05-19 07:55:27.855028+00	2026-05-19 07:55:27.855028+00
6b33550c-d36f-44c7-a4c1-b99f3688f9e0	Packing_06	707121976363192320	equipment_model	fadd3b82-156e-49a2-a829-ab102d8975a7	\N	\N	0	f	2026-05-06 06:50:11.27645+00	2026-05-06 06:50:11.27645+00
6bd96962-1634-428b-9dee-200d609566b3	CT_TWNF09_14B	711849422853509121	equipment_model	fadd3b82-156e-49a2-a829-ab102d8975a7	\N	\N	0	f	2026-05-19 07:55:27.855028+00	2026-05-19 07:55:27.855028+00
6c2879bb-57ac-4193-a0ed-76b0473643f5	Packing_03	707121975994093568	equipment_model	fadd3b82-156e-49a2-a829-ab102d8975a7	\N	\N	0	f	2026-05-06 06:50:11.27645+00	2026-05-06 06:50:11.27645+00
6d0ac676-52af-4619-99a6-731fe2ae31d4	CT_HOUCCSIOBSC	711834115921416192	equipment_model	fadd3b82-156e-49a2-a829-ab102d8975a7	\N	\N	0	f	2026-05-19 06:54:38.469855+00	2026-05-19 06:54:38.469855+00
6d36b1cc-bb01-46c5-8234-9faa81502f85	VT_X750	706705080463659008	equipment_model	fadd3b82-156e-49a2-a829-ab102d8975a7	\N	\N	0	f	2026-05-05 03:13:36.72587+00	2026-05-05 03:13:36.72587+00
6decf66a-397c-4cd0-89f4-ada32fffd9fd	CT_HCM548HM_R	711849422723485698	equipment_model	fadd3b82-156e-49a2-a829-ab102d8975a7	\N	\N	0	f	2026-05-19 07:55:27.855028+00	2026-05-19 07:55:27.855028+00
6e441a72-b292-4213-9f43-f08d32dfe821	CT_BNCZSCP	711849422597656576	equipment_model	fadd3b82-156e-49a2-a829-ab102d8975a7	\N	\N	0	f	2026-05-19 07:55:27.855028+00	2026-05-19 07:55:27.855028+00
7377c4d9-a8c3-4870-9064-d804f889ad0b	V810i_S2_XLT	711849422987726849	equipment_model	fadd3b82-156e-49a2-a829-ab102d8975a7	\N	\N	0	f	2026-05-19 07:55:27.855028+00	2026-05-19 07:55:27.855028+00
74ae760c-e0ea-4d6f-ae42-beae8a3394e5	SFG_DFL02	707520201045839872	equipment_model	fadd3b82-156e-49a2-a829-ab102d8975a7	\N	\N	0	f	2026-05-07 09:12:34.571504+00	2026-05-07 09:12:34.571504+00
764311be-93c3-47a9-b0f7-689f361cf140	CT_HCM548ZPRL_R	711849422761234437	equipment_model	fadd3b82-156e-49a2-a829-ab102d8975a7	\N	\N	0	f	2026-05-19 07:55:27.855028+00	2026-05-19 07:55:27.855028+00
772ce86b-b312-4844-b256-3428cc22791a	CT_HBNCZTC	706705079725461504	equipment_model	fadd3b82-156e-49a2-a829-ab102d8975a7	\N	\N	0	f	2026-05-05 03:13:36.72587+00	2026-05-05 03:13:36.72587+00
7a40e99a-3e1b-424f-9e7a-10eecd40051f	E01_Fiber_Tray	706705079805153280	equipment_model	fadd3b82-156e-49a2-a829-ab102d8975a7	\N	\N	0	f	2026-05-05 03:13:36.72587+00	2026-05-05 03:13:36.72587+00
7be1bdf8-600f-4bf8-96be-712d111303f0	CT_HOUM548TPSL_R	711849422828343301	equipment_model	fadd3b82-156e-49a2-a829-ab102d8975a7	\N	\N	0	f	2026-05-19 07:55:27.855028+00	2026-05-19 07:55:27.855028+00
7bf753d8-8dfa-4b61-bbdb-c5acbe7e558f	CT_1055	711849422559907841	equipment_model	fadd3b82-156e-49a2-a829-ab102d8975a7	\N	\N	0	f	2026-05-19 07:55:27.855028+00	2026-05-19 07:55:27.855028+00
7d64cd6b-ac62-44bc-9527-69576b90bd15	Panasonic_NPM_W2	711849422924812288	equipment_model	fadd3b82-156e-49a2-a829-ab102d8975a7	\N	\N	0	f	2026-05-19 07:55:27.855028+00	2026-05-19 07:55:27.855028+00
7d8bb5fe-8322-4089-9dac-4966de717d8d	Fibertray	707124120218767360	equipment_model	fadd3b82-156e-49a2-a829-ab102d8975a7	\N	\N	0	f	2026-05-06 06:58:42.47232+00	2026-05-06 06:58:42.47232+00
7dfb83ad-1ec0-4ad9-8815-4af2b7ae6aea	Default_Line_Type	Default_Line_Type	line_type	a8e4232d-6c8c-44d5-a590-5092cf4a57a5	默认线体类型	\N	0	f	2026-05-05 02:42:06.17106+00	2026-05-05 02:42:06.17106+00
7f0be4c8-58ee-4e96-9f70-84ba5bc3ab99	CT_HST_Pack_Trolley	711833447642959872	equipment_model	fadd3b82-156e-49a2-a829-ab102d8975a7	\N	\N	0	f	2026-05-19 06:51:59.123683+00	2026-05-19 06:51:59.123683+00
7f6ad767-b63e-4c77-a7e5-a17628807c4e	CT_HOP9LSSJ_D2	711838381239177217	equipment_model	fadd3b82-156e-49a2-a829-ab102d8975a7	\N	\N	0	f	2026-05-19 07:11:35.399963+00	2026-05-19 07:11:35.399963+00
7ffb38e2-599e-405d-8586-33eebd7f6627	CT_HOP9PCBZZJ	711849422769623040	equipment_model	fadd3b82-156e-49a2-a829-ab102d8975a7	\N	\N	0	f	2026-05-19 07:55:27.855028+00	2026-05-19 07:55:27.855028+00
8120b127-e25f-47c1-a607-d51f828ffd27	SFG_IGR	707520201100365824	equipment_model	fadd3b82-156e-49a2-a829-ab102d8975a7	\N	\N	0	f	2026-05-07 09:12:34.571504+00	2026-05-07 09:12:34.571504+00
8128cfac-b457-4d0b-8fd6-672e74184064	CT_HST_PACK_TARGAOI	711833447638765568	equipment_model	fadd3b82-156e-49a2-a829-ab102d8975a7	\N	\N	0	f	2026-05-19 06:51:59.123683+00	2026-05-19 06:51:59.123683+00
81c6264d-dd84-4efa-89a0-89529bd05ab8	CT_HCM548CNTSC12	711849422698319876	equipment_model	fadd3b82-156e-49a2-a829-ab102d8975a7	\N	\N	0	f	2026-05-19 07:55:27.855028+00	2026-05-19 07:55:27.855028+00
81fbabac-eaba-4f3c-9f64-8c8fb1927647	L_SMT_Bianca_Xray	714378653940584448	line_model	7dfb83ad-1ec0-4ad9-8815-4af2b7ae6aea	\N	\N	0	f	2026-05-26 07:25:31.427188+00	2026-05-26 07:25:31.427188+00
82928855-5d8a-4132-8b6a-4c5094c3e6fa	MPOMMCVFI	707124120529145856	equipment_model	fadd3b82-156e-49a2-a829-ab102d8975a7	\N	\N	0	f	2026-05-06 06:58:42.47232+00	2026-05-06 06:58:42.47232+00
83cba01c-4b6b-4475-b2bc-f7d6e73f52a5	CT_HCM548BSSC20_R	711849422698319872	equipment_model	fadd3b82-156e-49a2-a829-ab102d8975a7	\N	\N	0	f	2026-05-19 07:55:27.855028+00	2026-05-19 07:55:27.855028+00
856072d7-7ea0-44fc-adbd-9a32b07ceeb6	Spring_Clip	707518787703803904	equipment_model	fadd3b82-156e-49a2-a829-ab102d8975a7	\N	\N	0	f	2026-05-07 09:06:57.268981+00	2026-05-07 09:06:57.268981+00
85675bbc-6569-4444-87a1-a9382045efa4	E01_1AOIScrewFasten	707124119774171136	equipment_model	fadd3b82-156e-49a2-a829-ab102d8975a7	\N	\N	0	f	2026-05-06 06:58:42.47232+00	2026-05-06 06:58:42.47232+00
85923f87-67e4-4d1b-8e80-763cfe51ec99	CT_TWNF10_08_00	711838381276925952	equipment_model	fadd3b82-156e-49a2-a829-ab102d8975a7	\N	\N	0	f	2026-05-19 07:11:35.399963+00	2026-05-19 07:11:35.399963+00
8618c850-0407-47b3-b467-aa05c0964fa5	CT_HCM548PCBSC24	711849422731874308	equipment_model	fadd3b82-156e-49a2-a829-ab102d8975a7	\N	\N	0	f	2026-05-19 07:55:27.855028+00	2026-05-19 07:55:27.855028+00
8774bda2-4336-4eea-ad9d-aeba52ed9691	TR7500L_SIII	706705080262332416	equipment_model	fadd3b82-156e-49a2-a829-ab102d8975a7	\N	\N	0	f	2026-05-05 03:13:36.72587+00	2026-05-05 03:13:36.72587+00
890d5e88-4767-4750-b378-27776007b78f	PG548_TEST_RACK	711849422916423680	equipment_model	fadd3b82-156e-49a2-a829-ab102d8975a7	\N	\N	0	f	2026-05-19 07:55:27.855028+00	2026-05-19 07:55:27.855028+00
89488ee6-b912-45c1-88ee-03b58f1bdd30	CT_HBNCZSIOB	711849422668959744	equipment_model	fadd3b82-156e-49a2-a829-ab102d8975a7	\N	\N	0	f	2026-05-19 07:55:27.855028+00	2026-05-19 07:55:27.855028+00
89e137c6-0632-441b-9937-5b61272c0121	Shuttle_1T	712630567895568388	equipment_model	fadd3b82-156e-49a2-a829-ab102d8975a7	\N	\N	0	f	2026-05-21 11:39:27.413971+00	2026-05-21 11:39:27.413971+00
8a15c0f5-e8a2-42b8-80e5-051728eb4840	r_S330IN_LINE_SL_XL	711849423004504066	equipment_model	fadd3b82-156e-49a2-a829-ab102d8975a7	\N	\N	0	f	2026-05-19 07:55:27.855028+00	2026-05-19 07:55:27.855028+00
8a8fdb5b-fc93-4d16-a43a-7ad64a1a406e	SWT_200A	711849422945783812	equipment_model	fadd3b82-156e-49a2-a829-ab102d8975a7	\N	\N	0	f	2026-05-19 07:55:27.855028+00	2026-05-19 07:55:27.855028+00
8ab4ac41-569b-45a2-aab4-cc4a8270d177	CT_BNCZMYZJ_02	711849422589267972	equipment_model	fadd3b82-156e-49a2-a829-ab102d8975a7	\N	\N	0	f	2026-05-19 07:55:27.855028+00	2026-05-19 07:55:27.855028+00
8adeecf3-a6c5-419a-9997-0e5fde57d005	PG548_TEST_TRAY	711849422916423684	equipment_model	fadd3b82-156e-49a2-a829-ab102d8975a7	\N	\N	0	f	2026-05-19 07:55:27.855028+00	2026-05-19 07:55:27.855028+00
8b066395-7a38-4a54-b85a-bf5eaf327b87	CT_HOUCCSSLYZ	711834115933999104	equipment_model	fadd3b82-156e-49a2-a829-ab102d8975a7	\N	\N	0	f	2026-05-19 06:54:38.469855+00	2026-05-19 06:54:38.469855+00
8bc2c453-b232-4717-ad02-ecaa5200c38a	CT_TWNF09_14	711849422849314817	equipment_model	fadd3b82-156e-49a2-a829-ab102d8975a7	\N	\N	0	f	2026-05-19 07:55:27.855028+00	2026-05-19 07:55:27.855028+00
8ccff300-1b90-4041-b5ff-bce16995a0c3	CT_HOUCCSPCBSC	711834115925610497	equipment_model	fadd3b82-156e-49a2-a829-ab102d8975a7	\N	\N	0	f	2026-05-19 06:54:38.469855+00	2026-05-19 06:54:38.469855+00
8e058c6f-aef0-4c3d-89e7-35d64f72f5aa	E05_BOTTOMPLATE	707124120122298368	equipment_model	fadd3b82-156e-49a2-a829-ab102d8975a7	\N	\N	0	f	2026-05-06 06:58:42.47232+00	2026-05-06 06:58:42.47232+00
8e3ecd43-650b-4b95-9a38-303de2ea8fc9	Front_FA	707520200613826560	equipment_model	fadd3b82-156e-49a2-a829-ab102d8975a7	\N	\N	0	f	2026-05-07 09:12:34.571504+00	2026-05-07 09:12:34.571504+00
8eb3e55f-1805-477a-8258-0e5ea202c7c9	CT_TWNF09_15_Magazine	711849422861897728	equipment_model	fadd3b82-156e-49a2-a829-ab102d8975a7	\N	\N	0	f	2026-05-19 07:55:27.855028+00	2026-05-19 07:55:27.855028+00
8f5072b2-91b8-4ed3-ad81-859d1ab50c62	roll_02	707121977176887296	equipment_model	fadd3b82-156e-49a2-a829-ab102d8975a7	\N	\N	0	f	2026-05-06 06:50:11.27645+00	2026-05-06 06:50:11.27645+00
8fa7060a-657f-4c89-a7b8-2a25d6e2138f	E02_TOPELSFP	707124119992274944	equipment_model	fadd3b82-156e-49a2-a829-ab102d8975a7	\N	\N	0	f	2026-05-06 06:58:42.47232+00	2026-05-06 06:58:42.47232+00
90011644-a7d4-4b3d-bd97-5d9fe0b81e3b	CT_SORTROLLB	712840848374501376	equipment_model	fadd3b82-156e-49a2-a829-ab102d8975a7	\N	\N	0	f	2026-05-22 01:35:02.194805+00	2026-05-22 01:35:02.194805+00
909d9aef-41b7-4bff-b4a7-80f8f2be6105	FL_1500L	711849422874480645	equipment_model	fadd3b82-156e-49a2-a829-ab102d8975a7	\N	\N	0	f	2026-05-19 07:55:27.855028+00	2026-05-19 07:55:27.855028+00
90aaaa9b-4859-41a3-b03b-cd7b6d6a86ad	CT_HBNCZMBUF	711849422639599618	equipment_model	fadd3b82-156e-49a2-a829-ab102d8975a7	\N	\N	0	f	2026-05-19 07:55:27.855028+00	2026-05-19 07:55:27.855028+00
90ae5e0c-b16e-4511-a8ac-03a8839ae397	orchid_sfg_px9oe_b00_asm	707518788156788736	equipment_model	fadd3b82-156e-49a2-a829-ab102d8975a7	\N	\N	0	f	2026-05-07 09:06:57.268981+00	2026-05-07 09:06:57.268981+00
90db598d-7484-45f6-b0e3-ffe1ce4c052e	CT_HBNCZMLD	711849422647988228	equipment_model	fadd3b82-156e-49a2-a829-ab102d8975a7	\N	\N	0	f	2026-05-19 07:55:27.855028+00	2026-05-19 07:55:27.855028+00
92267238-5c68-44bf-a05f-5c375fbd261c	roll_04	707121977290133504	equipment_model	fadd3b82-156e-49a2-a829-ab102d8975a7	\N	\N	0	f	2026-05-06 06:50:11.27645+00	2026-05-06 06:50:11.27645+00
934843bb-83d9-4235-b100-83275dbfa64d	E01_Flippingtray004	707124119962914816	equipment_model	fadd3b82-156e-49a2-a829-ab102d8975a7	\N	\N	0	f	2026-05-06 06:58:42.47232+00	2026-05-06 06:58:42.47232+00
9375c7ac-4b36-4c7d-a5c5-2c7e0d072c2d	PG548_GB300_Magazine_0910	711849422912229377	equipment_model	fadd3b82-156e-49a2-a829-ab102d8975a7	\N	\N	0	f	2026-05-19 07:55:27.855028+00	2026-05-19 07:55:27.855028+00
945a35c4-cbcf-404a-b8c3-8ae9c2d89947	Remove_Screws_Flip	707518787041103872	equipment_model	fadd3b82-156e-49a2-a829-ab102d8975a7	\N	\N	0	f	2026-05-07 09:06:57.268981+00	2026-05-07 09:06:57.268981+00
95a90d49-3f3d-449e-80f6-1f7ad54cbce9	CT_SORTROLLER	712840848378695682	equipment_model	fadd3b82-156e-49a2-a829-ab102d8975a7	\N	\N	0	f	2026-05-22 01:35:02.194805+00	2026-05-22 01:35:02.194805+00
95b4c6d5-7cf5-4efd-ab60-95b927394652	Packing_08	707121976740679680	equipment_model	fadd3b82-156e-49a2-a829-ab102d8975a7	\N	\N	0	f	2026-05-06 06:50:11.27645+00	2026-05-06 06:50:11.27645+00
96f9f986-e715-4468-b170-435c8647bf57	IJETC7L	IJETC7L	equipment_model	fadd3b82-156e-49a2-a829-ab102d8975a7	IJETC7L	\N	0	f	2026-05-05 03:13:36.72587+00	2026-05-16 10:52:15.281812+00
97c3eb6f-1369-40bf-b197-542f0a5790be	Table	706705080329441280	equipment_model	fadd3b82-156e-49a2-a829-ab102d8975a7	\N	\N	0	f	2026-05-05 03:13:36.72587+00	2026-05-05 03:13:36.72587+00
9a0a68aa-d07e-4627-b262-73e173d5bd2c	CT_HCM548DRJ2_R	711849422710902784	equipment_model	fadd3b82-156e-49a2-a829-ab102d8975a7	\N	\N	0	f	2026-05-19 07:55:27.855028+00	2026-05-19 07:55:27.855028+00
9c2d1afd-53e7-4dfc-82d7-fdb9302160ae	CT_HCM548TS1	711849422744457220	equipment_model	fadd3b82-156e-49a2-a829-ab102d8975a7	\N	\N	0	f	2026-05-19 07:55:27.855028+00	2026-05-19 07:55:27.855028+00
9d6ed249-52e0-4aa0-b4f8-e7371635e8da	FCCATM_H100	706705079872262144	equipment_model	47ce96f7-a6ed-494d-b109-b30982575720	\N	\N	0	f	2026-05-05 03:13:36.72587+00	2026-05-27 06:25:02.949337+00
9e2065ca-5958-4fd7-8bf0-de46e15456b9	MEP_8TL	711849422895452163	equipment_model	fadd3b82-156e-49a2-a829-ab102d8975a7	\N	\N	0	f	2026-05-19 07:55:27.855028+00	2026-05-19 07:55:27.855028+00
9f57032a-4544-42ed-a27b-c4e7c65fac0e	HVC_300	711849422882869252	equipment_model	fadd3b82-156e-49a2-a829-ab102d8975a7	\N	\N	0	f	2026-05-19 07:55:27.855028+00	2026-05-19 07:55:27.855028+00
a172dc4a-2530-4e4a-a97a-147f4446e029	CT_HOPBAOI	711833447563268096	equipment_model	fadd3b82-156e-49a2-a829-ab102d8975a7	\N	\N	0	f	2026-05-19 06:51:59.123683+00	2026-05-19 06:51:59.123683+00
a1a61536-c5f2-4f94-8ca2-de107bebb162	TR7700L_SIII	711849422962561027	equipment_model	fadd3b82-156e-49a2-a829-ab102d8975a7	\N	\N	0	f	2026-05-19 07:55:27.855028+00	2026-05-19 07:55:27.855028+00
a29dac01-daf5-4e19-a4ae-25406638d8a3	FPC_Assembly	707520200395722752	equipment_model	fadd3b82-156e-49a2-a829-ab102d8975a7	\N	\N	0	f	2026-05-07 09:12:34.571504+00	2026-05-07 09:12:34.571504+00
a2ed2777-3ed6-4366-bed8-6aed4ae8ef85	CT_HOP9LSSJ_M	711838381243371524	equipment_model	fadd3b82-156e-49a2-a829-ab102d8975a7	\N	\N	0	f	2026-05-19 07:11:35.399963+00	2026-05-19 07:11:35.399963+00
a2f7a33a-c25c-4557-8dc8-acc3b7c4876a	CT_HCM548TS1_Buffer	711849422748651522	equipment_model	fadd3b82-156e-49a2-a829-ab102d8975a7	\N	\N	0	f	2026-05-19 07:55:27.855028+00	2026-05-19 07:55:27.855028+00
a36efc11-06cb-486e-824d-4e92bbac20a0	LCD_VI_45L	711849422891257856	equipment_model	fadd3b82-156e-49a2-a829-ab102d8975a7	\N	\N	0	f	2026-05-19 07:55:27.855028+00	2026-05-19 07:55:27.855028+00
a3c4e45a-d189-459e-9900-856a0b140a32	packingpan	707121977072029696	equipment_model	fadd3b82-156e-49a2-a829-ab102d8975a7	\N	\N	0	f	2026-05-06 06:50:11.27645+00	2026-05-06 06:50:11.27645+00
a42d312c-a794-4ec6-9f50-221e344ea8b9	JET8800TB27	706705080056811520	equipment_model	47ce96f7-a6ed-494d-b109-b30982575720	\N	\N	0	f	2026-05-05 03:13:36.72587+00	2026-05-27 06:25:14.873214+00
a5aab84a-4c22-411c-a9dd-400c92b1c137	E04_BOTTOMELSFP	707124120092938240	equipment_model	fadd3b82-156e-49a2-a829-ab102d8975a7	\N	\N	0	f	2026-05-06 06:58:42.47232+00	2026-05-06 06:58:42.47232+00
a7467932-23c6-4422-82c6-9e13e7ad8aeb	S2_900	711849422929006593	equipment_model	fadd3b82-156e-49a2-a829-ab102d8975a7	\N	\N	0	f	2026-05-19 07:55:27.855028+00	2026-05-19 07:55:27.855028+00
a7d53a4f-7f33-4bdb-809e-7113f025a493	CS_MIDDLE	707124119694479360	equipment_model	fadd3b82-156e-49a2-a829-ab102d8975a7	\N	\N	0	f	2026-05-06 06:58:42.47232+00	2026-05-06 06:58:42.47232+00
a8e4232d-6c8c-44d5-a590-5092cf4a57a5	Default Library	Default Library	process	\N	Default 资产库 ，这里可以，用于临时存储上传的文件	thumbnails/default_process_thumbnail_picture.png	0	f	2026-04-30 09:57:38.293836+00	2026-05-16 10:04:19.110152+00
a938b627-0c69-4039-a458-b78ba94cd1f1	CT_HOUM548PCB	711849422815760387	equipment_model	fadd3b82-156e-49a2-a829-ab102d8975a7	\N	\N	0	f	2026-05-19 07:55:27.855028+00	2026-05-19 07:55:27.855028+00
aa992baa-e013-43e9-874f-29d24f989795	CT_BNCZMTC	711849422585073665	equipment_model	fadd3b82-156e-49a2-a829-ab102d8975a7	\N	\N	0	f	2026-05-19 07:55:27.855028+00	2026-05-19 07:55:27.855028+00
aae04254-9b50-48dd-a43a-5ee790af7bef	CT_BNCZSM2	711849422618628097	equipment_model	fadd3b82-156e-49a2-a829-ab102d8975a7	\N	\N	0	f	2026-05-19 07:55:27.855028+00	2026-05-19 07:55:27.855028+00
ab0e23d9-14c9-40af-87e1-bce72221164f	CT_HBNCZMCVRG	711849422647988224	equipment_model	fadd3b82-156e-49a2-a829-ab102d8975a7	\N	\N	0	f	2026-05-19 07:55:27.855028+00	2026-05-19 07:55:27.855028+00
abe46bd9-58dd-47cb-b3b0-54318be003a8	L_MBD_MMC_2	707521489519251456	line_model	7dfb83ad-1ec0-4ad9-8815-4af2b7ae6aea	\N	\N	0	f	2026-05-07 09:17:38.945902+00	2026-05-07 09:17:38.945902+00
ad8b5d36-640e-47b9-a4d2-ed380aebd653	CT_HCM548ZPRL	711849422761234433	equipment_model	fadd3b82-156e-49a2-a829-ab102d8975a7	\N	\N	0	f	2026-05-19 07:55:27.855028+00	2026-05-19 07:55:27.855028+00
ade2afb8-ffd5-4748-92f7-b0e755bed34d	PCB_BOARD_AOI	707518785925419008	equipment_model	fadd3b82-156e-49a2-a829-ab102d8975a7	\N	\N	0	f	2026-05-07 09:06:57.268981+00	2026-05-07 09:06:57.268981+00
afa69acf-e0fb-403b-9d30-f44a0ed6c13b	L_MBD_6S	706699739118178304	line_model	7dfb83ad-1ec0-4ad9-8815-4af2b7ae6aea	\N	\N	0	f	2026-05-05 02:52:22.686573+00	2026-05-05 02:52:22.686573+00
b033787a-394f-492d-8b2c-7ad484a1c8e8	Table_ManualWork	711849422983532544	equipment_model	fadd3b82-156e-49a2-a829-ab102d8975a7	\N	\N	0	f	2026-05-19 07:55:27.855028+00	2026-05-19 07:55:27.855028+00
b0671be9-b4f0-4919-abe9-78d2c6e46e9f	MMC	707124120466231296	equipment_model	fadd3b82-156e-49a2-a829-ab102d8975a7	\N	\N	0	f	2026-05-06 06:58:42.47232+00	2026-05-06 06:58:42.47232+00
b0bb68ff-b1cd-4f8d-802a-5e856597b1dc	CT_BNCZSYZ	711849422635405312	equipment_model	fadd3b82-156e-49a2-a829-ab102d8975a7	\N	\N	0	f	2026-05-19 07:55:27.855028+00	2026-05-19 07:55:27.855028+00
b1caeff9-df07-4ce6-854c-76c6f175a12c	Packing_02	707121975885041664	equipment_model	fadd3b82-156e-49a2-a829-ab102d8975a7	\N	\N	0	f	2026-05-06 06:50:11.27645+00	2026-05-06 06:50:11.27645+00
b6845b1e-c1b4-4e7f-9974-baa2b202792a	CT_HCM548FM23	711849422710902788	equipment_model	fadd3b82-156e-49a2-a829-ab102d8975a7	\N	\N	0	f	2026-05-19 07:55:27.855028+00	2026-05-19 07:55:27.855028+00
b9241298-9fc3-459b-b48c-c00640e53d30	XB_OTS_1300L	711849422991921152	equipment_model	fadd3b82-156e-49a2-a829-ab102d8975a7	\N	\N	0	f	2026-05-19 07:55:27.855028+00	2026-05-19 07:55:27.855028+00
b9664da6-4c1a-420d-81d0-0ebb3a49f58b	TR_8100_LV	711849422979338240	equipment_model	fadd3b82-156e-49a2-a829-ab102d8975a7	\N	\N	0	f	2026-05-19 07:55:27.855028+00	2026-05-19 07:55:27.855028+00
b9b540c6-bbef-4a39-b0c1-56ff26f1e360	BoardLoading_PCBA	707518785380159488	equipment_model	fadd3b82-156e-49a2-a829-ab102d8975a7	\N	\N	0	f	2026-05-07 09:06:57.268981+00	2026-05-07 09:06:57.268981+00
bab7d868-d34f-4c90-beb9-5f3a855daf48	CT_HCM548YH11	711849422752845828	equipment_model	fadd3b82-156e-49a2-a829-ab102d8975a7	\N	\N	0	f	2026-05-19 07:55:27.855028+00	2026-05-19 07:55:27.855028+00
bba2a0ca-8842-40bb-839d-1ffe74b1f27f	CT_HOUCCSYZ_2	711834115938193413	equipment_model	fadd3b82-156e-49a2-a829-ab102d8975a7	\N	\N	0	f	2026-05-19 06:54:38.469855+00	2026-05-19 06:54:38.469855+00
be33bb18-a93f-411d-8fae-6cf5a7bddf0e	HOTFLOW_3_26_XL	711849422882869248	equipment_model	fadd3b82-156e-49a2-a829-ab102d8975a7	\N	\N	0	f	2026-05-19 07:55:27.855028+00	2026-05-19 07:55:27.855028+00
bfa41729-cb45-4b58-82f1-5c245656773b	L_MBD_PACKING01	707521499749158912	line_model	7dfb83ad-1ec0-4ad9-8815-4af2b7ae6aea	\N	\N	0	f	2026-05-07 09:17:38.945902+00	2026-05-07 09:17:38.945902+00
bfcc681e-fa41-4404-a648-218159dbb5ac	CT_HOUM548DRJ2	711849422803177472	equipment_model	fadd3b82-156e-49a2-a829-ab102d8975a7	\N	\N	0	f	2026-05-19 07:55:27.855028+00	2026-05-19 07:55:27.855028+00
bff06457-4fdc-413c-97b3-fea109c4c381	CT_BNCZMCVF	711849422572490754	equipment_model	fadd3b82-156e-49a2-a829-ab102d8975a7	\N	\N	0	f	2026-05-19 07:55:27.855028+00	2026-05-19 07:55:27.855028+00
c0daaf58-e928-460d-b4b6-f599d5f2ad56	LZ2404013_02_00A	711849422891257860	equipment_model	fadd3b82-156e-49a2-a829-ab102d8975a7	\N	\N	0	f	2026-05-19 07:55:27.855028+00	2026-05-19 07:55:27.855028+00
c23f6517-1224-4297-92bd-a1dbd64b09af	CT_HOP_Stacking	711833447634571266	equipment_model	fadd3b82-156e-49a2-a829-ab102d8975a7	\N	\N	0	f	2026-05-19 06:51:59.123683+00	2026-05-19 06:51:59.123683+00
c2948ac4-6008-41fd-a7fe-530f1732d94b	Injection Molding	Injection Molding	process	\N	Injection Molding 注塑制程	thumbnails/default_process_thumbnail_picture.png	0	f	2026-06-01 06:22:52.409662+00	2026-06-01 06:22:52.409662+00
c40e332e-1900-4497-a216-e00e8535fdf7	TR7700QE_DL	711849422966755329	equipment_model	fadd3b82-156e-49a2-a829-ab102d8975a7	\N	\N	0	f	2026-05-19 07:55:27.855028+00	2026-05-19 07:55:27.855028+00
c66f6b2a-e65e-4ce9-862f-f4228f4819db	SPI_FAG_OWL	706705080207806464	equipment_model	47ce96f7-a6ed-494d-b109-b30982575720	\N	\N	0	f	2026-05-05 03:13:36.72587+00	2026-05-28 06:02:47.759367+00
c7c598a7-dfaa-4b2c-a3e5-c30eaa2e91d3	CT_BNCZMYZJ	711849422589267968	equipment_model	fadd3b82-156e-49a2-a829-ab102d8975a7	\N	\N	0	f	2026-05-19 07:55:27.855028+00	2026-05-19 07:55:27.855028+00
c810dd88-8b75-4335-9496-49d06a3fc62f	Packing_05	707121976300277760	equipment_model	fadd3b82-156e-49a2-a829-ab102d8975a7	\N	\N	0	f	2026-05-06 06:50:11.27645+00	2026-05-06 06:50:11.27645+00
c8111493-51d9-4b26-8abf-d29bc2ec7669	L_SH_VR	707521514110455808	line_model	7dfb83ad-1ec0-4ad9-8815-4af2b7ae6aea	\N	\N	0	t	2026-05-07 09:17:38.945902+00	2026-05-08 01:18:42.230413+00
c9838014-ebea-4165-9366-57734c60682c	E01_6S_SEMIFINISHED_PRODUCTCSMTray003	707124119916777472	equipment_model	fadd3b82-156e-49a2-a829-ab102d8975a7	\N	\N	0	f	2026-05-06 06:58:42.47232+00	2026-05-06 06:58:42.47232+00
ca0605e8-31b6-4edc-8c83-f1a38a5dbc1b	CT_HOP9SLJ	711838381251760128	equipment_model	fadd3b82-156e-49a2-a829-ab102d8975a7	\N	\N	0	f	2026-05-19 07:11:35.399963+00	2026-05-19 07:11:35.399963+00
cb3101dd-9a49-4332-a38d-35c00d131698	SPC6_CPO_ASSEMBLY	707124120583671808	equipment_model	fadd3b82-156e-49a2-a829-ab102d8975a7	\N	\N	0	f	2026-05-06 06:58:42.47232+00	2026-05-06 06:58:42.47232+00
cbcf45e0-cbfe-4287-bb2a-0cbf8460f6f5	CT_HOUCCSHMF	711834115917221889	equipment_model	fadd3b82-156e-49a2-a829-ab102d8975a7	\N	\N	0	f	2026-05-19 06:54:38.469855+00	2026-05-19 06:54:38.469855+00
cc046971-c440-4c9a-9992-eddd195a801d	Packing_09	707121976786817024	equipment_model	fadd3b82-156e-49a2-a829-ab102d8975a7	\N	\N	0	f	2026-05-06 06:50:11.27645+00	2026-05-06 06:50:11.27645+00
cc5ebc88-b6f4-4d67-8134-d64f3cc5b8b7	Fuzion_OF1_14	711849422878674946	equipment_model	fadd3b82-156e-49a2-a829-ab102d8975a7	\N	\N	0	f	2026-05-19 07:55:27.855028+00	2026-05-19 07:55:27.855028+00
cc7c2c5a-cf10-4eb1-98fe-9f07bb17cab7	YWD_400	711849422996115457	equipment_model	fadd3b82-156e-49a2-a829-ab102d8975a7	\N	\N	0	f	2026-05-19 07:55:27.855028+00	2026-05-19 07:55:27.855028+00
ce2d039e-6e01-4890-bd31-b78d61052629	20241_Du	711849422534742016	equipment_model	fadd3b82-156e-49a2-a829-ab102d8975a7	\N	\N	0	f	2026-05-19 07:55:27.855028+00	2026-05-19 07:55:27.855028+00
cfbba53e-1d17-438e-a663-788575580f15	Hand_Table_6MM	706705079993896960	equipment_model	fadd3b82-156e-49a2-a829-ab102d8975a7	\N	\N	0	f	2026-05-05 03:13:36.72587+00	2026-05-05 03:13:36.72587+00
d0998a62-f74d-4f15-a774-82c482e080c2	CT_BNCZSBP	711849422593462274	equipment_model	fadd3b82-156e-49a2-a829-ab102d8975a7	\N	\N	0	f	2026-05-19 07:55:27.855028+00	2026-05-19 07:55:27.855028+00
d10e8b8a-2455-40c8-a10f-c9ff8367c1a1	ELSFP	707124120176824320	equipment_model	fadd3b82-156e-49a2-a829-ab102d8975a7	\N	\N	0	f	2026-05-06 06:58:42.47232+00	2026-05-06 06:58:42.47232+00
d2aaae22-34b1-4744-898d-720065862ae7	CT_HCM548PCB10	711849422727680001	equipment_model	fadd3b82-156e-49a2-a829-ab102d8975a7	\N	\N	0	f	2026-05-19 07:55:27.855028+00	2026-05-19 07:55:27.855028+00
d2af78df-fdfd-4ded-abe1-6f02c0226b29	CT_TWNF10_09_00	711849422870286336	equipment_model	fadd3b82-156e-49a2-a829-ab102d8975a7	\N	\N	0	f	2026-05-19 07:55:27.855028+00	2026-05-19 07:55:27.855028+00
d2b7c5c6-90f0-404c-887c-baf3c549a285	CT_BNCCM	711849422564102144	equipment_model	fadd3b82-156e-49a2-a829-ab102d8975a7	\N	\N	0	f	2026-05-19 07:55:27.855028+00	2026-05-19 07:55:27.855028+00
d2ff0103-d506-45bf-bc97-85b7bc00fe74	SMT Library	SMT Library	process	\N	SMT 资产库	thumbnails/20260517-default_equipment_thumbnail_picture.png	0	f	2026-04-30 09:56:58.110563+00	2026-05-17 08:55:52.238344+00
d374407f-17eb-43bc-ad53-cc9e17dbe830	CT_HOPBHM_C	711833447617794049	equipment_model	fadd3b82-156e-49a2-a829-ab102d8975a7	\N	\N	0	f	2026-05-19 06:51:59.123683+00	2026-05-19 06:51:59.123683+00
d3a5f1cb-163c-4587-895e-b3071b5127f9	CT_TWNF10_07_A00_09	711849422861897732	equipment_model	fadd3b82-156e-49a2-a829-ab102d8975a7	\N	\N	0	f	2026-05-19 07:55:27.855028+00	2026-05-19 07:55:27.855028+00
d3cae623-01d8-4a96-9ca3-3206fbc8bcaa	Assembly Library	Assembly Library	process	\N	Assembly 资产库	thumbnails/20260517-default_line_thumbnail_picture.png	0	f	2026-04-30 09:57:15.571438+00	2026-05-17 08:55:31.403438+00
d47b9c32-1430-4c1f-baea-2627d869b71b	CT_BNCZSCPSC1	711849422597656580	equipment_model	fadd3b82-156e-49a2-a829-ab102d8975a7	\N	\N	0	f	2026-05-19 07:55:27.855028+00	2026-05-19 07:55:27.855028+00
d4c7c31b-1985-4b40-97af-0168724deee4	FCCATMH100	707124120197795840	equipment_model	fadd3b82-156e-49a2-a829-ab102d8975a7	\N	\N	0	f	2026-05-06 06:58:42.47232+00	2026-05-06 06:58:42.47232+00
d57292bf-83c4-4431-83b3-c188bd44c87a	VT_360SAM_P	706705080396550144	equipment_model	fadd3b82-156e-49a2-a829-ab102d8975a7	\N	\N	0	f	2026-05-05 03:13:36.72587+00	2026-05-05 03:13:36.72587+00
d832319b-3fac-4eef-bd75-a22e1f1c0fc2	CT_HOPBHM_B	711833447613599748	equipment_model	fadd3b82-156e-49a2-a829-ab102d8975a7	\N	\N	0	f	2026-05-19 06:51:59.123683+00	2026-05-19 06:51:59.123683+00
d9864b9d-d76d-447e-af12-7923d9c6dce8	Spring_Clip_FPU	707518787963850752	equipment_model	fadd3b82-156e-49a2-a829-ab102d8975a7	\N	\N	0	f	2026-05-07 09:06:57.268981+00	2026-05-07 09:06:57.268981+00
dacf9a39-2a93-4176-8d1d-d36162ca13a8	CT_HCM548PCB10_R	711849422731874304	equipment_model	fadd3b82-156e-49a2-a829-ab102d8975a7	\N	\N	0	f	2026-05-19 07:55:27.855028+00	2026-05-19 07:55:27.855028+00
dae922f2-10dc-4682-8037-28fc84b9d253	CT_HOP9ZJJ	711838381260148736	equipment_model	fadd3b82-156e-49a2-a829-ab102d8975a7	\N	\N	0	f	2026-05-19 07:11:35.399963+00	2026-05-19 07:11:35.399963+00
db7e13bf-46cc-4563-b640-d0dbb63dd42a	E01_6S_FiberTray001	707124119841280000	equipment_model	fadd3b82-156e-49a2-a829-ab102d8975a7	\N	\N	0	f	2026-05-06 06:58:42.47232+00	2026-05-06 06:58:42.47232+00
dddaef54-09a0-40ff-8ec7-c24e5d554e02	CT_HOUM548FM	711849422811566080	equipment_model	fadd3b82-156e-49a2-a829-ab102d8975a7	\N	\N	0	f	2026-05-19 07:55:27.855028+00	2026-05-19 07:55:27.855028+00
de32ce7d-1363-4630-9fb3-3bc65757363b	packingbox	707121976853925888	equipment_model	fadd3b82-156e-49a2-a829-ab102d8975a7	\N	\N	0	f	2026-05-06 06:50:11.27645+00	2026-05-06 06:50:11.27645+00
de4c7399-c4c3-4411-87ee-6c440365451e	L_MBD_CS	707521514462777344	line_model	7dfb83ad-1ec0-4ad9-8815-4af2b7ae6aea	\N	\N	0	f	2026-05-07 09:17:38.945902+00	2026-05-07 09:17:38.945902+00
de959e84-d12d-464b-a6df-7f19f6bbb59d	CT_HBNCZLD	711849422635405316	equipment_model	fadd3b82-156e-49a2-a829-ab102d8975a7	\N	\N	0	f	2026-05-19 07:55:27.855028+00	2026-05-19 07:55:27.855028+00
df0310d2-9a19-414a-95ae-823f268c6c4a	CT_HBNCZSCPSC1	711849422660571139	equipment_model	fadd3b82-156e-49a2-a829-ab102d8975a7	\N	\N	0	f	2026-05-19 07:55:27.855028+00	2026-05-19 07:55:27.855028+00
df1370be-abf6-4c1a-88e5-d6fc083f533b	SGC_160B	711849422941589505	equipment_model	fadd3b82-156e-49a2-a829-ab102d8975a7	\N	\N	0	f	2026-05-19 07:55:27.855028+00	2026-05-19 07:55:27.855028+00
df59751b-1cfc-407d-94b1-91cb2d51263b	SIV_200	706705080178446336	equipment_model	47ce96f7-a6ed-494d-b109-b30982575720	\N	\N	0	f	2026-05-05 03:13:36.72587+00	2026-06-01 01:08:38.822735+00
e0c72a29-70ae-4859-840e-5bc442d2294e	L_SMT_HST	714378631882739712	line_model	7dfb83ad-1ec0-4ad9-8815-4af2b7ae6aea	\N	\N	0	f	2026-05-26 07:25:31.427188+00	2026-05-26 07:25:31.427188+00
e0cc8a92-71fe-4527-9cf4-a0e138f9626a	CT_HOPBMD	711833447621988354	equipment_model	fadd3b82-156e-49a2-a829-ab102d8975a7	\N	\N	0	f	2026-05-19 06:51:59.123683+00	2026-05-19 06:51:59.123683+00
e1aea183-c07f-4604-a675-db4ed78cc61d	CT_TWNF09_13	711849422845120512	equipment_model	fadd3b82-156e-49a2-a829-ab102d8975a7	\N	\N	0	f	2026-05-19 07:55:27.855028+00	2026-05-19 07:55:27.855028+00
e28b06d3-a90d-462c-9403-9d6de5670d95	CT_HOUM548TPSL_L	711849422828343297	equipment_model	fadd3b82-156e-49a2-a829-ab102d8975a7	\N	\N	0	f	2026-05-19 07:55:27.855028+00	2026-05-19 07:55:27.855028+00
e3a3951d-b5b7-4240-b425-da5277f420d8	CT_HOUCCSYZ_1	711834115938193409	equipment_model	fadd3b82-156e-49a2-a829-ab102d8975a7	\N	\N	0	f	2026-05-19 06:54:38.469855+00	2026-05-19 06:54:38.469855+00
e3d03fc3-783a-466e-8587-3de0207da665	AUI_4000L_D	711849422547324930	equipment_model	fadd3b82-156e-49a2-a829-ab102d8975a7	\N	\N	0	f	2026-05-19 07:55:27.855028+00	2026-05-19 07:55:27.855028+00
e45537e3-3df5-4606-b125-b1f9b619f751	E03_BRACKET	707124120030023680	equipment_model	fadd3b82-156e-49a2-a829-ab102d8975a7	\N	\N	0	f	2026-05-06 06:58:42.47232+00	2026-05-06 06:58:42.47232+00
e4d6881c-e696-4289-8e25-52431940dc8e	CT_HOUM548BS	711849422790594560	equipment_model	fadd3b82-156e-49a2-a829-ab102d8975a7	\N	\N	0	f	2026-05-19 07:55:27.855028+00	2026-05-19 07:55:27.855028+00
e5230e7e-0cfb-4771-8827-49cc1ae1dd84	CT_BNCZMLD	711849422580879362	equipment_model	fadd3b82-156e-49a2-a829-ab102d8975a7	\N	\N	0	f	2026-05-19 07:55:27.855028+00	2026-05-19 07:55:27.855028+00
e5f354fb-b7c3-407f-b808-0ff8e84bed15	SFG_DFL01	707520200953565184	equipment_model	fadd3b82-156e-49a2-a829-ab102d8975a7	\N	\N	0	f	2026-05-07 09:12:34.571504+00	2026-05-07 09:12:34.571504+00
e64040a3-1c9a-4592-b48a-820b34f71879	TR7700L_QE	706705080300081152	equipment_model	fadd3b82-156e-49a2-a829-ab102d8975a7	\N	\N	0	f	2026-05-05 03:13:36.72587+00	2026-05-05 03:13:36.72587+00
e66b3747-b1ec-4966-ace6-b68b197565d5	Test_Assy_Roller0248	711849422983532548	equipment_model	fadd3b82-156e-49a2-a829-ab102d8975a7	\N	\N	0	f	2026-05-19 07:55:27.855028+00	2026-05-19 07:55:27.855028+00
e701f103-52fa-4ef9-a0c6-61d67894be65	CT_BNCCSHMF	711849422568296452	equipment_model	fadd3b82-156e-49a2-a829-ab102d8975a7	\N	\N	0	f	2026-05-19 07:55:27.855028+00	2026-05-19 07:55:27.855028+00
eb668cdc-c24c-42ac-b1de-7880f0c92e96	TR8100_LV	711849422975143936	equipment_model	fadd3b82-156e-49a2-a829-ab102d8975a7	\N	\N	0	f	2026-05-19 07:55:27.855028+00	2026-05-19 07:55:27.855028+00
ebc6a762-b8d9-4099-bb42-327e9097ebba	roll_06	707121977407574016	equipment_model	fadd3b82-156e-49a2-a829-ab102d8975a7	\N	\N	0	f	2026-05-06 06:50:11.27645+00	2026-05-06 06:50:11.27645+00
ebe56f3d-13af-4f74-9a27-880c3bc4a954	E07_CSMTOPCOLLING	707124120151658496	equipment_model	fadd3b82-156e-49a2-a829-ab102d8975a7	\N	\N	0	f	2026-05-06 06:58:42.47232+00	2026-05-06 06:58:42.47232+00
ec4ad61e-bab2-44e8-a005-11c68b2c6a12	CT_SORTTABLE	707124119740616704	equipment_model	fadd3b82-156e-49a2-a829-ab102d8975a7	\N	\N	0	f	2026-05-06 06:58:42.47232+00	2026-05-06 06:58:42.47232+00
ed44f09f-8f74-4a68-90aa-cb3afc52a3f5	CT_BNCZMCV_01	711849422576685056	equipment_model	fadd3b82-156e-49a2-a829-ab102d8975a7	\N	\N	0	f	2026-05-19 07:55:27.855028+00	2026-05-19 07:55:27.855028+00
edeaade8-2eab-4573-bba5-6b886d2b1574	FSP_ScrewFastening	707520200500580352	equipment_model	fadd3b82-156e-49a2-a829-ab102d8975a7	\N	\N	0	f	2026-05-07 09:12:34.571504+00	2026-05-07 09:12:34.571504+00
ee411c96-91d8-4e22-be17-b0f2e0214bfd	CT_BNCZSCPSC2	711849422601850882	equipment_model	fadd3b82-156e-49a2-a829-ab102d8975a7	\N	\N	0	f	2026-05-19 07:55:27.855028+00	2026-05-19 07:55:27.855028+00
ef13b2c6-ff27-4fcf-922c-875683df7d00	CT_SORTCV	707124119715450880	equipment_model	fadd3b82-156e-49a2-a829-ab102d8975a7	\N	\N	0	f	2026-05-06 06:58:42.47232+00	2026-05-06 06:58:42.47232+00
ef2b4763-67ae-4910-ac89-78b0c2ec067d	Neo_180	711849422903840771	equipment_model	fadd3b82-156e-49a2-a829-ab102d8975a7	\N	\N	0	f	2026-05-19 07:55:27.855028+00	2026-05-19 07:55:27.855028+00
f20c0eb6-5deb-4c1b-b76a-72a4459f3eea	CT_SORTRT	712840848391278592	equipment_model	fadd3b82-156e-49a2-a829-ab102d8975a7	\N	\N	0	f	2026-05-22 01:35:02.194805+00	2026-05-22 01:35:02.194805+00
f21f9b22-24c8-49d8-bf0c-35426f305aa5	G_Ace500	706705079968731136	equipment_model	47ce96f7-a6ed-494d-b109-b30982575720	\N	\N	0	f	2026-05-05 03:13:36.72587+00	2026-06-01 01:08:32.514345+00
f42e4f2c-6183-4750-b63a-7b978adb7755	CT_HOPBWST	711833447626182656	equipment_model	fadd3b82-156e-49a2-a829-ab102d8975a7	\N	\N	0	f	2026-05-19 06:51:59.123683+00	2026-05-19 06:51:59.123683+00
f6e0f207-5a07-4f57-82a4-bc3a3f8a6fb1	CT_HBNCZSZJ	711849422685736961	equipment_model	fadd3b82-156e-49a2-a829-ab102d8975a7	\N	\N	0	f	2026-05-19 07:55:27.855028+00	2026-05-19 07:55:27.855028+00
f706ac83-dd68-41f0-baf8-48929cbfe0b8	CT_HOUCCSTC	711834115933999108	equipment_model	fadd3b82-156e-49a2-a829-ab102d8975a7	\N	\N	0	f	2026-05-19 06:54:38.469855+00	2026-05-19 06:54:38.469855+00
f7515ac5-40a2-4c39-b507-9df23e823b9c	CT_HOP9ZZJJ	711838381264343040	equipment_model	fadd3b82-156e-49a2-a829-ab102d8975a7	\N	\N	0	f	2026-05-19 07:11:35.399963+00	2026-05-19 07:11:35.399963+00
f7c2d533-c9db-4671-a4bf-e9e6c58aef0e	L_MBD_SMT_A	707521518850019328	line_model	207f737a-5b1e-4b14-bf31-7932c4576271	\N	\N	0	f	2026-05-07 09:17:38.945902+00	2026-05-27 06:02:53.413386+00
f95ca39b-76b6-406d-83e0-dd592b458e36	CT_HBNCZSSL	711849422677348355	equipment_model	fadd3b82-156e-49a2-a829-ab102d8975a7	\N	\N	0	f	2026-05-19 07:55:27.855028+00	2026-05-19 07:55:27.855028+00
f9692be3-2ac1-4eba-aa9f-5ad86a96d1e6	CT_HOUM548CNTSC12	711849422798983168	equipment_model	fadd3b82-156e-49a2-a829-ab102d8975a7	\N	\N	0	f	2026-05-19 07:55:27.855028+00	2026-05-19 07:55:27.855028+00
fa27333a-9be9-4cb5-bfbc-3d9c2c5d1266	roll_01	707121977097195520	equipment_model	fadd3b82-156e-49a2-a829-ab102d8975a7	\N	\N	0	f	2026-05-06 06:50:11.27645+00	2026-05-06 06:50:11.27645+00
fa883c3a-1b20-46e5-8bb2-bafc4afe6234	SBL_820A	711849422937395203	equipment_model	fadd3b82-156e-49a2-a829-ab102d8975a7	\N	\N	0	f	2026-05-19 07:55:27.855028+00	2026-05-19 07:55:27.855028+00
fa970391-1754-43ce-b5cb-6f09be5c338d	CT_HOUCCSPSL	711834115925610501	equipment_model	fadd3b82-156e-49a2-a829-ab102d8975a7	\N	\N	0	f	2026-05-19 06:54:38.469855+00	2026-05-19 06:54:38.469855+00
fadd3b82-156e-49a2-a829-ab102d8975a7	Default_Equipment_Type	Default_Equipment_Type	equipment_type	a8e4232d-6c8c-44d5-a590-5092cf4a57a5	默认设备类型	\N	0	f	2026-05-05 02:43:41.876073+00	2026-05-05 02:43:41.876073+00
faf3a94c-e584-4489-b31a-e5450f8e0118	CT_HOUM548HM	711849422811566084	equipment_model	fadd3b82-156e-49a2-a829-ab102d8975a7	\N	\N	0	f	2026-05-19 07:55:27.855028+00	2026-05-19 07:55:27.855028+00
fb25570c-de94-45b4-8da2-9cec2d3b1d49	CT_HOUM548BSSC20	711849422794788865	equipment_model	fadd3b82-156e-49a2-a829-ab102d8975a7	\N	\N	0	f	2026-05-19 07:55:27.855028+00	2026-05-19 07:55:27.855028+00
fbd23d7b-5752-455f-840f-9765c1cbd359	CT_HOPBLSJ	711833447617794053	equipment_model	fadd3b82-156e-49a2-a829-ab102d8975a7	\N	\N	0	f	2026-05-19 06:51:59.123683+00	2026-05-19 06:51:59.123683+00
fe48d01f-2b80-4827-bfa3-ff01359636e4	CT_HOP9CZJ	711838381222400000	equipment_model	fadd3b82-156e-49a2-a829-ab102d8975a7	\N	\N	0	f	2026-05-19 07:11:35.399963+00	2026-05-19 07:11:35.399963+00
fe6fd6bf-bb01-4a9e-8a21-8c5ea99b0d79	CT_HCM548BS18	711849422689931264	equipment_model	fadd3b82-156e-49a2-a829-ab102d8975a7	\N	\N	0	f	2026-05-19 07:55:27.855028+00	2026-05-19 07:55:27.855028+00
fee10864-1253-4c16-af9b-a02753f6e023	CT_HBNCZSYZ	711849422681542660	equipment_model	fadd3b82-156e-49a2-a829-ab102d8975a7	\N	\N	0	f	2026-05-19 07:55:27.855028+00	2026-05-19 07:55:27.855028+00
ffeb5fdd-d146-4275-a714-7e951e09eca7	CT_HOUCCSSBP	711834115929804802	equipment_model	fadd3b82-156e-49a2-a829-ab102d8975a7	\N	\N	0	f	2026-05-19 06:54:38.469855+00	2026-05-19 06:54:38.469855+00
\.


--
-- Data for Name: asset_type_dict; Type: TABLE DATA; Schema: public; Owner: postgres
--

COPY public.asset_type_dict (code, name, is_deleted) FROM stdin;
equipment_model	设备型号	f
equipment_type	设备类型	f
line_model	线体模型	f
line_type	线体类型	f
process	工序	f
\.


--
-- Data for Name: equipment_model_details; Type: TABLE DATA; Schema: public; Owner: postgres
--

COPY public.equipment_model_details (id, category_id, manufacturer, asset_type, brand, bucket_name, root_usd_path, location_path, thumbnail_path, specifications, status, created_at, updated_at, is_deleted, category, model, format, poly_count, prim_path, instance_path, width, depth, height, asset_version_id, version_tag, is_current, remark, created_by) FROM stdin;
00228538-b946-474c-a8d1-115305ad773b	1b925fcf-d0f8-4892-a7b7-df4459f457ed	\N	\N	\N	ov-usd-bucket	Library/Asset/Machine/CT_HBNCZSIOBSC/CT_HBNCZSIOBSC.usd	Library/Asset/Machine	thumbnails/default_equipment_thumbnail_picture.png	\N	ACTIVE	2026-05-19 07:55:27.855028+00	2026-05-19 07:55:27.855028+00	f	\N	\N	\N	\N	\N	\N	\N	\N	\N	00228538-b946-474c-a8d1-115305ad773b	v1.0	t	\N	\N
01c6dec0-b409-46be-b683-c6a9294ad9cb	fa27333a-9be9-4cb5-bfbc-3d9c2c5d1266	\N	\N	\N	ov-usd-bucket	Library/Asset/MBD_PACK/roll_01/roll_01.usd	Library/Asset/MBD_PACK	thumbnails/20260516-Snipaste_2026-05-16_12-39-28.png	\N	ACTIVE	2026-05-06 06:50:11.27645+00	2026-05-21 09:26:42.97166+00	f	\N	\N	\N	\N	\N	\N	\N	\N	\N	01c6dec0-b409-46be-b683-c6a9294ad9cb	v1.0	t	\N	\N
01d17246-4188-47d6-ab4c-faedad2b6dcf	d374407f-17eb-43bc-ad53-cc9e17dbe830	\N	\N	\N	ov-usd-bucket	Library/Asset/HST_PACK/CT_HOPBHM_C/CT_HOPBHM_C.usd	Library/Asset/HST_PACK	thumbnails/default_equipment_thumbnail_picture.png	\N	ACTIVE	2026-05-19 06:51:59.123683+00	2026-05-19 06:51:59.123683+00	f	\N	\N	\N	\N	\N	\N	\N	\N	\N	01d17246-4188-47d6-ab4c-faedad2b6dcf	v1.0	t	\N	\N
058fe39d-50bc-4f38-ae0f-ddb6fa80153a	c9838014-ebea-4165-9366-57734c60682c	\N	\N	\N	ov-usd-bucket	Library/Asset/MBD_VN/E01_6S_SEMIFINISHED_PRODUCTCSMTray003/E01_6S_SEMIFINISHED_PRODUCTCSMTray003.usd	Library/Asset/MBD_VN	thumbnails/default_equipment_thumbnail_picture.png	\N	ACTIVE	2026-05-06 06:58:42.47232+00	2026-05-06 06:58:42.47232+00	f	\N	\N	\N	\N	\N	\N	\N	\N	\N	058fe39d-50bc-4f38-ae0f-ddb6fa80153a	v1.0	t	\N	\N
05c5d849-0fdd-48c1-a48c-e4f4564700dc	fe6fd6bf-bb01-4a9e-8a21-8c5ea99b0d79	\N	\N	\N	ov-usd-bucket	Library/Asset/Machine/CT_HCM548BS18/CT_HCM548BS18.usd	Library/Asset/Machine	thumbnails/default_equipment_thumbnail_picture.png	\N	ACTIVE	2026-05-19 07:55:27.855028+00	2026-05-19 07:55:27.855028+00	f	\N	\N	\N	\N	\N	\N	\N	\N	\N	05c5d849-0fdd-48c1-a48c-e4f4564700dc	v1.0	t	\N	\N
05d77657-2d98-41de-a28a-0820a69b29d4	55592ab2-a0af-420e-a712-b17fc0050aba	\N	\N	\N	ov-usd-bucket	Library/Asset/Machine/YWD_550/YWD_550.usd	Library/Asset/Machine	thumbnails/default_equipment_thumbnail_picture.png	\N	ACTIVE	2026-05-19 07:55:27.855028+00	2026-05-19 07:55:27.855028+00	f	\N	\N	\N	\N	\N	\N	\N	\N	\N	05d77657-2d98-41de-a28a-0820a69b29d4	v1.0	t	\N	\N
06424b96-ea92-4d05-94ba-acba9ba5d28e	bba2a0ca-8842-40bb-839d-1ffe74b1f27f	\N	\N	\N	ov-usd-bucket	Library/Asset/HST_Dis_Assy_Sub/CT_HOUCCSYZ_2/CT_HOUCCSYZ_2.usd	Library/Asset/HST_Dis_Assy_Sub	thumbnails/default_equipment_thumbnail_picture.png	\N	ACTIVE	2026-05-19 06:54:38.469855+00	2026-05-19 06:54:38.469855+00	f	\N	\N	\N	\N	\N	\N	\N	\N	\N	06424b96-ea92-4d05-94ba-acba9ba5d28e	v1.0	t	\N	\N
06aaf9aa-57e7-4f8d-b273-4aead63ae0e7	e4d6881c-e696-4289-8e25-52431940dc8e	\N	\N	\N	ov-usd-bucket	Library/Asset/Machine/CT_HOUM548BS/CT_HOUM548BS.usd	Library/Asset/Machine	thumbnails/default_equipment_thumbnail_picture.png	\N	ACTIVE	2026-05-19 07:55:27.855028+00	2026-05-19 07:55:27.855028+00	f	\N	\N	\N	\N	\N	\N	\N	\N	\N	06aaf9aa-57e7-4f8d-b273-4aead63ae0e7	v1.0	t	\N	\N
0874b346-e166-4f54-bd38-4f9ef604f3e0	09fce04e-36e6-48ab-a443-461b25a6346d	\N	\N	\N	ov-usd-bucket	Library/Asset/Machine/CT_BNCCMYZJ/CT_BNCCMYZJ.usd	Library/Asset/Machine	thumbnails/default_equipment_thumbnail_picture.png	\N	ACTIVE	2026-05-19 07:55:27.855028+00	2026-05-19 07:55:27.855028+00	f	\N	\N	\N	\N	\N	\N	\N	\N	\N	0874b346-e166-4f54-bd38-4f9ef604f3e0	v1.0	t	\N	\N
09e715d8-a019-4db8-a8fe-c3bb50b16ce8	029e7700-2ff6-4f65-b861-6c8ac5e751ac	\N	\N	\N	ov-usd-bucket	Library/Asset/Machine/CAC_670/CAC_670.usd	Library/Asset/Machine	thumbnails/default_equipment_thumbnail_picture.png	\N	ACTIVE	2026-05-19 07:55:27.855028+00	2026-05-19 07:55:27.855028+00	f	\N	\N	\N	\N	\N	\N	\N	\N	\N	09e715d8-a019-4db8-a8fe-c3bb50b16ce8	v1.0	t	\N	\N
0aaba651-d030-493a-bfe0-180d7972ad52	1d4f92c4-156e-4009-8dfb-aaf7b35e66a3	\N	\N	\N	ov-usd-bucket	Library/Asset/Machine/CT_BNCZSSL/CT_BNCZSSL.usd	Library/Asset/Machine	thumbnails/default_equipment_thumbnail_picture.png	\N	ACTIVE	2026-05-19 07:55:27.855028+00	2026-05-19 07:55:27.855028+00	f	\N	\N	\N	\N	\N	\N	\N	\N	\N	0aaba651-d030-493a-bfe0-180d7972ad52	v1.0	t	\N	\N
0bc018a2-d426-4320-8e2e-9d68658b6d7e	66e171bc-036b-4b2f-948e-36766c844a5e	\N	\N	\N	ov-usd-bucket	Library/Asset/Machine/CT_HCM548PCBSC24_R/CT_HCM548PCBSC24_R.usd	Library/Asset/Machine	thumbnails/default_equipment_thumbnail_picture.png	\N	ACTIVE	2026-05-19 07:55:27.855028+00	2026-05-19 07:55:27.855028+00	f	\N	\N	\N	\N	\N	\N	\N	\N	\N	0bc018a2-d426-4320-8e2e-9d68658b6d7e	v1.0	t	\N	\N
0c0415fd-b3ad-4816-8b65-91f12239edf8	e64040a3-1c9a-4592-b48a-820b34f71879	\N	\N	\N	ov-usd-bucket	Library/Asset/MBD_SMT/TR7700L_QE/TR7700L_QE.usd	Library/Asset/MBD_SMT	thumbnails/20260516-TR7700L_QE.png	\N	ACTIVE	2026-05-05 03:13:36.72587+00	2026-05-21 09:26:42.97166+00	f	\N	\N	\N	\N	\N	\N	\N	\N	\N	0c0415fd-b3ad-4816-8b65-91f12239edf8	v1.0	t	\N	\N
0c1fad98-b806-4f0f-9880-23417a519039	b0bb68ff-b1cd-4f8d-802a-5e856597b1dc	\N	\N	\N	ov-usd-bucket	Library/Asset/Machine/CT_BNCZSYZ/CT_BNCZSYZ.usd	Library/Asset/Machine	thumbnails/default_equipment_thumbnail_picture.png	\N	ACTIVE	2026-05-19 07:55:27.855028+00	2026-05-19 07:55:27.855028+00	f	\N	\N	\N	\N	\N	\N	\N	\N	\N	0c1fad98-b806-4f0f-9880-23417a519039	v1.0	t	\N	\N
0cee526c-d363-425e-9a2a-5c4c4e31bd58	7f6ad767-b63e-4c77-a7e5-a17628807c4e	\N	\N	\N	ov-usd-bucket	Library/Asset/HST_PTH/CT_HOP9LSSJ_D2/CT_HOP9LSSJ_D2.usd	Library/Asset/HST_PTH	thumbnails/default_equipment_thumbnail_picture.png	\N	ACTIVE	2026-05-19 07:11:35.399963+00	2026-05-19 07:11:35.399963+00	f	\N	\N	\N	\N	\N	\N	\N	\N	\N	0cee526c-d363-425e-9a2a-5c4c4e31bd58	v1.0	t	\N	\N
0e67c408-84ec-42b0-a002-bed3c6702507	90aaaa9b-4859-41a3-b03b-cd7b6d6a86ad	\N	\N	\N	ov-usd-bucket	Library/Asset/Machine/CT_HBNCZMBUF/CT_HBNCZMBUF.usd	Library/Asset/Machine	thumbnails/default_equipment_thumbnail_picture.png	\N	ACTIVE	2026-05-19 07:55:27.855028+00	2026-05-19 07:55:27.855028+00	f	\N	\N	\N	\N	\N	\N	\N	\N	\N	0e67c408-84ec-42b0-a002-bed3c6702507	v1.0	t	\N	\N
0f543d61-3b82-4446-aa44-2e5713afb913	b9664da6-4c1a-420d-81d0-0ebb3a49f58b	\N	\N	\N	ov-usd-bucket	Library/Asset/Machine/TR_8100_LV/TR_8100_LV.usd	Library/Asset/Machine	thumbnails/default_equipment_thumbnail_picture.png	\N	ACTIVE	2026-05-19 07:55:27.855028+00	2026-05-19 07:55:27.855028+00	f	\N	\N	\N	\N	\N	\N	\N	\N	\N	0f543d61-3b82-4446-aa44-2e5713afb913	v1.0	t	\N	\N
10831070-e881-43ad-8220-5ecd2fbb2f74	a5aab84a-4c22-411c-a9dd-400c92b1c137	\N	\N	\N	ov-usd-bucket	Library/Asset/MBD_VN/E04_BOTTOMELSFP/E04_BOTTOMELSFP.usd	Library/Asset/MBD_VN	thumbnails/default_equipment_thumbnail_picture.png	\N	ACTIVE	2026-05-06 06:58:42.47232+00	2026-05-21 09:26:42.97166+00	f	\N	\N	\N	\N	\N	\N	\N	\N	\N	10831070-e881-43ad-8220-5ecd2fbb2f74	v1.0	t	\N	\N
10b35032-6a4c-463f-8f1f-c749eec1a950	d832319b-3fac-4eef-bd75-a22e1f1c0fc2	\N	\N	\N	ov-usd-bucket	Library/Asset/HST_PACK/CT_HOPBHM_B/CT_HOPBHM_B.usd	Library/Asset/HST_PACK	thumbnails/default_equipment_thumbnail_picture.png	\N	ACTIVE	2026-05-19 06:51:59.123683+00	2026-05-19 06:51:59.123683+00	f	\N	\N	\N	\N	\N	\N	\N	\N	\N	10b35032-6a4c-463f-8f1f-c749eec1a950	v1.0	t	\N	\N
10eca474-d8e9-451f-9d0d-1d092020a96d	90ae5e0c-b16e-4511-a8ac-03a8839ae397	\N	\N	\N	ov-usd-bucket	Library/Asset/MBD_Orchid/orchid_sfg_px9oe_b00_asm/orchid_sfg_px9oe_b00_asm.usd	Library/Asset/MBD_Orchid	thumbnails/default_equipment_thumbnail_picture.png	\N	ACTIVE	2026-05-07 09:06:57.268981+00	2026-05-07 09:06:57.268981+00	f	\N	\N	\N	\N	\N	\N	\N	\N	\N	10eca474-d8e9-451f-9d0d-1d092020a96d	v1.0	t	\N	\N
12114a70-ce79-4674-b144-4d1352270180	dacf9a39-2a93-4176-8d1d-d36162ca13a8	\N	\N	\N	ov-usd-bucket	Library/Asset/Machine/CT_HCM548PCB10_R/CT_HCM548PCB10_R.usd	Library/Asset/Machine	thumbnails/default_equipment_thumbnail_picture.png	\N	ACTIVE	2026-05-19 07:55:27.855028+00	2026-05-19 07:55:27.855028+00	f	\N	\N	\N	\N	\N	\N	\N	\N	\N	12114a70-ce79-4674-b144-4d1352270180	v1.0	t	\N	\N
12b9d84f-0869-4162-b0dd-818dba829fef	6b33550c-d36f-44c7-a4c1-b99f3688f9e0	\N	\N	\N	ov-usd-bucket	Library/Asset/MBD_PACK/Packing_06/Packing_06.usd	Library/Asset/MBD_PACK	thumbnails/20260516-Snipaste_2026-05-16_12-37-33.png	\N	ACTIVE	2026-05-06 06:50:11.27645+00	2026-05-21 09:26:42.97166+00	f	\N	\N	\N	\N	\N	\N	\N	\N	\N	12b9d84f-0869-4162-b0dd-818dba829fef	v1.0	t	\N	\N
13917057-b529-47bb-9564-15da5ff1ebb4	3485b8ff-36cb-4cc3-9d3e-e18b995d9ac5	\N	\N	\N	ov-usd-bucket	Library/Asset/MBD_VN/E01_6S_MTCJ61256SCMSTRAY002/E01_6S_MTCJ61256SCMSTRAY002.usd	Library/Asset/MBD_VN	thumbnails/default_equipment_thumbnail_picture.png	\N	ACTIVE	2026-05-06 06:58:42.47232+00	2026-05-06 06:58:42.47232+00	f	\N	\N	\N	\N	\N	\N	\N	\N	\N	13917057-b529-47bb-9564-15da5ff1ebb4	v1.0	t	\N	\N
13abfbce-2153-4cf4-9c41-8c8dcd583a7a	315646a3-0cc5-4a0d-85c6-5574a2ac6574	\N	\N	\N	ov-usd-bucket	Library/Asset/Machine/CT_HCM548BS18_R/CT_HCM548BS18_R.usd	Library/Asset/Machine	thumbnails/default_equipment_thumbnail_picture.png	\N	ACTIVE	2026-05-19 07:55:27.855028+00	2026-05-19 07:55:27.855028+00	f	\N	\N	\N	\N	\N	\N	\N	\N	\N	13abfbce-2153-4cf4-9c41-8c8dcd583a7a	v1.0	t	\N	\N
1465750b-5f33-4489-b44c-30db4fe22af2	c40e332e-1900-4497-a216-e00e8535fdf7	\N	\N	\N	ov-usd-bucket	Library/Asset/Machine/TR7700QE_DL/TR7700QE_DL.usd	Library/Asset/Machine	thumbnails/default_equipment_thumbnail_picture.png	\N	ACTIVE	2026-05-19 07:55:27.855028+00	2026-05-19 07:55:27.855028+00	f	\N	\N	\N	\N	\N	\N	\N	\N	\N	1465750b-5f33-4489-b44c-30db4fe22af2	v1.0	t	\N	\N
15de77e6-e248-4ed4-976e-6d9a82d70a0b	5f8a2299-df27-4ff4-83b7-c8d3746a89b9	\N	\N	\N	ov-usd-bucket	Library/Asset/Machine/CT_TWNF09_15B/CT_TWNF09_15B.usd	Library/Asset/Machine	thumbnails/default_equipment_thumbnail_picture.png	\N	ACTIVE	2026-05-19 07:55:27.855028+00	2026-05-19 07:55:27.855028+00	f	\N	\N	\N	\N	\N	\N	\N	\N	\N	15de77e6-e248-4ed4-976e-6d9a82d70a0b	v1.0	t	\N	\N
160ba40c-91e5-4b81-ae52-107e6ba36ffd	12692cf0-d572-4e3c-b29f-57f94e1f09c0	\N	\N	\N	ov-usd-bucket	Library/Asset/Machine/CT_HOUM548SFL/CT_HOUM548SFL.usd	Library/Asset/Machine	thumbnails/default_equipment_thumbnail_picture.png	\N	ACTIVE	2026-05-19 07:55:27.855028+00	2026-05-19 07:55:27.855028+00	f	\N	\N	\N	\N	\N	\N	\N	\N	\N	160ba40c-91e5-4b81-ae52-107e6ba36ffd	v1.0	t	\N	\N
173ce43b-6b1f-4701-a2aa-bffa75539861	f706ac83-dd68-41f0-baf8-48929cbfe0b8	\N	\N	\N	ov-usd-bucket	Library/Asset/HST_Dis_Assy_Sub/CT_HOUCCSTC/CT_HOUCCSTC.usd	Library/Asset/HST_Dis_Assy_Sub	thumbnails/default_equipment_thumbnail_picture.png	\N	ACTIVE	2026-05-19 06:54:38.469855+00	2026-05-19 06:54:38.469855+00	f	\N	\N	\N	\N	\N	\N	\N	\N	\N	173ce43b-6b1f-4701-a2aa-bffa75539861	v1.0	t	\N	\N
1794dea9-9ca4-4723-8f2b-3124d94c7731	a7467932-23c6-4422-82c6-9e13e7ad8aeb	\N	\N	\N	ov-usd-bucket	Library/Asset/Machine/S2_900/S2_900.usd	Library/Asset/Machine	thumbnails/default_equipment_thumbnail_picture.png	\N	ACTIVE	2026-05-19 07:55:27.855028+00	2026-05-19 07:55:27.855028+00	f	\N	\N	\N	\N	\N	\N	\N	\N	\N	1794dea9-9ca4-4723-8f2b-3124d94c7731	v1.0	t	\N	\N
19a905f4-015d-4d7b-a710-ced487b25ac8	b6845b1e-c1b4-4e7f-9974-baa2b202792a	\N	\N	\N	ov-usd-bucket	Library/Asset/Machine/CT_HCM548FM23/CT_HCM548FM23.usd	Library/Asset/Machine	thumbnails/default_equipment_thumbnail_picture.png	\N	ACTIVE	2026-05-19 07:55:27.855028+00	2026-05-19 07:55:27.855028+00	f	\N	\N	\N	\N	\N	\N	\N	\N	\N	19a905f4-015d-4d7b-a710-ced487b25ac8	v1.0	t	\N	\N
1c4c1a7e-320e-45c2-a266-db342784a1ed	4400c183-2fab-404f-b9ee-8290384c347b	\N	\N	\N	ov-usd-bucket	Library/Asset/Machine/ISP_A2/ISP_A2.usd	Library/Asset/Machine	thumbnails/default_equipment_thumbnail_picture.png	\N	ACTIVE	2026-05-19 07:55:27.855028+00	2026-05-19 07:55:27.855028+00	f	\N	\N	\N	\N	\N	\N	\N	\N	\N	1c4c1a7e-320e-45c2-a266-db342784a1ed	v1.0	t	\N	\N
1f6c256d-2e63-41d7-978e-b7ccf5839d0f	520fc09d-047a-4100-b642-fbbe31273d10	\N	\N	\N	ov-usd-bucket	Library/Asset/MBD_VN/VFI/VFI.usd	Library/Asset/MBD_VN	thumbnails/default_equipment_thumbnail_picture.png	\N	ACTIVE	2026-05-06 06:58:42.47232+00	2026-05-06 06:58:42.47232+00	f	\N	\N	\N	\N	\N	\N	\N	\N	\N	1f6c256d-2e63-41d7-978e-b7ccf5839d0f	v1.0	t	\N	\N
1f8537dc-242e-4458-8ee2-3f90b163b373	0b84c8ab-cacb-4eaf-941f-5152a6da8f50	\N	\N	\N	ov-usd-bucket	Library/Asset/HST_PTH/CT_HOP9YZJ/CT_HOP9YZJ.usd	Library/Asset/HST_PTH	thumbnails/default_equipment_thumbnail_picture.png	\N	ACTIVE	2026-05-19 07:11:35.399963+00	2026-05-19 07:11:35.399963+00	f	\N	\N	\N	\N	\N	\N	\N	\N	\N	1f8537dc-242e-4458-8ee2-3f90b163b373	v1.0	t	\N	\N
21b733d9-0e6a-4918-a3b9-f9bf7660df79	09dde6c1-103a-474e-a898-65d1aced1a32	\N	\N	\N	ov-usd-bucket	Library/Asset/MBD_PACK/roll_zx01/roll_zx01.usd	Library/Asset/MBD_PACK	thumbnails/20260516-Snipaste_2026-05-16_12-41-36.png	\N	ACTIVE	2026-05-06 06:50:11.27645+00	2026-05-16 04:41:46.34196+00	f	\N	\N	\N	\N	\N	\N	\N	\N	\N	21b733d9-0e6a-4918-a3b9-f9bf7660df79	v1.0	t	\N	\N
21cbb821-00f4-4159-8a33-785487e4974b	5d5e14d8-cc15-4b9e-9416-71ee48c230bf	\N	\N	\N	ov-usd-bucket	Library/Asset/MBD_SMT/GY09C/GY09C.usd	Library/Asset/MBD_SMT	thumbnails/20260508-微信图片_20260507155252_12_126.png	\N	ACTIVE	2026-05-05 03:13:36.72587+00	2026-05-21 11:40:10.064597+00	f	\N	\N	\N	\N	\N	\N	\N	\N	\N	21cbb821-00f4-4159-8a33-785487e4974b	v1.0	t	\N	\N
2369a745-d9c7-4158-be6a-5492158c5be8	11cc0c9c-8bcc-4f80-a61e-d2b2adc2344f	\N	\N	\N	ov-usd-bucket	Library/Asset/HST_PACK/CT_HOPBYZ/CT_HOPBYZ.usd	Library/Asset/HST_PACK	thumbnails/default_equipment_thumbnail_picture.png	\N	ACTIVE	2026-05-19 06:51:59.123683+00	2026-05-19 06:51:59.123683+00	f	\N	\N	\N	\N	\N	\N	\N	\N	\N	2369a745-d9c7-4158-be6a-5492158c5be8	v1.0	t	\N	\N
24237856-b476-4784-b634-768702c01ba9	8a15c0f5-e8a2-42b8-80e5-051728eb4840	\N	\N	\N	ov-usd-bucket	Library/Asset/Machine/r_S330IN_LINE_SL_XL/r_S330IN_LINE_SL_XL.usd	Library/Asset/Machine	thumbnails/default_equipment_thumbnail_picture.png	\N	ACTIVE	2026-05-19 07:55:27.855028+00	2026-05-19 07:55:27.855028+00	f	\N	\N	\N	\N	\N	\N	\N	\N	\N	24237856-b476-4784-b634-768702c01ba9	v1.0	t	\N	\N
251829a4-6385-43d5-9d78-5a152b000ae4	6d36b1cc-bb01-46c5-8234-9faa81502f85	\N	\N	\N	ov-usd-bucket	Library/Asset/MBD_SMT/VT_X750/VT_X750.usd	Library/Asset/MBD_SMT	thumbnails/20260516-Snipaste_2026-05-16_12-35-43.png	\N	ACTIVE	2026-05-05 03:13:36.72587+00	2026-05-21 09:26:42.97166+00	f	\N	\N	\N	\N	\N	\N	\N	\N	\N	251829a4-6385-43d5-9d78-5a152b000ae4	v1.0	t	\N	\N
268de675-728f-48d8-9fc7-556c6214107a	2286bf63-d2a3-4f11-9d70-b625e0896d30	\N	\N	\N	ov-usd-bucket	Library/Asset/MBD_SMT/FLYTAKE/FLYTAKE.usd	Library/Asset/MBD_SMT	thumbnails/20260508-微信图片_20260507155143_10_126.png	\N	ACTIVE	2026-05-05 03:13:36.72587+00	2026-05-21 11:40:10.064597+00	f	\N	\N	\N	\N	\N	\N	\N	\N	\N	268de675-728f-48d8-9fc7-556c6214107a	v1.0	t	\N	\N
26f73532-1938-416b-a5a8-6c7955eed6b0	6bd96962-1634-428b-9dee-200d609566b3	\N	\N	\N	ov-usd-bucket	Library/Asset/Machine/CT_TWNF09_14B/CT_TWNF09_14B.usd	Library/Asset/Machine	thumbnails/default_equipment_thumbnail_picture.png	\N	ACTIVE	2026-05-19 07:55:27.855028+00	2026-05-19 07:55:27.855028+00	f	\N	\N	\N	\N	\N	\N	\N	\N	\N	26f73532-1938-416b-a5a8-6c7955eed6b0	v1.0	t	\N	\N
285499b0-c983-4e4d-aa6b-3cf89a2f499e	c66f6b2a-e65e-4ce9-862f-f4228f4819db	\N	\N	\N	ov-usd-bucket	Library/Asset/MBD_SMT/SPI_FAG_OWL/SPI_FAG_OWL.usd	Library/Asset/MBD_SMT	thumbnails/20260516-SPI_FAG_OWL.png	\N	ACTIVE	2026-05-05 03:13:36.72587+00	2026-05-21 09:26:42.97166+00	f	\N	\N	\N	\N	\N	\N	\N	\N	\N	285499b0-c983-4e4d-aa6b-3cf89a2f499e	v1.0	t	\N	\N
289d591e-589c-479e-ba65-cde3e71babf0	a2f7a33a-c25c-4557-8dc8-acc3b7c4876a	\N	\N	\N	ov-usd-bucket	Library/Asset/Machine/CT_HCM548TS1_Buffer/CT_HCM548TS1_Buffer.usd	Library/Asset/Machine	thumbnails/default_equipment_thumbnail_picture.png	\N	ACTIVE	2026-05-19 07:55:27.855028+00	2026-05-19 07:55:27.855028+00	f	\N	\N	\N	\N	\N	\N	\N	\N	\N	289d591e-589c-479e-ba65-cde3e71babf0	v1.0	t	\N	\N
2a87557b-47a4-478e-b53c-80b7ace2b609	12b21e15-980a-4a06-9887-0e61a36d07d1	\N	\N	\N	ov-usd-bucket	Library/Asset/MBD_SMT/NPM_WX_CART/NPM_WX_CART.usd	Library/Asset/MBD_SMT	thumbnails/20260516-NPM_WX_CART.png	\N	ACTIVE	2026-05-05 03:13:36.72587+00	2026-05-21 09:26:42.97166+00	f	\N	\N	\N	\N	\N	\N	\N	\N	\N	2a87557b-47a4-478e-b53c-80b7ace2b609	v1.0	t	\N	\N
2bf62b5d-e70c-4509-9f08-fb866b0607e0	97c3eb6f-1369-40bf-b197-542f0a5790be	\N	\N	\N	ov-usd-bucket	Library/Asset/MBD_SMT/Table/Table.usd	Library/Asset/MBD_SMT	thumbnails/20260516-Table.png	\N	ACTIVE	2026-05-05 03:13:36.72587+00	2026-05-16 04:34:02.108944+00	f	\N	\N	\N	\N	\N	\N	\N	\N	\N	2bf62b5d-e70c-4509-9f08-fb866b0607e0	v1.0	t	\N	\N
2c0f0746-a451-4fc4-ab96-cd30be851d31	0dac43a3-194e-4e34-bf72-e2ac99c2bc2a	\N	\N	\N	ov-usd-bucket	Library/Asset/HST_PACK/CT_HOPBCRO/CT_HOPBCRO.usd	Library/Asset/HST_PACK	thumbnails/default_equipment_thumbnail_picture.png	\N	ACTIVE	2026-05-19 06:51:59.123683+00	2026-05-19 06:51:59.123683+00	f	\N	\N	\N	\N	\N	\N	\N	\N	\N	2c0f0746-a451-4fc4-ab96-cd30be851d31	v1.0	t	\N	\N
2c1a2283-788c-4ba5-bb67-2f0b0610e650	28695da6-6e80-452c-a5f0-5c3668669698	\N	\N	\N	ov-usd-bucket	Library/Asset/Machine/CT_HBNCZSTPM/CT_HBNCZSTPM.usd	Library/Asset/Machine	thumbnails/default_equipment_thumbnail_picture.png	\N	ACTIVE	2026-05-19 07:55:27.855028+00	2026-05-19 07:55:27.855028+00	f	\N	\N	\N	\N	\N	\N	\N	\N	\N	2c1a2283-788c-4ba5-bb67-2f0b0610e650	v1.0	t	\N	\N
2dd86db4-5a56-4a16-908b-07c9ca1c4245	bab7d868-d34f-4c90-beb9-5f3a855daf48	\N	\N	\N	ov-usd-bucket	Library/Asset/Machine/CT_HCM548YH11/CT_HCM548YH11.usd	Library/Asset/Machine	thumbnails/default_equipment_thumbnail_picture.png	\N	ACTIVE	2026-05-19 07:55:27.855028+00	2026-05-19 07:55:27.855028+00	f	\N	\N	\N	\N	\N	\N	\N	\N	\N	2dd86db4-5a56-4a16-908b-07c9ca1c4245	v1.0	t	\N	\N
2e12e465-eb4c-42f9-ae7b-337833dfd5a3	764311be-93c3-47a9-b0f7-689f361cf140	\N	\N	\N	ov-usd-bucket	Library/Asset/Machine/CT_HCM548ZPRL_R/CT_HCM548ZPRL_R.usd	Library/Asset/Machine	thumbnails/default_equipment_thumbnail_picture.png	\N	ACTIVE	2026-05-19 07:55:27.855028+00	2026-05-19 07:55:27.855028+00	f	\N	\N	\N	\N	\N	\N	\N	\N	\N	2e12e465-eb4c-42f9-ae7b-337833dfd5a3	v1.0	t	\N	\N
2f3c43b3-9a3b-4983-947c-c0336953dd61	0414971d-f932-4cf7-8249-f9d6b4ecd54a	\N	\N	\N	ov-usd-bucket	Library/Asset/HST_PACK/CT_HOPBHM_A/CT_HOPBHM_A.usd	Library/Asset/HST_PACK	thumbnails/default_equipment_thumbnail_picture.png	\N	ACTIVE	2026-05-19 06:51:59.123683+00	2026-05-19 06:51:59.123683+00	f	\N	\N	\N	\N	\N	\N	\N	\N	\N	2f3c43b3-9a3b-4983-947c-c0336953dd61	v1.0	t	\N	\N
306a8265-3999-4fdf-9769-a78e3879b1cf	fb25570c-de94-45b4-8da2-9cec2d3b1d49	\N	\N	\N	ov-usd-bucket	Library/Asset/Machine/CT_HOUM548BSSC20/CT_HOUM548BSSC20.usd	Library/Asset/Machine	thumbnails/default_equipment_thumbnail_picture.png	\N	ACTIVE	2026-05-19 07:55:27.855028+00	2026-05-19 07:55:27.855028+00	f	\N	\N	\N	\N	\N	\N	\N	\N	\N	306a8265-3999-4fdf-9769-a78e3879b1cf	v1.0	t	\N	\N
3092bf1a-15fb-4f56-b1d1-e2e1cc8ae7e7	0bc024f4-bfda-498f-8236-103d62c92559	\N	\N	\N	ov-usd-bucket	Library/Asset/HST_PTH/CT_HOP9SSG/CT_HOP9SSG.usd	Library/Asset/HST_PTH	thumbnails/default_equipment_thumbnail_picture.png	\N	ACTIVE	2026-05-19 07:11:35.399963+00	2026-05-19 07:11:35.399963+00	f	\N	\N	\N	\N	\N	\N	\N	\N	\N	3092bf1a-15fb-4f56-b1d1-e2e1cc8ae7e7	v1.0	t	\N	\N
30954a13-7dd5-418d-879c-28b60483e9e4	51f77e70-cc45-4316-8c33-9c33419100ab	\N	\N	\N	ov-usd-bucket	Library/Asset/Machine/CT_HBNCZMCVF/CT_HBNCZMCVF.usd	Library/Asset/Machine	thumbnails/default_equipment_thumbnail_picture.png	\N	ACTIVE	2026-05-19 07:55:27.855028+00	2026-05-19 07:55:27.855028+00	f	\N	\N	\N	\N	\N	\N	\N	\N	\N	30954a13-7dd5-418d-879c-28b60483e9e4	v1.0	t	\N	\N
30e11c28-83fc-4934-b353-b1ef09f28996	7a40e99a-3e1b-424f-9e7a-10eecd40051f	\N	\N	\N	ov-usd-bucket	Library/Asset/MBD_SMT/E01_Fiber_Tray/E01_Fiber_Tray.usd	Library/Asset/MBD_SMT	thumbnails/20260508-微信图片_20260507155025_8_126.png	\N	ACTIVE	2026-05-05 03:13:36.72587+00	2026-05-16 03:12:07.125992+00	f	\N	\N	\N	\N	\N	\N	\N	\N	\N	30e11c28-83fc-4934-b353-b1ef09f28996	v1.0	t	\N	\N
30e77708-f99b-4c28-98a6-cec2a62504d8	890d5e88-4767-4750-b378-27776007b78f	\N	\N	\N	ov-usd-bucket	Library/Asset/Machine/PG548_TEST_RACK/PG548_TEST_RACK.usd	Library/Asset/Machine	thumbnails/default_equipment_thumbnail_picture.png	\N	ACTIVE	2026-05-19 07:55:27.855028+00	2026-05-19 07:55:27.855028+00	f	\N	\N	\N	\N	\N	\N	\N	\N	\N	30e77708-f99b-4c28-98a6-cec2a62504d8	v1.0	t	\N	\N
311e324e-df31-4b96-b818-3b5eaa643680	8618c850-0407-47b3-b467-aa05c0964fa5	\N	\N	\N	ov-usd-bucket	Library/Asset/Machine/CT_HCM548PCBSC24/CT_HCM548PCBSC24.usd	Library/Asset/Machine	thumbnails/default_equipment_thumbnail_picture.png	\N	ACTIVE	2026-05-19 07:55:27.855028+00	2026-05-19 07:55:27.855028+00	f	\N	\N	\N	\N	\N	\N	\N	\N	\N	311e324e-df31-4b96-b818-3b5eaa643680	v1.0	t	\N	\N
3183762f-25cf-4203-a60b-ca1596454587	0fc8b24a-e11a-4ec8-a832-ab6319498c32	\N	\N	\N	ov-usd-bucket	Library/Asset/Machine/CT_HBNCZSMD/CT_HBNCZSMD.usd	Library/Asset/Machine	thumbnails/default_equipment_thumbnail_picture.png	\N	ACTIVE	2026-05-19 07:55:27.855028+00	2026-05-19 07:55:27.855028+00	f	\N	\N	\N	\N	\N	\N	\N	\N	\N	3183762f-25cf-4203-a60b-ca1596454587	v1.0	t	\N	\N
3228f47e-26a7-488e-9cc2-2a24dae39609	ed44f09f-8f74-4a68-90aa-cb3afc52a3f5	\N	\N	\N	ov-usd-bucket	Library/Asset/Machine/CT_BNCZMCV_01/CT_BNCZMCV_01.usd	Library/Asset/Machine	thumbnails/default_equipment_thumbnail_picture.png	\N	ACTIVE	2026-05-19 07:55:27.855028+00	2026-05-19 07:55:27.855028+00	f	\N	\N	\N	\N	\N	\N	\N	\N	\N	3228f47e-26a7-488e-9cc2-2a24dae39609	v1.0	t	\N	\N
33d7016b-2cee-47fe-b56b-7f30daef5783	89e137c6-0632-441b-9937-5b61272c0121	\N	\N	\N	ov-usd-bucket	Library/Asset/HST_ASRS/Shuttle_1T/Shuttle_1T.usd	Library/Asset/HST_ASRS	thumbnails/default_equipment_thumbnail_picture.png	\N	ACTIVE	2026-05-21 11:39:27.413971+00	2026-05-21 11:39:27.413971+00	f	\N	\N	\N	\N	\N	\N	\N	\N	\N	33d7016b-2cee-47fe-b56b-7f30daef5783	v1.0	t	\N	\N
34c3636e-76cc-4437-903c-d936f168327f	04ca0a25-42fd-44f2-b13d-fe43464c34e9	\N	\N	\N	ov-usd-bucket	Library/Asset/Machine/CT_HOUM548ZPRL_01/CT_HOUM548ZPRL_01.usd	Library/Asset/Machine	thumbnails/default_equipment_thumbnail_picture.png	\N	ACTIVE	2026-05-19 07:55:27.855028+00	2026-05-19 07:55:27.855028+00	f	\N	\N	\N	\N	\N	\N	\N	\N	\N	34c3636e-76cc-4437-903c-d936f168327f	v1.0	t	\N	\N
34fe9e2b-2923-4456-bf10-b047ec5c144b	de959e84-d12d-464b-a6df-7f19f6bbb59d	\N	\N	\N	ov-usd-bucket	Library/Asset/Machine/CT_HBNCZLD/CT_HBNCZLD.usd	Library/Asset/Machine	thumbnails/default_equipment_thumbnail_picture.png	\N	ACTIVE	2026-05-19 07:55:27.855028+00	2026-05-19 07:55:27.855028+00	f	\N	\N	\N	\N	\N	\N	\N	\N	\N	34fe9e2b-2923-4456-bf10-b047ec5c144b	v1.0	t	\N	\N
351b9d34-ca78-4364-bc88-55fe35ce31ab	772ce86b-b312-4844-b256-3428cc22791a	\N	\N	\N	ov-usd-bucket	Library/Asset/MBD_SMT/CT_HBNCZTC/CT_HBNCZTC.usd	Library/Asset/MBD_SMT	thumbnails/20260508-pig4.png	{"protocol": "xx", "ipAddress": "192.178.1.1"}	ACTIVE	2026-05-05 03:13:36.72587+00	2026-05-19 09:45:56.603236+00	f	\N	\N	\N	\N	\N	\N	\N	\N	\N	351b9d34-ca78-4364-bc88-55fe35ce31ab	v1.0	t	\N	\N
3546080d-2c22-4d3d-86b8-e5e9b13f1688	35e478fe-2a91-4050-a645-196bac1e89b1	\N	\N	\N	ov-usd-bucket	Library/Asset/HST_PACK/CT_HOPBWXXZ/CT_HOPBWXXZ.usd	Library/Asset/HST_PACK	thumbnails/default_equipment_thumbnail_picture.png	\N	ACTIVE	2026-05-19 06:51:59.123683+00	2026-05-19 06:51:59.123683+00	f	\N	\N	\N	\N	\N	\N	\N	\N	\N	3546080d-2c22-4d3d-86b8-e5e9b13f1688	v1.0	t	\N	\N
35a6cb09-0ce0-4b99-a70e-cd054ef9a0f4	9d6ed249-52e0-4aa0-b4f8-e7371635e8da	\N	\N	\N	ov-usd-bucket	Library/Asset/MBD_SMT/FCCATM_H100/FCCATM_H100.usd	Library/Asset/MBD_SMT	thumbnails/20260508-微信图片_20260507155112_9_126.png	\N	ACTIVE	2026-05-05 03:13:36.72587+00	2026-05-21 09:26:42.97166+00	f	\N	\N	\N	\N	\N	\N	\N	\N	\N	35a6cb09-0ce0-4b99-a70e-cd054ef9a0f4	v1.0	t	\N	\N
3634ead1-92dd-4260-a2af-c29bb3ff9681	8b066395-7a38-4a54-b85a-bf5eaf327b87	\N	\N	\N	ov-usd-bucket	Library/Asset/HST_Dis_Assy_Sub/CT_HOUCCSSLYZ/CT_HOUCCSSLYZ.usd	Library/Asset/HST_Dis_Assy_Sub	thumbnails/default_equipment_thumbnail_picture.png	\N	ACTIVE	2026-05-19 06:54:38.469855+00	2026-05-19 06:54:38.469855+00	f	\N	\N	\N	\N	\N	\N	\N	\N	\N	3634ead1-92dd-4260-a2af-c29bb3ff9681	v1.0	t	\N	\N
367b81ec-d8d4-42b8-a7b6-c29958aecac3	db7e13bf-46cc-4563-b640-d0dbb63dd42a	\N	\N	\N	ov-usd-bucket	Library/Asset/MBD_VN/E01_6S_FiberTray001/E01_6S_FiberTray001.usd	Library/Asset/MBD_VN	thumbnails/default_equipment_thumbnail_picture.png	\N	ACTIVE	2026-05-06 06:58:42.47232+00	2026-05-21 09:26:42.97166+00	f	\N	\N	\N	\N	\N	\N	\N	\N	\N	367b81ec-d8d4-42b8-a7b6-c29958aecac3	v1.0	t	\N	\N
377f12f8-394a-4bfa-8a99-f531eeb921e0	65a42eec-6136-4f3e-9b46-969cc687674d	\N	\N	\N	ov-usd-bucket	Library/Asset/Machine/CT_HOP9YZJ_D/CT_HOP9YZJ_D.usd	Library/Asset/Machine	thumbnails/default_equipment_thumbnail_picture.png	\N	ACTIVE	2026-05-19 07:55:27.855028+00	2026-05-19 07:55:27.855028+00	f	\N	\N	\N	\N	\N	\N	\N	\N	\N	377f12f8-394a-4bfa-8a99-f531eeb921e0	v1.0	t	\N	\N
3894b1ed-71fd-499c-8f95-c57ebd8c780e	8128cfac-b457-4d0b-8fd6-672e74184064	\N	\N	\N	ov-usd-bucket	Library/Asset/HST_PACK/CT_HST_PACK_TARGAOI/CT_HST_PACK_TARGAOI.usd	Library/Asset/HST_PACK	thumbnails/default_equipment_thumbnail_picture.png	\N	ACTIVE	2026-05-19 06:51:59.123683+00	2026-05-19 06:51:59.123683+00	f	\N	\N	\N	\N	\N	\N	\N	\N	\N	3894b1ed-71fd-499c-8f95-c57ebd8c780e	v1.0	t	\N	\N
3baa205f-a1fc-4699-a5cf-4c93408181f3	2a4fc684-6a59-4aaa-94d0-cb784d60e800	\N	\N	\N	ov-usd-bucket	Library/Asset/MBD_VN/E01_2DETACHABLE/E01_2DETACHABLE.usd	Library/Asset/MBD_VN	thumbnails/20260519-Snipaste_2026-05-19_14-26-39.png	\N	ACTIVE	2026-05-06 06:58:42.47232+00	2026-05-21 09:26:42.97166+00	f	\N	\N	\N	\N	\N	\N	\N	\N	\N	3baa205f-a1fc-4699-a5cf-4c93408181f3	v1.0	t	\N	\N
3cf3b9ad-2c5b-4fc7-ba44-a5aa4aa279ea	e45537e3-3df5-4606-b125-b1f9b619f751	\N	\N	\N	ov-usd-bucket	Library/Asset/MBD_VN/E03_BRACKET/E03_BRACKET.usd	Library/Asset/MBD_VN	thumbnails/default_equipment_thumbnail_picture.png	\N	ACTIVE	2026-05-06 06:58:42.47232+00	2026-05-21 09:26:42.97166+00	f	\N	\N	\N	\N	\N	\N	\N	\N	\N	3cf3b9ad-2c5b-4fc7-ba44-a5aa4aa279ea	v1.0	t	\N	\N
3dc4595e-0b89-4605-9aa0-bc1850163f14	a36efc11-06cb-486e-824d-4e92bbac20a0	\N	\N	\N	ov-usd-bucket	Library/Asset/Machine/LCD_VI_45L/LCD_VI_45L.usd	Library/Asset/Machine	thumbnails/default_equipment_thumbnail_picture.png	\N	ACTIVE	2026-05-19 07:55:27.855028+00	2026-05-19 07:55:27.855028+00	f	\N	\N	\N	\N	\N	\N	\N	\N	\N	3dc4595e-0b89-4605-9aa0-bc1850163f14	v1.0	t	\N	\N
3e94bdc9-ea6b-46e5-97cb-28a7033a0a66	856072d7-7ea0-44fc-adbd-9a32b07ceeb6	\N	\N	\N	ov-usd-bucket	Library/Asset/MBD_Orchid/Spring_Clip/Spring_Clip.usd	Library/Asset/MBD_Orchid	thumbnails/default_equipment_thumbnail_picture.png	\N	ACTIVE	2026-05-07 09:06:57.268981+00	2026-05-21 09:26:42.97166+00	f	\N	\N	\N	\N	\N	\N	\N	\N	\N	3e94bdc9-ea6b-46e5-97cb-28a7033a0a66	v1.0	t	\N	\N
3ea70094-c3a4-448f-a507-6183ea5c3d96	6660b46f-bcc0-4808-bcd6-111a73e614e6	\N	\N	\N	ov-usd-bucket	Library/Asset/Machine/CT_HOUM548SFL25_T/CT_HOUM548SFL25_T.usd	Library/Asset/Machine	thumbnails/default_equipment_thumbnail_picture.png	\N	ACTIVE	2026-05-19 07:55:27.855028+00	2026-05-19 07:55:27.855028+00	f	\N	\N	\N	\N	\N	\N	\N	\N	\N	3ea70094-c3a4-448f-a507-6183ea5c3d96	v1.0	t	\N	\N
3f591307-ed6b-4d6a-9199-da6be3ac27a7	85923f87-67e4-4d1b-8e80-763cfe51ec99	\N	\N	\N	ov-usd-bucket	Library/Asset/HST_PTH/CT_TWNF10_08_00/CT_TWNF10_08_00.usd	Library/Asset/HST_PTH	thumbnails/default_equipment_thumbnail_picture.png	\N	ACTIVE	2026-05-19 07:11:35.399963+00	2026-05-19 07:11:35.399963+00	f	\N	\N	\N	\N	\N	\N	\N	\N	\N	3f591307-ed6b-4d6a-9199-da6be3ac27a7	v1.0	t	\N	\N
3f7e4478-3ef8-42de-aec3-9150766a544b	3b6ac295-98ea-46d3-aec1-7372bf0f8501	\N	\N	\N	ov-usd-bucket	Library/Asset/Machine/CT_HBNCZMULD/CT_HBNCZMULD.usd	Library/Asset/Machine	thumbnails/default_equipment_thumbnail_picture.png	\N	ACTIVE	2026-05-19 07:55:27.855028+00	2026-05-19 07:55:27.855028+00	f	\N	\N	\N	\N	\N	\N	\N	\N	\N	3f7e4478-3ef8-42de-aec3-9150766a544b	v1.0	t	\N	\N
4099a90c-4677-4b7d-ab1d-be76b7a694c0	8a8fdb5b-fc93-4d16-a43a-7ad64a1a406e	\N	\N	\N	ov-usd-bucket	Library/Asset/Machine/SWT_200A/SWT_200A.usd	Library/Asset/Machine	thumbnails/default_equipment_thumbnail_picture.png	\N	ACTIVE	2026-05-19 07:55:27.855028+00	2026-05-19 07:55:27.855028+00	f	\N	\N	\N	\N	\N	\N	\N	\N	\N	4099a90c-4677-4b7d-ab1d-be76b7a694c0	v1.0	t	\N	\N
4275eba0-8e47-4cdf-b0b5-5734a0ede21e	2e68722d-7b88-4333-a474-7b4d8e90adb0	\N	\N	\N	ov-usd-bucket	Library/Asset/MBD_SMT/PCT_LR/PCT_LR.usd	Library/Asset/MBD_SMT	thumbnails/20260516-PCT_LR.png	\N	ACTIVE	2026-05-05 03:13:36.72587+00	2026-05-21 09:26:42.97166+00	f	\N	\N	\N	\N	\N	\N	\N	\N	\N	4275eba0-8e47-4cdf-b0b5-5734a0ede21e	v1.0	t	\N	\N
4327f21e-1a87-4f1b-9fd3-896687de76da	08e38cb5-5848-4136-bf15-98dae0eeca4a	\N	\N	\N	ov-usd-bucket	Library/Asset/Machine/CT_HOUM548YH11/CT_HOUM548YH11.usd	Library/Asset/Machine	thumbnails/default_equipment_thumbnail_picture.png	\N	ACTIVE	2026-05-19 07:55:27.855028+00	2026-05-19 07:55:27.855028+00	f	\N	\N	\N	\N	\N	\N	\N	\N	\N	4327f21e-1a87-4f1b-9fd3-896687de76da	v1.0	t	\N	\N
4491ec2a-d295-460d-9886-cafbaf22a724	aa992baa-e013-43e9-874f-29d24f989795	\N	\N	\N	ov-usd-bucket	Library/Asset/Machine/CT_BNCZMTC/CT_BNCZMTC.usd	Library/Asset/Machine	thumbnails/default_equipment_thumbnail_picture.png	\N	ACTIVE	2026-05-19 07:55:27.855028+00	2026-05-19 07:55:27.855028+00	f	\N	\N	\N	\N	\N	\N	\N	\N	\N	4491ec2a-d295-460d-9886-cafbaf22a724	v1.0	t	\N	\N
4728d326-362e-450e-a4a2-4b8ef2df19a2	ebc6a762-b8d9-4099-bb42-327e9097ebba	\N	\N	\N	ov-usd-bucket	Library/Asset/MBD_PACK/roll_06/roll_06.usd	Library/Asset/MBD_PACK	thumbnails/20260516-Snipaste_2026-05-16_12-41-18.png	\N	ACTIVE	2026-05-06 06:50:11.27645+00	2026-05-21 09:26:42.97166+00	f	\N	\N	\N	\N	\N	\N	\N	\N	\N	4728d326-362e-450e-a4a2-4b8ef2df19a2	v1.0	t	\N	\N
490caf70-85a8-4378-95ae-5ddc1fb62607	cc7c2c5a-cf10-4eb1-98fe-9f07bb17cab7	\N	\N	\N	ov-usd-bucket	Library/Asset/Machine/YWD_400/YWD_400.usd	Library/Asset/Machine	thumbnails/default_equipment_thumbnail_picture.png	\N	ACTIVE	2026-05-19 07:55:27.855028+00	2026-05-19 07:55:27.855028+00	f	\N	\N	\N	\N	\N	\N	\N	\N	\N	490caf70-85a8-4378-95ae-5ddc1fb62607	v1.0	t	\N	\N
4bd6993b-8d20-4d28-b798-4e8a89623789	e3d03fc3-783a-466e-8587-3de0207da665	\N	\N	\N	ov-usd-bucket	Library/Asset/Machine/AUI_4000L_D/AUI_4000L_D.usd	Library/Asset/Machine	thumbnails/default_equipment_thumbnail_picture.png	\N	ACTIVE	2026-05-19 07:55:27.855028+00	2026-05-19 07:55:27.855028+00	f	\N	\N	\N	\N	\N	\N	\N	\N	\N	4bd6993b-8d20-4d28-b798-4e8a89623789	v1.0	t	\N	\N
4d5a6470-a623-4b63-a161-450b2134c84b	0e3a4262-d58e-47aa-a305-ca4c76c291c7	\N	\N	\N	ov-usd-bucket	Library/Asset/MBD_PACK/roll_05/roll_05.usd	Library/Asset/MBD_PACK	thumbnails/20260516-Snipaste_2026-05-16_12-40-59.png	\N	ACTIVE	2026-05-06 06:50:11.27645+00	2026-05-21 09:26:42.97166+00	f	\N	\N	\N	\N	\N	\N	\N	\N	\N	4d5a6470-a623-4b63-a161-450b2134c84b	v1.0	t	\N	\N
4d6b0eae-071b-4dc3-8e80-069b9d675eac	8e058c6f-aef0-4c3d-89e7-35d64f72f5aa	\N	\N	\N	ov-usd-bucket	Library/Asset/MBD_VN/E05_BOTTOMPLATE/E05_BOTTOMPLATE.usd	Library/Asset/MBD_VN	thumbnails/default_equipment_thumbnail_picture.png	\N	ACTIVE	2026-05-06 06:58:42.47232+00	2026-05-21 09:26:42.97166+00	f	\N	\N	\N	\N	\N	\N	\N	\N	\N	4d6b0eae-071b-4dc3-8e80-069b9d675eac	v1.0	t	\N	\N
4db30942-6727-412b-8fad-f85f0e700075	89488ee6-b912-45c1-88ee-03b58f1bdd30	\N	\N	\N	ov-usd-bucket	Library/Asset/Machine/CT_HBNCZSIOB/CT_HBNCZSIOB.usd	Library/Asset/Machine	thumbnails/default_equipment_thumbnail_picture.png	\N	ACTIVE	2026-05-19 07:55:27.855028+00	2026-05-19 07:55:27.855028+00	f	\N	\N	\N	\N	\N	\N	\N	\N	\N	4db30942-6727-412b-8fad-f85f0e700075	v1.0	t	\N	\N
4df04c41-dd5f-4511-9324-97af3c0deec0	909d9aef-41b7-4bff-b4a7-80f8f2be6105	\N	\N	\N	ov-usd-bucket	Library/Asset/Machine/FL_1500L/FL_1500L.usd	Library/Asset/Machine	thumbnails/default_equipment_thumbnail_picture.png	\N	ACTIVE	2026-05-19 07:55:27.855028+00	2026-05-19 07:55:27.855028+00	f	\N	\N	\N	\N	\N	\N	\N	\N	\N	4df04c41-dd5f-4511-9324-97af3c0deec0	v1.0	t	\N	\N
4e138e53-3fc2-4621-9d08-16b7620cf689	d4c7c31b-1985-4b40-97af-0168724deee4	\N	\N	\N	ov-usd-bucket	Library/Asset/MBD_VN/FCCATMH100/FCCATMH100.usd	Library/Asset/MBD_VN	thumbnails/default_equipment_thumbnail_picture.png	\N	ACTIVE	2026-05-06 06:58:42.47232+00	2026-05-21 09:26:42.97166+00	f	\N	\N	\N	\N	\N	\N	\N	\N	\N	4e138e53-3fc2-4621-9d08-16b7620cf689	v1.0	t	\N	\N
4e3a0216-8f99-46a6-ae23-6310f8111784	9a0a68aa-d07e-4627-b262-73e173d5bd2c	\N	\N	\N	ov-usd-bucket	Library/Asset/Machine/CT_HCM548DRJ2_R/CT_HCM548DRJ2_R.usd	Library/Asset/Machine	thumbnails/default_equipment_thumbnail_picture.png	\N	ACTIVE	2026-05-19 07:55:27.855028+00	2026-05-19 07:55:27.855028+00	f	\N	\N	\N	\N	\N	\N	\N	\N	\N	4e3a0216-8f99-46a6-ae23-6310f8111784	v1.0	t	\N	\N
4f33015a-306a-4362-b43b-c70fb840c7d7	a938b627-0c69-4039-a458-b78ba94cd1f1	\N	\N	\N	ov-usd-bucket	Library/Asset/Machine/CT_HOUM548PCB/CT_HOUM548PCB.usd	Library/Asset/Machine	thumbnails/default_equipment_thumbnail_picture.png	\N	ACTIVE	2026-05-19 07:55:27.855028+00	2026-05-19 07:55:27.855028+00	f	\N	\N	\N	\N	\N	\N	\N	\N	\N	4f33015a-306a-4362-b43b-c70fb840c7d7	v1.0	t	\N	\N
4fb5302e-cd98-465a-8913-6fa75e8d1aa3	29b590cf-d6d7-4140-9c92-ab2acb07cfc9	\N	\N	\N	ov-usd-bucket	Library/Asset/HST_PACK/CT_HOPBFKB/CT_HOPBFKB.usd	Library/Asset/HST_PACK	thumbnails/default_equipment_thumbnail_picture.png	\N	ACTIVE	2026-05-19 06:51:59.123683+00	2026-05-19 06:51:59.123683+00	f	\N	\N	\N	\N	\N	\N	\N	\N	\N	4fb5302e-cd98-465a-8913-6fa75e8d1aa3	v1.0	t	\N	\N
50816c71-d179-4c68-81c0-468a435cdf66	52764c51-fd69-4559-bac7-5488039a0b13	\N	\N	\N	ov-usd-bucket	Library/Asset/Machine/PG548_UT30_Test_Tray_Carrier_20250730/PG548_UT30_Test_Tray_Carrier_20250730.usd	Library/Asset/Machine	thumbnails/default_equipment_thumbnail_picture.png	\N	ACTIVE	2026-05-19 07:55:27.855028+00	2026-05-19 07:55:27.855028+00	f	\N	\N	\N	\N	\N	\N	\N	\N	\N	50816c71-d179-4c68-81c0-468a435cdf66	v1.0	t	\N	\N
51290357-c583-47ba-9c42-b49a51838f9a	bff06457-4fdc-413c-97b3-fea109c4c381	\N	\N	\N	ov-usd-bucket	Library/Asset/Machine/CT_BNCZMCVF/CT_BNCZMCVF.usd	Library/Asset/Machine	thumbnails/default_equipment_thumbnail_picture.png	\N	ACTIVE	2026-05-19 07:55:27.855028+00	2026-05-19 07:55:27.855028+00	f	\N	\N	\N	\N	\N	\N	\N	\N	\N	51290357-c583-47ba-9c42-b49a51838f9a	v1.0	t	\N	\N
51661fc6-df78-4aa5-b86c-fab9cbf20fb3	0e340b04-9763-439e-9ac2-45b866d60bcc	\N	\N	\N	ov-usd-bucket	Library/Asset/MBD_SMT/VT_610M_II/VT_610M_II.usd	Library/Asset/MBD_SMT	thumbnails/20260516-Snipaste_2026-05-16_12-35-24.png	\N	ACTIVE	2026-05-05 03:13:36.72587+00	2026-05-21 09:26:42.97166+00	f	\N	\N	\N	\N	\N	\N	\N	\N	\N	51661fc6-df78-4aa5-b86c-fab9cbf20fb3	v1.0	t	\N	\N
5274e1b7-5e58-404a-9b57-f1be86da64e5	641e88ad-9cf5-49b5-a857-e05a015bd154	\N	\N	\N	ov-usd-bucket	Library/Asset/Machine/CT_BNCZSDRJ/CT_BNCZSDRJ.usd	Library/Asset/Machine	thumbnails/default_equipment_thumbnail_picture.png	\N	ACTIVE	2026-05-19 07:55:27.855028+00	2026-05-19 07:55:27.855028+00	f	\N	\N	\N	\N	\N	\N	\N	\N	\N	5274e1b7-5e58-404a-9b57-f1be86da64e5	v1.0	t	\N	\N
5548f5cd-8887-4ebf-bdbd-573acc100ce5	0a0b24af-426c-4e6b-a399-663e304caa8e	\N	\N	\N	ov-usd-bucket	Library/Asset/MBD_OrchidBay/ORCHIDBAY_ASSEMBLY/ORCHIDBAY_ASSEMBLY.usd	Library/Asset/MBD_OrchidBay	thumbnails/default_equipment_thumbnail_picture.png	\N	ACTIVE	2026-05-07 09:12:34.571504+00	2026-05-07 09:12:34.571504+00	f	\N	\N	\N	\N	\N	\N	\N	\N	\N	5548f5cd-8887-4ebf-bdbd-573acc100ce5	v1.0	t	\N	\N
56d9d7fc-de59-4acd-8e84-c30522ff6eb1	103ab5fe-2a2b-44bb-ada3-89b5b6c4bb07	\N	\N	\N	ov-usd-bucket	Library/Asset/Machine/CT_BNCZSTPM/CT_BNCZSTPM.usd	Library/Asset/Machine	thumbnails/default_equipment_thumbnail_picture.png	\N	ACTIVE	2026-05-19 07:55:27.855028+00	2026-05-19 07:55:27.855028+00	f	\N	\N	\N	\N	\N	\N	\N	\N	\N	56d9d7fc-de59-4acd-8e84-c30522ff6eb1	v1.0	t	\N	\N
5781391a-9012-4332-9a9f-fab0bfb15c1d	e701f103-52fa-4ef9-a0c6-61d67894be65	\N	\N	\N	ov-usd-bucket	Library/Asset/Machine/CT_BNCCSHMF/CT_BNCCSHMF.usd	Library/Asset/Machine	thumbnails/default_equipment_thumbnail_picture.png	\N	ACTIVE	2026-05-19 07:55:27.855028+00	2026-05-19 07:55:27.855028+00	f	\N	\N	\N	\N	\N	\N	\N	\N	\N	5781391a-9012-4332-9a9f-fab0bfb15c1d	v1.0	t	\N	\N
578d3e70-19d1-4efc-8220-e2b00fc309ca	a1a61536-c5f2-4f94-8ca2-de107bebb162	\N	\N	\N	ov-usd-bucket	Library/Asset/Machine/TR7700L_SIII/TR7700L_SIII.usd	Library/Asset/Machine	thumbnails/default_equipment_thumbnail_picture.png	\N	ACTIVE	2026-05-19 07:55:27.855028+00	2026-05-19 07:55:27.855028+00	f	\N	\N	\N	\N	\N	\N	\N	\N	\N	578d3e70-19d1-4efc-8220-e2b00fc309ca	v1.0	t	\N	\N
5806257f-1824-4c1e-a371-6711284d48d1	1015375a-7926-4694-bfcd-9a8535d6efc4	\N	\N	\N	ov-usd-bucket	Library/Asset/Machine/SBC_200A/SBC_200A.usd	Library/Asset/Machine	thumbnails/default_equipment_thumbnail_picture.png	\N	ACTIVE	2026-05-19 07:55:27.855028+00	2026-05-19 07:55:27.855028+00	f	\N	\N	\N	\N	\N	\N	\N	\N	\N	5806257f-1824-4c1e-a371-6711284d48d1	v1.0	t	\N	\N
598e210a-ce84-41a1-9c78-4de2481f70a4	63bed8b4-b5f3-4593-9cb9-e56fca4312b1	\N	\N	\N	ov-usd-bucket	Library/Asset/Machine/CT_HCM548CNTSC12_R/CT_HCM548CNTSC12_R.usd	Library/Asset/Machine	thumbnails/default_equipment_thumbnail_picture.png	\N	ACTIVE	2026-05-19 07:55:27.855028+00	2026-05-19 07:55:27.855028+00	f	\N	\N	\N	\N	\N	\N	\N	\N	\N	598e210a-ce84-41a1-9c78-4de2481f70a4	v1.0	t	\N	\N
5d742625-30e7-4fbe-92dc-46dcba38aec0	e3a3951d-b5b7-4240-b425-da5277f420d8	\N	\N	\N	ov-usd-bucket	Library/Asset/HST_Dis_Assy_Sub/CT_HOUCCSYZ_1/CT_HOUCCSYZ_1.usd	Library/Asset/HST_Dis_Assy_Sub	thumbnails/default_equipment_thumbnail_picture.png	\N	ACTIVE	2026-05-19 06:54:38.469855+00	2026-05-19 06:54:38.469855+00	f	\N	\N	\N	\N	\N	\N	\N	\N	\N	5d742625-30e7-4fbe-92dc-46dcba38aec0	v1.0	t	\N	\N
61f54a0c-eaf5-4729-a336-ddf66403748f	7377c4d9-a8c3-4870-9064-d804f889ad0b	\N	\N	\N	ov-usd-bucket	Library/Asset/Machine/V810i_S2_XLT/V810i_S2_XLT.usd	Library/Asset/Machine	thumbnails/default_equipment_thumbnail_picture.png	\N	ACTIVE	2026-05-19 07:55:27.855028+00	2026-05-19 07:55:27.855028+00	f	\N	\N	\N	\N	\N	\N	\N	\N	\N	61f54a0c-eaf5-4729-a336-ddf66403748f	v1.0	t	\N	\N
63091374-77a8-4a66-8d27-395e0d7574bc	df0310d2-9a19-414a-95ae-823f268c6c4a	\N	\N	\N	ov-usd-bucket	Library/Asset/Machine/CT_HBNCZSCPSC1/CT_HBNCZSCPSC1.usd	Library/Asset/Machine	thumbnails/default_equipment_thumbnail_picture.png	\N	ACTIVE	2026-05-19 07:55:27.855028+00	2026-05-19 07:55:27.855028+00	f	\N	\N	\N	\N	\N	\N	\N	\N	\N	63091374-77a8-4a66-8d27-395e0d7574bc	v1.0	t	\N	\N
64575c37-3dd1-4f6f-99af-e96ebc10989c	4661b789-bfb1-48ee-9592-a7c66e69ad5e	\N	\N	\N	ov-usd-bucket	Library/Asset/HST_Dis_Assy_Sub/CT_HOUCCSLD/CT_HOUCCSLD.usd	Library/Asset/HST_Dis_Assy_Sub	thumbnails/default_equipment_thumbnail_picture.png	\N	ACTIVE	2026-05-19 06:54:38.469855+00	2026-05-19 06:54:38.469855+00	f	\N	\N	\N	\N	\N	\N	\N	\N	\N	64575c37-3dd1-4f6f-99af-e96ebc10989c	v1.0	t	\N	\N
64ecbeb8-72e1-49c4-b959-40b766e330cd	dae922f2-10dc-4682-8037-28fc84b9d253	\N	\N	\N	ov-usd-bucket	Library/Asset/HST_PTH/CT_HOP9ZJJ/CT_HOP9ZJJ.usd	Library/Asset/HST_PTH	thumbnails/default_equipment_thumbnail_picture.png	\N	ACTIVE	2026-05-19 07:11:35.399963+00	2026-05-19 07:11:35.399963+00	f	\N	\N	\N	\N	\N	\N	\N	\N	\N	64ecbeb8-72e1-49c4-b959-40b766e330cd	v1.0	t	\N	\N
66d16fa7-a251-4d71-8907-580b2109cb36	7ffb38e2-599e-405d-8586-33eebd7f6627	\N	\N	\N	ov-usd-bucket	Library/Asset/Machine/CT_HOP9PCBZZJ/CT_HOP9PCBZZJ.usd	Library/Asset/Machine	thumbnails/default_equipment_thumbnail_picture.png	\N	ACTIVE	2026-05-19 07:55:27.855028+00	2026-05-19 07:55:27.855028+00	f	\N	\N	\N	\N	\N	\N	\N	\N	\N	66d16fa7-a251-4d71-8907-580b2109cb36	v1.0	t	\N	\N
66d2bbeb-ae24-4d2a-824b-731ceb44b4ed	c0daaf58-e928-460d-b4b6-f599d5f2ad56	\N	\N	\N	ov-usd-bucket	Library/Asset/Machine/LZ2404013_02_00A/LZ2404013_02_00A.usd	Library/Asset/Machine	thumbnails/default_equipment_thumbnail_picture.png	\N	ACTIVE	2026-05-19 07:55:27.855028+00	2026-05-19 07:55:27.855028+00	f	\N	\N	\N	\N	\N	\N	\N	\N	\N	66d2bbeb-ae24-4d2a-824b-731ceb44b4ed	v1.0	t	\N	\N
6703a59a-b2de-49bd-bb8c-4f5414256a40	edeaade8-2eab-4573-bba5-6b886d2b1574	\N	\N	\N	ov-usd-bucket	Library/Asset/MBD_OrchidBay/FSP_ScrewFastening/FSP_ScrewFastening.usd	Library/Asset/MBD_OrchidBay	thumbnails/default_equipment_thumbnail_picture.png	\N	ACTIVE	2026-05-07 09:12:34.571504+00	2026-05-21 09:26:42.97166+00	f	\N	\N	\N	\N	\N	\N	\N	\N	\N	6703a59a-b2de-49bd-bb8c-4f5414256a40	v1.0	t	\N	\N
67f9274b-40d4-452d-96ac-b08703e0ccc1	de32ce7d-1363-4630-9fb3-3bc65757363b	\N	\N	\N	ov-usd-bucket	Library/Asset/MBD_PACK/packingbox/packingbox.usd	Library/Asset/MBD_PACK	thumbnails/20260516-Snipaste_2026-05-16_12-38-44.png	\N	ACTIVE	2026-05-06 06:50:11.27645+00	2026-05-16 04:38:58.980248+00	f	\N	\N	\N	\N	\N	\N	\N	\N	\N	67f9274b-40d4-452d-96ac-b08703e0ccc1	v1.0	t	\N	\N
689103e9-1d26-411b-9cf3-d1a5cbbff757	615f179c-d958-4f73-b439-781a50f65f5c	\N	\N	\N	ov-usd-bucket	Library/Asset/MBD_OrchidBay/AOI_IF/AOI_IF.usd	Library/Asset/MBD_OrchidBay	thumbnails/default_equipment_thumbnail_picture.png	\N	ACTIVE	2026-05-07 09:12:34.571504+00	2026-05-21 09:26:42.97166+00	f	\N	\N	\N	\N	\N	\N	\N	\N	\N	689103e9-1d26-411b-9cf3-d1a5cbbff757	v1.0	t	\N	\N
68ab0ea8-d97f-49cf-b406-40edf62ad623	945a35c4-cbcf-404a-b8c3-8ae9c2d89947	\N	\N	\N	ov-usd-bucket	Library/Asset/MBD_Orchid/Remove_Screws_Flip/Remove_Screws_Flip.usd	Library/Asset/MBD_Orchid	thumbnails/default_equipment_thumbnail_picture.png	\N	ACTIVE	2026-05-07 09:06:57.268981+00	2026-05-21 09:26:42.97166+00	f	\N	\N	\N	\N	\N	\N	\N	\N	\N	68ab0ea8-d97f-49cf-b406-40edf62ad623	v1.0	t	\N	\N
690b2d41-d17d-41c4-9049-c5451bb41ef7	49605f72-436e-40d8-9006-dbd6c9c23621	\N	\N	\N	ov-usd-bucket	Library/Asset/MBD_VN/LBS_MPO/LBS_MPO.usd	Library/Asset/MBD_VN	thumbnails/default_equipment_thumbnail_picture.png	\N	ACTIVE	2026-05-06 06:58:42.47232+00	2026-05-06 06:58:42.47232+00	f	\N	\N	\N	\N	\N	\N	\N	\N	\N	690b2d41-d17d-41c4-9049-c5451bb41ef7	v1.0	t	\N	\N
6999385e-4500-4d88-a065-97346a6e43ab	4068c8ad-dfe2-4e50-b61f-f3ce1e7e292f	\N	\N	\N	ov-usd-bucket	Library/Asset/Machine/CT_BNCZSIOB/CT_BNCZSIOB.usd	Library/Asset/Machine	thumbnails/default_equipment_thumbnail_picture.png	\N	ACTIVE	2026-05-19 07:55:27.855028+00	2026-05-19 07:55:27.855028+00	f	\N	\N	\N	\N	\N	\N	\N	\N	\N	6999385e-4500-4d88-a065-97346a6e43ab	v1.0	t	\N	\N
6a829ebc-3ebd-4afd-830d-b55ba4a68373	7be1bdf8-600f-4bf8-96be-712d111303f0	\N	\N	\N	ov-usd-bucket	Library/Asset/Machine/CT_HOUM548TPSL_R/CT_HOUM548TPSL_R.usd	Library/Asset/Machine	thumbnails/default_equipment_thumbnail_picture.png	\N	ACTIVE	2026-05-19 07:55:27.855028+00	2026-05-19 07:55:27.855028+00	f	\N	\N	\N	\N	\N	\N	\N	\N	\N	6a829ebc-3ebd-4afd-830d-b55ba4a68373	v1.0	t	\N	\N
6b03fc79-f8d8-4dd9-a785-7f2606a1c692	b0671be9-b4f0-4919-abe9-78d2c6e46e9f	\N	\N	\N	ov-usd-bucket	Library/Asset/MBD_VN/MMC/MMC.usd	Library/Asset/MBD_VN	thumbnails/default_equipment_thumbnail_picture.png	\N	ACTIVE	2026-05-06 06:58:42.47232+00	2026-05-06 06:58:42.47232+00	f	\N	\N	\N	\N	\N	\N	\N	\N	\N	6b03fc79-f8d8-4dd9-a785-7f2606a1c692	v1.0	t	\N	\N
6c6d1407-1da0-4d7b-9dec-c71de6157bdf	279c7cab-d299-4fe6-afd8-bbabbdee82f7	\N	\N	\N	ov-usd-bucket	Library/Asset/Machine/CT_BNCZSIOBSC/CT_BNCZSIOBSC.usd	Library/Asset/Machine	thumbnails/default_equipment_thumbnail_picture.png	\N	ACTIVE	2026-05-19 07:55:27.855028+00	2026-05-19 07:55:27.855028+00	f	\N	\N	\N	\N	\N	\N	\N	\N	\N	6c6d1407-1da0-4d7b-9dec-c71de6157bdf	v1.0	t	\N	\N
6d2a93ee-b2d8-4151-b628-16046523842d	f95ca39b-76b6-406d-83e0-dd592b458e36	\N	\N	\N	ov-usd-bucket	Library/Asset/Machine/CT_HBNCZSSL/CT_HBNCZSSL.usd	Library/Asset/Machine	thumbnails/default_equipment_thumbnail_picture.png	\N	ACTIVE	2026-05-19 07:55:27.855028+00	2026-05-19 07:55:27.855028+00	f	\N	\N	\N	\N	\N	\N	\N	\N	\N	6d2a93ee-b2d8-4151-b628-16046523842d	v1.0	t	\N	\N
708a05ba-da00-4779-9e61-60bd1a8cbf61	8ab4ac41-569b-45a2-aab4-cc4a8270d177	\N	\N	\N	ov-usd-bucket	Library/Asset/Machine/CT_BNCZMYZJ_02/CT_BNCZMYZJ_02.usd	Library/Asset/Machine	thumbnails/default_equipment_thumbnail_picture.png	\N	ACTIVE	2026-05-19 07:55:27.855028+00	2026-05-19 07:55:27.855028+00	f	\N	\N	\N	\N	\N	\N	\N	\N	\N	708a05ba-da00-4779-9e61-60bd1a8cbf61	v1.0	t	\N	\N
70a112bb-33bf-4116-a1cc-75d6f233c6af	83cba01c-4b6b-4475-b2bc-f7d6e73f52a5	\N	\N	\N	ov-usd-bucket	Library/Asset/Machine/CT_HCM548BSSC20_R/CT_HCM548BSSC20_R.usd	Library/Asset/Machine	thumbnails/default_equipment_thumbnail_picture.png	\N	ACTIVE	2026-05-19 07:55:27.855028+00	2026-05-19 07:55:27.855028+00	f	\N	\N	\N	\N	\N	\N	\N	\N	\N	70a112bb-33bf-4116-a1cc-75d6f233c6af	v1.0	t	\N	\N
70b75038-48ea-4fc4-8a58-7eb2347c71e9	ade2afb8-ffd5-4748-92f7-b0e755bed34d	\N	\N	\N	ov-usd-bucket	Library/Asset/MBD_Orchid/PCB_BOARD_AOI/PCB_BOARD_AOI.usd	Library/Asset/MBD_Orchid	thumbnails/default_equipment_thumbnail_picture.png	\N	ACTIVE	2026-05-07 09:06:57.268981+00	2026-05-21 09:26:42.97166+00	f	\N	\N	\N	\N	\N	\N	\N	\N	\N	70b75038-48ea-4fc4-8a58-7eb2347c71e9	v1.0	t	\N	\N
70ef8cb3-a034-416c-a639-c0200bb0240d	0505b206-1c59-49c0-a6da-42dfb549f8ff	\N	\N	\N	ov-usd-bucket	Library/Asset/Machine/CT_HCM548TS1_R/CT_HCM548TS1_R.usd	Library/Asset/Machine	thumbnails/default_equipment_thumbnail_picture.png	\N	ACTIVE	2026-05-19 07:55:27.855028+00	2026-05-19 07:55:27.855028+00	f	\N	\N	\N	\N	\N	\N	\N	\N	\N	70ef8cb3-a034-416c-a639-c0200bb0240d	v1.0	t	\N	\N
71c7bfc7-326a-4142-b343-9604cfa4e73d	14cd8d98-ffba-4bbf-9fec-8190190c8ee3	\N	\N	\N	ov-usd-bucket	Library/Asset/Machine/CT_HBNCZSBP/CT_HBNCZSBP.usd	Library/Asset/Machine	thumbnails/default_equipment_thumbnail_picture.png	\N	ACTIVE	2026-05-19 07:55:27.855028+00	2026-05-19 07:55:27.855028+00	f	\N	\N	\N	\N	\N	\N	\N	\N	\N	71c7bfc7-326a-4142-b343-9604cfa4e73d	v1.0	t	\N	\N
72b5940d-b741-4c89-a48a-c18a61872495	8eb3e55f-1805-477a-8258-0e5ea202c7c9	\N	\N	\N	ov-usd-bucket	Library/Asset/Machine/CT_TWNF09_15_Magazine/CT_TWNF09_15_Magazine.usd	Library/Asset/Machine	thumbnails/default_equipment_thumbnail_picture.png	\N	ACTIVE	2026-05-19 07:55:27.855028+00	2026-05-19 07:55:27.855028+00	f	\N	\N	\N	\N	\N	\N	\N	\N	\N	72b5940d-b741-4c89-a48a-c18a61872495	v1.0	t	\N	\N
72ca7a99-b282-4dd7-9b7d-28b45fc895c2	221d565d-c935-4e3c-8dc7-a1bf458c38e1	\N	\N	\N	ov-usd-bucket	Library/Asset/Machine/PF_Machine/PF_Machine.usd	Library/Asset/Machine	thumbnails/default_equipment_thumbnail_picture.png	\N	ACTIVE	2026-05-19 07:55:27.855028+00	2026-05-19 07:55:27.855028+00	f	\N	\N	\N	\N	\N	\N	\N	\N	\N	72ca7a99-b282-4dd7-9b7d-28b45fc895c2	v1.0	t	\N	\N
743f1c38-92d1-41f5-801d-310990ef5da1	8adeecf3-a6c5-419a-9997-0e5fde57d005	\N	\N	\N	ov-usd-bucket	Library/Asset/Machine/PG548_TEST_TRAY/PG548_TEST_TRAY.usd	Library/Asset/Machine	thumbnails/default_equipment_thumbnail_picture.png	\N	ACTIVE	2026-05-19 07:55:27.855028+00	2026-05-19 07:55:27.855028+00	f	\N	\N	\N	\N	\N	\N	\N	\N	\N	743f1c38-92d1-41f5-801d-310990ef5da1	v1.0	t	\N	\N
76180736-4074-4f93-ad2d-5161c5e1b62b	e1aea183-c07f-4604-a675-db4ed78cc61d	\N	\N	\N	ov-usd-bucket	Library/Asset/Machine/CT_TWNF09_13/CT_TWNF09_13.usd	Library/Asset/Machine	thumbnails/default_equipment_thumbnail_picture.png	\N	ACTIVE	2026-05-19 07:55:27.855028+00	2026-05-19 07:55:27.855028+00	f	\N	\N	\N	\N	\N	\N	\N	\N	\N	76180736-4074-4f93-ad2d-5161c5e1b62b	v1.0	t	\N	\N
7638a97d-9d50-41e8-86a2-5f40e6ea58e2	211018c2-ef34-4fff-b1e2-0b63034415bc	\N	\N	\N	ov-usd-bucket	Library/Asset/Machine/CT_HCM548DRJ2/CT_HCM548DRJ2.usd	Library/Asset/Machine	thumbnails/default_equipment_thumbnail_picture.png	\N	ACTIVE	2026-05-19 07:55:27.855028+00	2026-05-19 07:55:27.855028+00	f	\N	\N	\N	\N	\N	\N	\N	\N	\N	7638a97d-9d50-41e8-86a2-5f40e6ea58e2	v1.0	t	\N	\N
77471419-f146-4bec-95b6-77fdcdadedb6	61ba2482-699f-4994-b070-d107bcb31567	\N	\N	\N	ov-usd-bucket	Library/Asset/MBD_SMT/VCO_C80L/VCO_C80L.usd	Library/Asset/MBD_SMT	thumbnails/20260516-VCO_C80L.png	\N	ACTIVE	2026-05-05 03:13:36.72587+00	2026-05-21 09:26:42.97166+00	f	\N	\N	\N	\N	\N	\N	\N	\N	\N	77471419-f146-4bec-95b6-77fdcdadedb6	v1.0	t	\N	\N
77a78e5d-2617-4b1a-aba7-c79425ebcab3	49f07603-ae01-400d-9b1a-f31fb9045b0c	\N	\N	\N	ov-usd-bucket	Library/Asset/Machine/SBC_100A/SBC_100A.usd	Library/Asset/Machine	thumbnails/default_equipment_thumbnail_picture.png	\N	ACTIVE	2026-05-19 07:55:27.855028+00	2026-05-19 07:55:27.855028+00	f	\N	\N	\N	\N	\N	\N	\N	\N	\N	77a78e5d-2617-4b1a-aba7-c79425ebcab3	v1.0	t	\N	\N
789f0e3e-bcc9-4ee1-beee-f73d98df7498	7d8bb5fe-8322-4089-9dac-4966de717d8d	\N	\N	\N	ov-usd-bucket	Library/Asset/MBD_VN/Fibertray/Fibertray.usd	Library/Asset/MBD_VN	thumbnails/20260519-Snipaste_2026-05-19_14-24-05.png	\N	ACTIVE	2026-05-06 06:58:42.47232+00	2026-05-19 06:24:29.733099+00	f	\N	\N	\N	\N	\N	\N	\N	\N	\N	789f0e3e-bcc9-4ee1-beee-f73d98df7498	v1.0	t	\N	\N
7a04259f-424e-40ea-aab1-795290501022	2ab6a6ef-b4d4-4af0-85fc-5f0a8d155b02	\N	\N	\N	ov-usd-bucket	Library/Asset/Machine/CT_HOP9SSJ/CT_HOP9SSJ.usd	Library/Asset/Machine	thumbnails/default_equipment_thumbnail_picture.png	\N	ACTIVE	2026-05-19 07:55:27.855028+00	2026-05-19 07:55:27.855028+00	f	\N	\N	\N	\N	\N	\N	\N	\N	\N	7a04259f-424e-40ea-aab1-795290501022	v1.0	t	\N	\N
7af58fb0-2ea2-4b7f-a16f-847be75d5ad8	74ae760c-e0ea-4d6f-ae42-beae8a3394e5	\N	\N	\N	ov-usd-bucket	Library/Asset/MBD_OrchidBay/SFG_DFL02/SFG_DFL02.usd	Library/Asset/MBD_OrchidBay	thumbnails/default_equipment_thumbnail_picture.png	\N	ACTIVE	2026-05-07 09:12:34.571504+00	2026-05-21 09:26:42.97166+00	f	\N	\N	\N	\N	\N	\N	\N	\N	\N	7af58fb0-2ea2-4b7f-a16f-847be75d5ad8	v1.0	t	\N	\N
7dfaa58f-e509-44fe-850a-a5f7371876b5	1f2feb2a-db52-4533-8bf0-4fe5d67a602a	\N	\N	\N	ov-usd-bucket	Library/Asset/Machine/CT_HCM548SFL25_R/CT_HCM548SFL25_R.usd	Library/Asset/Machine	thumbnails/default_equipment_thumbnail_picture.png	\N	ACTIVE	2026-05-19 07:55:27.855028+00	2026-05-19 07:55:27.855028+00	f	\N	\N	\N	\N	\N	\N	\N	\N	\N	7dfaa58f-e509-44fe-850a-a5f7371876b5	v1.0	t	\N	\N
7e442ea3-7c22-400d-99b0-e22a328d76cd	2a86d7e8-acde-46a3-8119-590f87a2d2c0	\N	\N	\N	ov-usd-bucket	Library/Asset/Machine/8300_32SLC/8300_32SLC.usd	Library/Asset/Machine	thumbnails/default_equipment_thumbnail_picture.png	\N	ACTIVE	2026-05-19 07:55:27.855028+00	2026-05-19 07:55:27.855028+00	f	\N	\N	\N	\N	\N	\N	\N	\N	\N	7e442ea3-7c22-400d-99b0-e22a328d76cd	v1.0	t	\N	\N
7e781deb-eee1-4bea-8a66-962ea49e66ad	934843bb-83d9-4235-b100-83275dbfa64d	\N	\N	\N	ov-usd-bucket	Library/Asset/MBD_VN/E01_Flippingtray004/E01_Flippingtray004.usd	Library/Asset/MBD_VN	thumbnails/default_equipment_thumbnail_picture.png	\N	ACTIVE	2026-05-06 06:58:42.47232+00	2026-05-06 06:58:42.47232+00	f	\N	\N	\N	\N	\N	\N	\N	\N	\N	7e781deb-eee1-4bea-8a66-962ea49e66ad	v1.0	t	\N	\N
7edfc40b-010a-4e4e-acb8-ecf94b495f0e	0bdd6979-cf06-4813-a5d4-2e190615ecaa	\N	\N	\N	ov-usd-bucket	Library/Asset/MBD_PACK/Packing_01/Packing_01.usd	Library/Asset/MBD_PACK	thumbnails/20260516-Snipaste_2026-05-16_12-36-04.png	\N	ACTIVE	2026-05-06 06:50:11.27645+00	2026-05-21 09:26:42.97166+00	f	\N	\N	\N	\N	\N	\N	\N	\N	\N	7edfc40b-010a-4e4e-acb8-ecf94b495f0e	v1.0	t	\N	\N
7eed28be-cfc9-4b16-8362-f3d609ac80a0	e66b3747-b1ec-4966-ace6-b68b197565d5	\N	\N	\N	ov-usd-bucket	Library/Asset/Machine/Test_Assy_Roller0248/Test_Assy_Roller0248.usd	Library/Asset/Machine	thumbnails/default_equipment_thumbnail_picture.png	\N	ACTIVE	2026-05-19 07:55:27.855028+00	2026-05-19 07:55:27.855028+00	f	\N	\N	\N	\N	\N	\N	\N	\N	\N	7eed28be-cfc9-4b16-8362-f3d609ac80a0	v1.0	t	\N	\N
7f1cd83c-bf21-42a7-b64b-15c6fda162ad	d57292bf-83c4-4431-83b3-c188bd44c87a	\N	\N	\N	ov-usd-bucket	Library/Asset/MBD_SMT/VT_360SAM_P/VT_360SAM_P.usd	Library/Asset/MBD_SMT	thumbnails/20260516-VT_360SAM_P.png	\N	ACTIVE	2026-05-05 03:13:36.72587+00	2026-05-21 09:26:42.97166+00	f	\N	\N	\N	\N	\N	\N	\N	\N	\N	7f1cd83c-bf21-42a7-b64b-15c6fda162ad	v1.0	t	\N	\N
7f90d528-636b-4d74-b648-084055fa2b2f	ab0e23d9-14c9-40af-87e1-bce72221164f	\N	\N	\N	ov-usd-bucket	Library/Asset/Machine/CT_HBNCZMCVRG/CT_HBNCZMCVRG.usd	Library/Asset/Machine	thumbnails/default_equipment_thumbnail_picture.png	\N	ACTIVE	2026-05-19 07:55:27.855028+00	2026-05-19 07:55:27.855028+00	f	\N	\N	\N	\N	\N	\N	\N	\N	\N	7f90d528-636b-4d74-b648-084055fa2b2f	v1.0	t	\N	\N
800b767b-a44d-4cca-89d7-f9100d69bfd9	ca0605e8-31b6-4edc-8c83-f1a38a5dbc1b	\N	\N	\N	ov-usd-bucket	Library/Asset/HST_PTH/CT_HOP9SLJ/CT_HOP9SLJ.usd	Library/Asset/HST_PTH	thumbnails/default_equipment_thumbnail_picture.png	\N	ACTIVE	2026-05-19 07:11:35.399963+00	2026-05-19 07:11:35.399963+00	f	\N	\N	\N	\N	\N	\N	\N	\N	\N	800b767b-a44d-4cca-89d7-f9100d69bfd9	v1.0	t	\N	\N
81451407-bbf6-4287-b218-498266b09834	bfcc681e-fa41-4404-a648-218159dbb5ac	\N	\N	\N	ov-usd-bucket	Library/Asset/Machine/CT_HOUM548DRJ2/CT_HOUM548DRJ2.usd	Library/Asset/Machine	thumbnails/default_equipment_thumbnail_picture.png	\N	ACTIVE	2026-05-19 07:55:27.855028+00	2026-05-19 07:55:27.855028+00	f	\N	\N	\N	\N	\N	\N	\N	\N	\N	81451407-bbf6-4287-b218-498266b09834	v1.0	t	\N	\N
8207ef1f-9df0-46f7-b016-41f99a14f20a	d3a5f1cb-163c-4587-895e-b3071b5127f9	\N	\N	\N	ov-usd-bucket	Library/Asset/Machine/CT_TWNF10_07_A00_09/CT_TWNF10_07_A00_09.usd	Library/Asset/Machine	thumbnails/default_equipment_thumbnail_picture.png	\N	ACTIVE	2026-05-19 07:55:27.855028+00	2026-05-19 07:55:27.855028+00	f	\N	\N	\N	\N	\N	\N	\N	\N	\N	8207ef1f-9df0-46f7-b016-41f99a14f20a	v1.0	t	\N	\N
825e6628-ca56-434e-a173-b632cb9f6b57	e5f354fb-b7c3-407f-b808-0ff8e84bed15	\N	\N	\N	ov-usd-bucket	Library/Asset/MBD_OrchidBay/SFG_DFL01/SFG_DFL01.usd	Library/Asset/MBD_OrchidBay	thumbnails/default_equipment_thumbnail_picture.png	\N	ACTIVE	2026-05-07 09:12:34.571504+00	2026-05-21 09:26:42.97166+00	f	\N	\N	\N	\N	\N	\N	\N	\N	\N	825e6628-ca56-434e-a173-b632cb9f6b57	v1.0	t	\N	\N
83cda1a4-499c-444f-a005-b13f2c3756c5	5cbc99d2-240d-40a9-adb5-02fce3ab051a	\N	\N	\N	ov-usd-bucket	Library/Asset/Machine/NeoHorizon_03ix/NeoHorizon_03ix.usd	Library/Asset/Machine	thumbnails/default_equipment_thumbnail_picture.png	\N	ACTIVE	2026-05-19 07:55:27.855028+00	2026-05-19 07:55:27.855028+00	f	\N	\N	\N	\N	\N	\N	\N	\N	\N	83cda1a4-499c-444f-a005-b13f2c3756c5	v1.0	t	\N	\N
85880acd-78c7-466c-9773-d13d966a3564	a42d312c-a794-4ec6-9f50-221e344ea8b9	\N	\N	\N	ov-usd-bucket	Library/Asset/MBD_SMT/JET8800TB27/JET8800TB27.usd	Library/Asset/MBD_SMT	thumbnails/20260516-JET8800TB27.png	\N	ACTIVE	2026-05-05 03:13:36.72587+00	2026-05-21 11:40:10.064597+00	f	\N	\N	\N	\N	\N	\N	\N	\N	\N	85880acd-78c7-466c-9773-d13d966a3564	v1.0	t	\N	\N
859c2325-c63d-4daf-a40b-fadc63464f70	e28b06d3-a90d-462c-9403-9d6de5670d95	\N	\N	\N	ov-usd-bucket	Library/Asset/Machine/CT_HOUM548TPSL_L/CT_HOUM548TPSL_L.usd	Library/Asset/Machine	thumbnails/default_equipment_thumbnail_picture.png	\N	ACTIVE	2026-05-19 07:55:27.855028+00	2026-05-19 07:55:27.855028+00	f	\N	\N	\N	\N	\N	\N	\N	\N	\N	859c2325-c63d-4daf-a40b-fadc63464f70	v1.0	t	\N	\N
85d0e7ef-3a50-47cb-89f2-f4428eff0a9a	95a90d49-3f3d-449e-80f6-1f7ad54cbce9	\N	\N	\N	ov-usd-bucket	Library/Asset/SORTING/CT_SORTROLLER/CT_SORTROLLER.usd	Library/Asset/SORTING	thumbnails/default_equipment_thumbnail_picture.png	\N	ACTIVE	2026-05-22 01:35:02.194805+00	2026-05-22 01:35:02.194805+00	f	\N	\N	\N	\N	\N	\N	\N	\N	\N	85d0e7ef-3a50-47cb-89f2-f4428eff0a9a	v1.0	t	\N	\N
85ed7c11-3d4e-44b7-9c89-ff29c69e11db	8fa7060a-657f-4c89-a7b8-2a25d6e2138f	\N	\N	\N	ov-usd-bucket	Library/Asset/MBD_VN/E02_TOPELSFP/E02_TOPELSFP.usd	Library/Asset/MBD_VN	thumbnails/default_equipment_thumbnail_picture.png	\N	ACTIVE	2026-05-06 06:58:42.47232+00	2026-05-21 09:26:42.97166+00	f	\N	\N	\N	\N	\N	\N	\N	\N	\N	85ed7c11-3d4e-44b7-9c89-ff29c69e11db	v1.0	t	\N	\N
869cd37a-048a-41f2-832f-35578e8265cc	3c7b88fe-17c1-4aca-b722-721dcf2ce7b0	\N	\N	\N	ov-usd-bucket	Library/Asset/Machine/MSS_L_T3F3/MSS_L_T3F3.usd	Library/Asset/Machine	thumbnails/default_equipment_thumbnail_picture.png	\N	ACTIVE	2026-05-19 07:55:27.855028+00	2026-05-19 07:55:27.855028+00	f	\N	\N	\N	\N	\N	\N	\N	\N	\N	869cd37a-048a-41f2-832f-35578e8265cc	v1.0	t	\N	\N
8752e4b4-417b-4db8-9572-a36b8c5140a3	96f9f986-e715-4468-b170-435c8647bf57	\N	\N	\N	ov-usd-bucket	Library/Asset/MBD_SMT/IJETC7L/IJETC7L.usd	Library/Asset/MBD_SMT	thumbnails/20260508-微信图片_20260507155339_14_126.png	\N	ACTIVE	2026-05-05 03:13:36.72587+00	2026-05-21 09:26:42.97166+00	f	\N	\N	\N	\N	\N	\N	\N	\N	\N	8752e4b4-417b-4db8-9572-a36b8c5140a3	v1.0	t	\N	\N
876146d1-512c-4268-9253-2873f309083a	d10e8b8a-2455-40c8-a10f-c9ff8367c1a1	\N	\N	\N	ov-usd-bucket	Library/Asset/MBD_VN/ELSFP/ELSFP.usd	Library/Asset/MBD_VN	thumbnails/default_equipment_thumbnail_picture.png	\N	ACTIVE	2026-05-06 06:58:42.47232+00	2026-05-06 06:58:42.47232+00	f	\N	\N	\N	\N	\N	\N	\N	\N	\N	876146d1-512c-4268-9253-2873f309083a	v1.0	t	\N	\N
8a08190c-1141-4c4e-b58f-3889bb213e45	8e3ecd43-650b-4b95-9a38-303de2ea8fc9	\N	\N	\N	ov-usd-bucket	Library/Asset/MBD_OrchidBay/Front_FA/Front_FA.usd	Library/Asset/MBD_OrchidBay	thumbnails/default_equipment_thumbnail_picture.png	\N	ACTIVE	2026-05-07 09:12:34.571504+00	2026-05-21 09:26:42.97166+00	f	\N	\N	\N	\N	\N	\N	\N	\N	\N	8a08190c-1141-4c4e-b58f-3889bb213e45	v1.0	t	\N	\N
8b1cd1b8-5984-4c34-9ed9-2a73fb1901ec	1e35c0dc-99aa-4dbb-b495-e5cf2e1eee22	\N	\N	\N	ov-usd-bucket	Library/Asset/Machine/CT_HOUM548DRJBF/CT_HOUM548DRJBF.usd	Library/Asset/Machine	thumbnails/default_equipment_thumbnail_picture.png	\N	ACTIVE	2026-05-19 07:55:27.855028+00	2026-05-19 07:55:27.855028+00	f	\N	\N	\N	\N	\N	\N	\N	\N	\N	8b1cd1b8-5984-4c34-9ed9-2a73fb1901ec	v1.0	t	\N	\N
8b463bfc-c897-46b9-bf14-3b90852ffee9	c810dd88-8b75-4335-9496-49d06a3fc62f	\N	\N	\N	ov-usd-bucket	Library/Asset/MBD_PACK/Packing_05/Packing_05.usd	Library/Asset/MBD_PACK	thumbnails/20260516-Snipaste_2026-05-16_12-37-13.png	\N	ACTIVE	2026-05-06 06:50:11.27645+00	2026-05-21 09:26:42.97166+00	f	\N	\N	\N	\N	\N	\N	\N	\N	\N	8b463bfc-c897-46b9-bf14-3b90852ffee9	v1.0	t	\N	\N
8b705cf6-ce0b-4c11-91b1-921689edd095	8bc2c453-b232-4717-ad02-ecaa5200c38a	\N	\N	\N	ov-usd-bucket	Library/Asset/Machine/CT_TWNF09_14/CT_TWNF09_14.usd	Library/Asset/Machine	thumbnails/default_equipment_thumbnail_picture.png	\N	ACTIVE	2026-05-19 07:55:27.855028+00	2026-05-19 07:55:27.855028+00	f	\N	\N	\N	\N	\N	\N	\N	\N	\N	8b705cf6-ce0b-4c11-91b1-921689edd095	v1.0	t	\N	\N
8b84516e-8114-45f5-b83e-d80ffaf2f768	4478cd93-46ed-4f75-8d9c-70abb1e4b75a	\N	\N	\N	ov-usd-bucket	Library/Asset/HST_PACK/CT_HOPBFWX2/CT_HOPBFWX2.usd	Library/Asset/HST_PACK	thumbnails/default_equipment_thumbnail_picture.png	\N	ACTIVE	2026-05-19 06:51:59.123683+00	2026-05-19 06:51:59.123683+00	f	\N	\N	\N	\N	\N	\N	\N	\N	\N	8b84516e-8114-45f5-b83e-d80ffaf2f768	v1.0	t	\N	\N
8b94db77-c030-4073-a479-6a1b3cc19787	55fdc731-68ff-4346-bbbc-27a48f2ced82	\N	\N	\N	ov-usd-bucket	Library/Asset/MBD_Orchid/Remove_WCPAI/Remove_WCPAI.usd	Library/Asset/MBD_Orchid	thumbnails/default_equipment_thumbnail_picture.png	\N	ACTIVE	2026-05-07 09:06:57.268981+00	2026-05-21 09:26:42.97166+00	f	\N	\N	\N	\N	\N	\N	\N	\N	\N	8b94db77-c030-4073-a479-6a1b3cc19787	v1.0	t	\N	\N
8bafa7e8-56f0-4306-85b7-5d5f3736e7d6	28b9b19d-4788-4865-a612-3ba0452094fc	\N	\N	\N	ov-usd-bucket	Library/Asset/HST_PTH/CT_PTH_RS_TBL/CT_PTH_RS_TBL.usd	Library/Asset/HST_PTH	thumbnails/default_equipment_thumbnail_picture.png	\N	ACTIVE	2026-05-19 07:11:35.399963+00	2026-05-19 07:11:35.399963+00	f	\N	\N	\N	\N	\N	\N	\N	\N	\N	8bafa7e8-56f0-4306-85b7-5d5f3736e7d6	v1.0	t	\N	\N
8d56a91f-b16f-4381-8979-1dde2d7c459d	485abeab-0315-4e63-bfd8-95bde785d477	\N	\N	\N	ov-usd-bucket	Library/Asset/HST_PACK/CT_HOPBHM/CT_HOPBHM.usd	Library/Asset/HST_PACK	thumbnails/default_equipment_thumbnail_picture.png	\N	ACTIVE	2026-05-19 06:51:59.123683+00	2026-05-19 06:51:59.123683+00	f	\N	\N	\N	\N	\N	\N	\N	\N	\N	8d56a91f-b16f-4381-8979-1dde2d7c459d	v1.0	t	\N	\N
8f238f0e-dbfb-4079-9b36-265b498ae9af	23874995-0caa-4dce-b15d-5a98110b7659	\N	\N	\N	ov-usd-bucket	Library/Asset/Machine/Conveyor_80cm/Conveyor_80cm.usd	Library/Asset/Machine	thumbnails/default_equipment_thumbnail_picture.png	\N	ACTIVE	2026-05-19 07:55:27.855028+00	2026-05-19 07:55:27.855028+00	f	\N	\N	\N	\N	\N	\N	\N	\N	\N	8f238f0e-dbfb-4079-9b36-265b498ae9af	v1.0	t	\N	\N
8fcb42cd-1f8e-4989-a676-23409378bda8	1bda69ad-1593-4ba3-95fd-a99a4e8cdde1	\N	\N	\N	ov-usd-bucket	Library/Asset/HST_ASRS/MYTSJH000/MYTSJH000.usd	Library/Asset/HST_ASRS	thumbnails/default_equipment_thumbnail_picture.png	\N	ACTIVE	2026-05-21 11:39:27.413971+00	2026-05-21 11:39:27.413971+00	f	\N	\N	\N	\N	\N	\N	\N	\N	\N	8fcb42cd-1f8e-4989-a676-23409378bda8	v1.0	t	\N	\N
90918e6d-854c-4ee1-841e-a2dff7d7d2b8	35baedfb-0384-4225-a546-2bba18f28652	\N	\N	\N	ov-usd-bucket	Library/Asset/Machine/CT_BNCZSMD/CT_BNCZSMD.usd	Library/Asset/Machine	thumbnails/default_equipment_thumbnail_picture.png	\N	ACTIVE	2026-05-19 07:55:27.855028+00	2026-05-19 07:55:27.855028+00	f	\N	\N	\N	\N	\N	\N	\N	\N	\N	90918e6d-854c-4ee1-841e-a2dff7d7d2b8	v1.0	t	\N	\N
91180fa6-bfc9-4975-8e1f-211be16f1b4a	1905498a-8087-4339-aa7a-67d74b383d91	\N	\N	\N	ov-usd-bucket	Library/Asset/Machine/CT_BNCZSPCBSC/CT_BNCZSPCBSC.usd	Library/Asset/Machine	thumbnails/default_equipment_thumbnail_picture.png	\N	ACTIVE	2026-05-19 07:55:27.855028+00	2026-05-19 07:55:27.855028+00	f	\N	\N	\N	\N	\N	\N	\N	\N	\N	91180fa6-bfc9-4975-8e1f-211be16f1b4a	v1.0	t	\N	\N
91309dd1-7757-4d23-8de0-807637200a05	a3c4e45a-d189-459e-9900-856a0b140a32	\N	\N	\N	ov-usd-bucket	Library/Asset/MBD_PACK/packingpan/packingpan.usd	Library/Asset/MBD_PACK	thumbnails/20260516-Snipaste_2026-05-16_12-39-09.png	\N	ACTIVE	2026-05-06 06:50:11.27645+00	2026-05-16 04:39:20.265355+00	f	\N	\N	\N	\N	\N	\N	\N	\N	\N	91309dd1-7757-4d23-8de0-807637200a05	v1.0	t	\N	\N
93d64d07-df75-4f3a-a3f3-20d88e47a3fc	7f0be4c8-58ee-4e96-9f70-84ba5bc3ab99	\N	\N	\N	ov-usd-bucket	Library/Asset/HST_PACK/CT_HST_Pack_Trolley/CT_HST_Pack_Trolley.usd	Library/Asset/HST_PACK	thumbnails/default_equipment_thumbnail_picture.png	\N	ACTIVE	2026-05-19 06:51:59.123683+00	2026-05-19 06:51:59.123683+00	f	\N	\N	\N	\N	\N	\N	\N	\N	\N	93d64d07-df75-4f3a-a3f3-20d88e47a3fc	v1.0	t	\N	\N
9a27b510-c73f-4df9-9c23-7b41d6e472b9	b1caeff9-df07-4ce6-854c-76c6f175a12c	\N	\N	\N	ov-usd-bucket	Library/Asset/MBD_PACK/Packing_02/Packing_02.usd	Library/Asset/MBD_PACK	thumbnails/20260516-Snipaste_2026-05-16_12-36-22.png	\N	ACTIVE	2026-05-06 06:50:11.27645+00	2026-05-21 09:26:42.97166+00	f	\N	\N	\N	\N	\N	\N	\N	\N	\N	9a27b510-c73f-4df9-9c23-7b41d6e472b9	v1.0	t	\N	\N
9e477691-c191-40ad-93e9-d58f439d9a2c	8120b127-e25f-47c1-a607-d51f828ffd27	\N	\N	\N	ov-usd-bucket	Library/Asset/MBD_OrchidBay/SFG_IGR/SFG_IGR.usd	Library/Asset/MBD_OrchidBay	thumbnails/default_equipment_thumbnail_picture.png	\N	ACTIVE	2026-05-07 09:12:34.571504+00	2026-05-21 09:26:42.97166+00	f	\N	\N	\N	\N	\N	\N	\N	\N	\N	9e477691-c191-40ad-93e9-d58f439d9a2c	v1.0	t	\N	\N
9e76feda-a2db-49d5-8132-0ab564230db9	ebe56f3d-13af-4f74-9a27-880c3bc4a954	\N	\N	\N	ov-usd-bucket	Library/Asset/MBD_VN/E07_CSMTOPCOLLING/E07_CSMTOPCOLLING.usd	Library/Asset/MBD_VN	thumbnails/default_equipment_thumbnail_picture.png	\N	ACTIVE	2026-05-06 06:58:42.47232+00	2026-05-21 09:26:42.97166+00	f	\N	\N	\N	\N	\N	\N	\N	\N	\N	9e76feda-a2db-49d5-8132-0ab564230db9	v1.0	t	\N	\N
9e7e6310-3495-468f-ade2-28583542079e	8774bda2-4336-4eea-ad9d-aeba52ed9691	\N	\N	\N	ov-usd-bucket	Library/Asset/MBD_SMT/TR7500L_SIII/TR7500L_SIII.usd	Library/Asset/MBD_SMT	thumbnails/20260516-Snipaste_2026-05-16_12-32-52.png	\N	ACTIVE	2026-05-05 03:13:36.72587+00	2026-05-21 09:26:42.97166+00	f	\N	\N	\N	\N	\N	\N	\N	\N	\N	9e7e6310-3495-468f-ade2-28583542079e	v1.0	t	\N	\N
9ed4b642-c26c-491c-816f-9e818bb70549	85675bbc-6569-4444-87a1-a9382045efa4	\N	\N	\N	ov-usd-bucket	Library/Asset/MBD_VN/E01_1AOIScrewFasten/E01_1AOIScrewFasten.usd	Library/Asset/MBD_VN	thumbnails/20260519-Snipaste_2026-05-19_14-26-09.png	\N	ACTIVE	2026-05-06 06:58:42.47232+00	2026-05-19 06:26:24.898539+00	f	\N	\N	\N	\N	\N	\N	\N	\N	\N	9ed4b642-c26c-491c-816f-9e818bb70549	v1.0	t	\N	\N
9ee86c61-5f07-4ba7-b29b-e4a1b43e8c25	eb668cdc-c24c-42ac-b1de-7880f0c92e96	\N	\N	\N	ov-usd-bucket	Library/Asset/Machine/TR8100_LV/TR8100_LV.usd	Library/Asset/Machine	thumbnails/default_equipment_thumbnail_picture.png	\N	ACTIVE	2026-05-19 07:55:27.855028+00	2026-05-19 07:55:27.855028+00	f	\N	\N	\N	\N	\N	\N	\N	\N	\N	9ee86c61-5f07-4ba7-b29b-e4a1b43e8c25	v1.0	t	\N	\N
9f7f55c6-4f94-4886-a718-63a15c6eff65	fe48d01f-2b80-4827-bfa3-ff01359636e4	\N	\N	\N	ov-usd-bucket	Library/Asset/HST_PTH/CT_HOP9CZJ/CT_HOP9CZJ.usd	Library/Asset/HST_PTH	thumbnails/default_equipment_thumbnail_picture.png	\N	ACTIVE	2026-05-19 07:11:35.399963+00	2026-05-19 07:11:35.399963+00	f	\N	\N	\N	\N	\N	\N	\N	\N	\N	9f7f55c6-4f94-4886-a718-63a15c6eff65	v1.0	t	\N	\N
9fd8794c-1631-45d9-9c8d-96d744035db1	be33bb18-a93f-411d-8fae-6cf5a7bddf0e	\N	\N	\N	ov-usd-bucket	Library/Asset/Machine/HOTFLOW_3_26_XL/HOTFLOW_3_26_XL.usd	Library/Asset/Machine	thumbnails/default_equipment_thumbnail_picture.png	\N	ACTIVE	2026-05-19 07:55:27.855028+00	2026-05-19 07:55:27.855028+00	f	\N	\N	\N	\N	\N	\N	\N	\N	\N	9fd8794c-1631-45d9-9c8d-96d744035db1	v1.0	t	\N	\N
a07b32b3-994c-4d89-bd3f-ffc696a84555	4e935bc1-d7b2-4d2d-b891-c230b00c2486	\N	\N	\N	ov-usd-bucket	Library/Asset/MBD_Orchid/Remove_Screws/Remove_Screws.usd	Library/Asset/MBD_Orchid	thumbnails/default_equipment_thumbnail_picture.png	\N	ACTIVE	2026-05-07 09:06:57.268981+00	2026-05-21 09:26:42.97166+00	f	\N	\N	\N	\N	\N	\N	\N	\N	\N	a07b32b3-994c-4d89-bd3f-ffc696a84555	v1.0	t	\N	\N
a1e7f600-f6af-45c2-b059-8cf48cb0208e	1241cee7-9608-4da5-b4ea-4def5ecda283	\N	\N	\N	ov-usd-bucket	Library/Asset/MBD_VN/X8VFICassettes/X8VFICassettes.usd	Library/Asset/MBD_VN	thumbnails/default_equipment_thumbnail_picture.png	\N	ACTIVE	2026-05-06 06:58:42.47232+00	2026-05-21 09:26:42.97166+00	f	\N	\N	\N	\N	\N	\N	\N	\N	\N	a1e7f600-f6af-45c2-b059-8cf48cb0208e	v1.0	t	\N	\N
a2428395-d5c4-4a80-b23f-3c6ed8d510c7	cbcf45e0-cbfe-4287-bb2a-0cbf8460f6f5	\N	\N	\N	ov-usd-bucket	Library/Asset/HST_Dis_Assy_Sub/CT_HOUCCSHMF/CT_HOUCCSHMF.usd	Library/Asset/HST_Dis_Assy_Sub	thumbnails/default_equipment_thumbnail_picture.png	\N	ACTIVE	2026-05-19 06:54:38.469855+00	2026-05-19 06:54:38.469855+00	f	\N	\N	\N	\N	\N	\N	\N	\N	\N	a2428395-d5c4-4a80-b23f-3c6ed8d510c7	v1.0	t	\N	\N
a3866a55-5500-431c-9ea1-81a03db212f7	8f5072b2-91b8-4ed3-ad81-859d1ab50c62	\N	\N	\N	ov-usd-bucket	Library/Asset/MBD_PACK/roll_02/roll_02.usd	Library/Asset/MBD_PACK	thumbnails/20260516-Snipaste_2026-05-16_12-39-49.png	\N	ACTIVE	2026-05-06 06:50:11.27645+00	2026-05-21 09:26:42.97166+00	f	\N	\N	\N	\N	\N	\N	\N	\N	\N	a3866a55-5500-431c-9ea1-81a03db212f7	v1.0	t	\N	\N
a3c67e95-8c39-45df-8d79-d850381a7313	7d64cd6b-ac62-44bc-9527-69576b90bd15	\N	\N	\N	ov-usd-bucket	Library/Asset/Machine/Panasonic_NPM_W2/Panasonic_NPM_W2.usd	Library/Asset/Machine	thumbnails/default_equipment_thumbnail_picture.png	\N	ACTIVE	2026-05-19 07:55:27.855028+00	2026-05-19 07:55:27.855028+00	f	\N	\N	\N	\N	\N	\N	\N	\N	\N	a3c67e95-8c39-45df-8d79-d850381a7313	v1.0	t	\N	\N
a413c5b5-428f-47ad-acde-0296e38b72ee	ce2d039e-6e01-4890-bd31-b78d61052629	\N	\N	\N	ov-usd-bucket	Library/Asset/Machine/20241_Du/20241_Du.usd	Library/Asset/Machine	thumbnails/default_equipment_thumbnail_picture.png	\N	ACTIVE	2026-05-19 07:55:27.855028+00	2026-05-19 07:55:27.855028+00	f	\N	\N	\N	\N	\N	\N	\N	\N	\N	a413c5b5-428f-47ad-acde-0296e38b72ee	v1.0	t	\N	\N
a4e24916-4d36-432e-bfb9-bc8a88868ea2	3e67a6d3-2dad-4245-9af3-e4ce3b3c2abf	\N	\N	\N	ov-usd-bucket	Library/Asset/HST_ASRS/GTX28000000/GTX28000000.usd	Library/Asset/HST_ASRS	thumbnails/default_equipment_thumbnail_picture.png	\N	ACTIVE	2026-05-21 11:39:27.413971+00	2026-05-21 11:39:27.413971+00	f	\N	\N	\N	\N	\N	\N	\N	\N	\N	a4e24916-4d36-432e-bfb9-bc8a88868ea2	v1.0	t	\N	\N
a4fdcc0b-7b48-4fd1-b293-e3b2cacd280b	39c628ab-fdd2-4064-967c-998e70ceff68	\N	\N	\N	ov-usd-bucket	Library/Asset/HST_Dis_Assy_Sub/CT_HOUCCSCP/CT_HOUCCSCP.usd	Library/Asset/HST_Dis_Assy_Sub	thumbnails/default_equipment_thumbnail_picture.png	\N	ACTIVE	2026-05-19 06:54:38.469855+00	2026-05-19 06:54:38.469855+00	f	\N	\N	\N	\N	\N	\N	\N	\N	\N	a4fdcc0b-7b48-4fd1-b293-e3b2cacd280b	v1.0	t	\N	\N
a527f813-aa10-4e13-b7c7-69e12b5e48f1	9f57032a-4544-42ed-a27b-c4e7c65fac0e	\N	\N	\N	ov-usd-bucket	Library/Asset/Machine/HVC_300/HVC_300.usd	Library/Asset/Machine	thumbnails/default_equipment_thumbnail_picture.png	\N	ACTIVE	2026-05-19 07:55:27.855028+00	2026-05-19 07:55:27.855028+00	f	\N	\N	\N	\N	\N	\N	\N	\N	\N	a527f813-aa10-4e13-b7c7-69e12b5e48f1	v1.0	t	\N	\N
a76b8ca6-b5b7-4d7d-89cf-8d61fa151b0a	f6e0f207-5a07-4f57-82a4-bc3a3f8a6fb1	\N	\N	\N	ov-usd-bucket	Library/Asset/Machine/CT_HBNCZSZJ/CT_HBNCZSZJ.usd	Library/Asset/Machine	thumbnails/default_equipment_thumbnail_picture.png	\N	ACTIVE	2026-05-19 07:55:27.855028+00	2026-05-19 07:55:27.855028+00	f	\N	\N	\N	\N	\N	\N	\N	\N	\N	a76b8ca6-b5b7-4d7d-89cf-8d61fa151b0a	v1.0	t	\N	\N
a941f453-3663-43ce-bc75-4e645ae15af3	d47b9c32-1430-4c1f-baea-2627d869b71b	\N	\N	\N	ov-usd-bucket	Library/Asset/Machine/CT_BNCZSCPSC1/CT_BNCZSCPSC1.usd	Library/Asset/Machine	thumbnails/default_equipment_thumbnail_picture.png	\N	ACTIVE	2026-05-19 07:55:27.855028+00	2026-05-19 07:55:27.855028+00	f	\N	\N	\N	\N	\N	\N	\N	\N	\N	a941f453-3663-43ce-bc75-4e645ae15af3	v1.0	t	\N	\N
ab41e9ab-7120-413a-a9de-7bf5ac729533	6082c0cf-86d2-4ac9-97bc-d03d977c08d5	\N	\N	\N	ov-usd-bucket	Library/Asset/MBD_PACK/roll_zx02/roll_zx02.usd	Library/Asset/MBD_PACK	thumbnails/20260516-Snipaste_2026-05-16_12-41-54.png	\N	ACTIVE	2026-05-06 06:50:11.27645+00	2026-05-16 04:42:00.621496+00	f	\N	\N	\N	\N	\N	\N	\N	\N	\N	ab41e9ab-7120-413a-a9de-7bf5ac729533	v1.0	t	\N	\N
ac1143e8-1150-46f5-9e7a-2c9fdc09d23f	431a881c-0985-4a44-951d-178b0e0b0c99	\N	\N	\N	ov-usd-bucket	Library/Asset/MBD_PACK/Packing_04/Packing_04.usd	Library/Asset/MBD_PACK	thumbnails/20260516-Snipaste_2026-05-16_12-36-56.png	\N	ACTIVE	2026-05-06 06:50:11.27645+00	2026-05-21 09:26:42.97166+00	f	\N	\N	\N	\N	\N	\N	\N	\N	\N	ac1143e8-1150-46f5-9e7a-2c9fdc09d23f	v1.0	t	\N	\N
adf7f51f-300a-47f0-afcb-eaacdeed4413	b033787a-394f-492d-8b2c-7ad484a1c8e8	\N	\N	\N	ov-usd-bucket	Library/Asset/Machine/Table_ManualWork/Table_ManualWork.usd	Library/Asset/Machine	thumbnails/default_equipment_thumbnail_picture.png	\N	ACTIVE	2026-05-19 07:55:27.855028+00	2026-05-19 07:55:27.855028+00	f	\N	\N	\N	\N	\N	\N	\N	\N	\N	adf7f51f-300a-47f0-afcb-eaacdeed4413	v1.0	t	\N	\N
ae41a899-a200-4730-a360-e0dadb598520	90db598d-7484-45f6-b0e3-ffe1ce4c052e	\N	\N	\N	ov-usd-bucket	Library/Asset/Machine/CT_HBNCZMLD/CT_HBNCZMLD.usd	Library/Asset/Machine	thumbnails/default_equipment_thumbnail_picture.png	\N	ACTIVE	2026-05-19 07:55:27.855028+00	2026-05-19 07:55:27.855028+00	f	\N	\N	\N	\N	\N	\N	\N	\N	\N	ae41a899-a200-4730-a360-e0dadb598520	v1.0	t	\N	\N
b0266bf8-d800-4ca7-84a8-f6a00a40730b	4e72caa5-1a4a-44bc-aa75-c7eaa4719c3b	\N	\N	\N	ov-usd-bucket	Library/Asset/Machine/CT_HOUM548ZPRL_02/CT_HOUM548ZPRL_02.usd	Library/Asset/Machine	thumbnails/default_equipment_thumbnail_picture.png	\N	ACTIVE	2026-05-19 07:55:27.855028+00	2026-05-19 07:55:27.855028+00	f	\N	\N	\N	\N	\N	\N	\N	\N	\N	b0266bf8-d800-4ca7-84a8-f6a00a40730b	v1.0	t	\N	\N
b04c1068-552c-47e9-a8a5-1dd2cb5b4970	ad8b5d36-640e-47b9-a4d2-ed380aebd653	\N	\N	\N	ov-usd-bucket	Library/Asset/Machine/CT_HCM548ZPRL/CT_HCM548ZPRL.usd	Library/Asset/Machine	thumbnails/default_equipment_thumbnail_picture.png	\N	ACTIVE	2026-05-19 07:55:27.855028+00	2026-05-19 07:55:27.855028+00	f	\N	\N	\N	\N	\N	\N	\N	\N	\N	b04c1068-552c-47e9-a8a5-1dd2cb5b4970	v1.0	t	\N	\N
b132c4d1-11b8-434b-b5c1-cac2bd926b7a	49b7e054-bb2b-459a-9a0c-387a3e978344	\N	\N	\N	ov-usd-bucket	Library/Asset/Machine/TR7700L_QH_SII/TR7700L_QH_SII.usd	Library/Asset/Machine	thumbnails/default_equipment_thumbnail_picture.png	\N	ACTIVE	2026-05-19 07:55:27.855028+00	2026-05-19 07:55:27.855028+00	f	\N	\N	\N	\N	\N	\N	\N	\N	\N	b132c4d1-11b8-434b-b5c1-cac2bd926b7a	v1.0	t	\N	\N
b2950008-a23c-43bf-91e5-df6c2dd74e0d	58c9789f-f8b9-4f32-8c9f-f8ec07129732	\N	\N	\N	ov-usd-bucket	Library/Asset/HST_PTH/CT_HOP9LSSJ_D/CT_HOP9LSSJ_D.usd	Library/Asset/HST_PTH	thumbnails/default_equipment_thumbnail_picture.png	\N	ACTIVE	2026-05-19 07:11:35.399963+00	2026-05-19 07:11:35.399963+00	f	\N	\N	\N	\N	\N	\N	\N	\N	\N	b2950008-a23c-43bf-91e5-df6c2dd74e0d	v1.0	t	\N	\N
b3b239da-a72c-489f-9251-207720232ee5	82928855-5d8a-4132-8b6a-4c5094c3e6fa	\N	\N	\N	ov-usd-bucket	Library/Asset/MBD_VN/MPOMMCVFI/MPOMMCVFI.usd	Library/Asset/MBD_VN	thumbnails/default_equipment_thumbnail_picture.png	\N	ACTIVE	2026-05-06 06:58:42.47232+00	2026-05-21 09:26:42.97166+00	f	\N	\N	\N	\N	\N	\N	\N	\N	\N	b3b239da-a72c-489f-9251-207720232ee5	v1.0	t	\N	\N
b4978b06-5af4-49f7-9a58-d902ec082f41	005ea1bb-ac2c-46ac-95bb-b89ffee0028a	\N	\N	\N	ov-usd-bucket	Library/Asset/Machine/CT_HBNCZSHMF/CT_HBNCZSHMF.usd	Library/Asset/Machine	thumbnails/default_equipment_thumbnail_picture.png	\N	ACTIVE	2026-05-19 07:55:27.855028+00	2026-05-19 07:55:27.855028+00	f	\N	\N	\N	\N	\N	\N	\N	\N	\N	b4978b06-5af4-49f7-9a58-d902ec082f41	v1.0	t	\N	\N
b7a43696-813d-4179-b7a8-f6571b1c9b0a	5501953a-bdbe-4336-b252-01a17423caf7	\N	\N	\N	ov-usd-bucket	Library/Asset/Machine/ZM_XC1000A/ZM_XC1000A.usd	Library/Asset/Machine	thumbnails/default_equipment_thumbnail_picture.png	\N	ACTIVE	2026-05-19 07:55:27.855028+00	2026-05-19 07:55:27.855028+00	f	\N	\N	\N	\N	\N	\N	\N	\N	\N	b7a43696-813d-4179-b7a8-f6571b1c9b0a	v1.0	t	\N	\N
b8fe73d3-fc89-4ecf-b853-87bc1b155043	6e441a72-b292-4213-9f43-f08d32dfe821	\N	\N	\N	ov-usd-bucket	Library/Asset/Machine/CT_BNCZSCP/CT_BNCZSCP.usd	Library/Asset/Machine	thumbnails/default_equipment_thumbnail_picture.png	\N	ACTIVE	2026-05-19 07:55:27.855028+00	2026-05-19 07:55:27.855028+00	f	\N	\N	\N	\N	\N	\N	\N	\N	\N	b8fe73d3-fc89-4ecf-b853-87bc1b155043	v1.0	t	\N	\N
b9542936-76f9-4502-8556-13ceaf686602	14549505-5f40-4a9f-b63d-a60a2bacb485	\N	\N	\N	ov-usd-bucket	Library/Asset/Machine/CT_HBNCZSCP/CT_HBNCZSCP.usd	Library/Asset/Machine	thumbnails/default_equipment_thumbnail_picture.png	\N	ACTIVE	2026-05-19 07:55:27.855028+00	2026-05-19 07:55:27.855028+00	f	\N	\N	\N	\N	\N	\N	\N	\N	\N	b9542936-76f9-4502-8556-13ceaf686602	v1.0	t	\N	\N
ba2e1ff8-e441-4e28-9339-0bbd44d1017c	4858dd60-536b-4d46-ae36-e35d22706687	\N	\N	\N	ov-usd-bucket	Library/Asset/MBD_Orchid/PCBA_ScrewFastening/PCBA_ScrewFastening.usd	Library/Asset/MBD_Orchid	thumbnails/default_equipment_thumbnail_picture.png	\N	ACTIVE	2026-05-07 09:06:57.268981+00	2026-05-21 09:26:42.97166+00	f	\N	\N	\N	\N	\N	\N	\N	\N	\N	ba2e1ff8-e441-4e28-9339-0bbd44d1017c	v1.0	t	\N	\N
bb6a34a4-5010-4d59-a8aa-fd2f9d454b38	127c7c3c-5014-4a4f-b449-a34b7178ad50	\N	\N	\N	ov-usd-bucket	Library/Asset/Machine/CT_HOP9WTB/CT_HOP9WTB.usd	Library/Asset/Machine	thumbnails/default_equipment_thumbnail_picture.png	\N	ACTIVE	2026-05-19 07:55:27.855028+00	2026-05-19 07:55:27.855028+00	f	\N	\N	\N	\N	\N	\N	\N	\N	\N	bb6a34a4-5010-4d59-a8aa-fd2f9d454b38	v1.0	t	\N	\N
bb7de90f-a9d4-4650-9a54-4fa23e325868	cc5ebc88-b6f4-4d67-8134-d64f3cc5b8b7	\N	\N	\N	ov-usd-bucket	Library/Asset/Machine/Fuzion_OF1_14/Fuzion_OF1_14.usd	Library/Asset/Machine	thumbnails/default_equipment_thumbnail_picture.png	\N	ACTIVE	2026-05-19 07:55:27.855028+00	2026-05-19 07:55:27.855028+00	f	\N	\N	\N	\N	\N	\N	\N	\N	\N	bb7de90f-a9d4-4650-9a54-4fa23e325868	v1.0	t	\N	\N
bbd6d007-184d-4149-89f1-72f2da39bf1e	10a183b7-4773-4f76-acd3-f93ebab7b8fb	\N	\N	\N	ov-usd-bucket	Library/Asset/Machine/SVP_750/SVP_750.usd	Library/Asset/Machine	thumbnails/default_equipment_thumbnail_picture.png	\N	ACTIVE	2026-05-19 07:55:27.855028+00	2026-05-19 07:55:27.855028+00	f	\N	\N	\N	\N	\N	\N	\N	\N	\N	bbd6d007-184d-4149-89f1-72f2da39bf1e	v1.0	t	\N	\N
bc6e0afc-f308-4f42-ad13-d82d74eef764	2045e11e-3e5a-4c5e-8b2a-61999ec05e2d	\N	\N	\N	ov-usd-bucket	Library/Asset/Machine/CT_BNCZMCV_02/CT_BNCZMCV_02.usd	Library/Asset/Machine	thumbnails/default_equipment_thumbnail_picture.png	\N	ACTIVE	2026-05-19 07:55:27.855028+00	2026-05-19 07:55:27.855028+00	f	\N	\N	\N	\N	\N	\N	\N	\N	\N	bc6e0afc-f308-4f42-ad13-d82d74eef764	v1.0	t	\N	\N
bc6e3775-f1bb-4094-b027-6e977bba1d90	5aa46757-ecf8-4e69-badb-fa67fae06ec9	\N	\N	\N	ov-usd-bucket	Library/Asset/Machine/CT_HCM548YH11_R/CT_HCM548YH11_R.usd	Library/Asset/Machine	thumbnails/default_equipment_thumbnail_picture.png	\N	ACTIVE	2026-05-19 07:55:27.855028+00	2026-05-19 07:55:27.855028+00	f	\N	\N	\N	\N	\N	\N	\N	\N	\N	bc6e3775-f1bb-4094-b027-6e977bba1d90	v1.0	t	\N	\N
bc8b00ab-7731-4b11-8713-cdc42714f998	56d6e99a-e086-44c2-a81d-c5335107694e	\N	\N	\N	ov-usd-bucket	Library/Asset/MBD_OrchidBay/ManualStation/ManualStation.usd	Library/Asset/MBD_OrchidBay	thumbnails/default_equipment_thumbnail_picture.png	\N	ACTIVE	2026-05-07 09:12:34.571504+00	2026-05-07 09:12:34.571504+00	f	\N	\N	\N	\N	\N	\N	\N	\N	\N	bc8b00ab-7731-4b11-8713-cdc42714f998	v1.0	t	\N	\N
bcb91b63-51d2-4ee2-aacb-34fb2e681ff9	cc046971-c440-4c9a-9992-eddd195a801d	\N	\N	\N	ov-usd-bucket	Library/Asset/MBD_PACK/Packing_09/Packing_09.usd	Library/Asset/MBD_PACK	thumbnails/20260516-Snipaste_2026-05-16_12-38-26.png	\N	ACTIVE	2026-05-06 06:50:11.27645+00	2026-05-21 09:26:42.97166+00	f	\N	\N	\N	\N	\N	\N	\N	\N	\N	bcb91b63-51d2-4ee2-aacb-34fb2e681ff9	v1.0	t	\N	\N
bde03eed-7ea6-4def-9c73-c79be3781943	17a21fda-264b-478a-8b12-ac2984061552	\N	\N	\N	ov-usd-bucket	Library/Asset/HST_Dis_Assy_Sub/CT_HOUCCSCPSC/CT_HOUCCSCPSC.usd	Library/Asset/HST_Dis_Assy_Sub	thumbnails/default_equipment_thumbnail_picture.png	\N	ACTIVE	2026-05-19 06:54:38.469855+00	2026-05-19 06:54:38.469855+00	f	\N	\N	\N	\N	\N	\N	\N	\N	\N	bde03eed-7ea6-4def-9c73-c79be3781943	v1.0	t	\N	\N
be433db9-bb61-44a4-b255-321a4476c6f6	0ff19418-becd-4e95-bbc6-3834dab7a23e	\N	\N	\N	ov-usd-bucket	Library/Asset/MBD_OrchidBay/BorderLoading/BorderLoading.usd	Library/Asset/MBD_OrchidBay	thumbnails/default_equipment_thumbnail_picture.png	\N	ACTIVE	2026-05-07 09:12:34.571504+00	2026-05-21 09:26:42.97166+00	f	\N	\N	\N	\N	\N	\N	\N	\N	\N	be433db9-bb61-44a4-b255-321a4476c6f6	v1.0	t	\N	\N
be80fd6e-8e10-4686-8e56-16b0875d798a	0ddc9a5f-441d-4d49-aac9-537c7b9cb8af	\N	\N	\N	ov-usd-bucket	Library/Asset/MBD_SMT/EMA2064/EMA2064.usd	Library/Asset/MBD_SMT	thumbnails/20260516-EMA2-64.png	\N	ACTIVE	2026-05-05 03:13:36.72587+00	2026-05-21 11:40:10.064597+00	f	\N	\N	\N	\N	\N	\N	\N	\N	\N	be80fd6e-8e10-4686-8e56-16b0875d798a	v1.0	t	\N	\N
bfdc1c3f-96ef-46d7-a049-3ddb05af0936	e5230e7e-0cfb-4771-8827-49cc1ae1dd84	\N	\N	\N	ov-usd-bucket	Library/Asset/Machine/CT_BNCZMLD/CT_BNCZMLD.usd	Library/Asset/Machine	thumbnails/default_equipment_thumbnail_picture.png	\N	ACTIVE	2026-05-19 07:55:27.855028+00	2026-05-19 07:55:27.855028+00	f	\N	\N	\N	\N	\N	\N	\N	\N	\N	bfdc1c3f-96ef-46d7-a049-3ddb05af0936	v1.0	t	\N	\N
bfdc8d3e-7c1f-4890-a115-692e8bf72b50	f20c0eb6-5deb-4c1b-b76a-72a4459f3eea	\N	\N	\N	ov-usd-bucket	Library/Asset/SORTING/CT_SORTRT/CT_SORTRT.usd	Library/Asset/SORTING	thumbnails/default_equipment_thumbnail_picture.png	\N	ACTIVE	2026-05-22 01:35:02.194805+00	2026-05-22 01:35:02.194805+00	f	\N	\N	\N	\N	\N	\N	\N	\N	\N	bfdc8d3e-7c1f-4890-a115-692e8bf72b50	v1.0	t	\N	\N
c0605c88-2c96-447f-b0f9-e6bab8209b5d	29c762e5-5cb1-4736-a17e-b0fdb05a3ff6	\N	\N	\N	ov-usd-bucket	Library/Asset/HST_PTH/CT_HOP9ZZJ/CT_HOP9ZZJ.usd	Library/Asset/HST_PTH	thumbnails/default_equipment_thumbnail_picture.png	\N	ACTIVE	2026-05-19 07:11:35.399963+00	2026-05-19 07:11:35.399963+00	f	\N	\N	\N	\N	\N	\N	\N	\N	\N	c0605c88-2c96-447f-b0f9-e6bab8209b5d	v1.0	t	\N	\N
c065e82d-3c02-409b-84b1-ffa9f03af1be	ef13b2c6-ff27-4fcf-922c-875683df7d00	\N	\N	\N	ov-usd-bucket	Library/Asset/MBD_VN/CT_SORTCV/CT_SORTCV.usd	Library/Asset/MBD_VN	thumbnails/20260519-Snipaste_2026-05-19_14-24-57.png	\N	ACTIVE	2026-05-06 06:58:42.47232+00	2026-05-21 09:26:42.97166+00	f	\N	\N	\N	\N	\N	\N	\N	\N	\N	c065e82d-3c02-409b-84b1-ffa9f03af1be	v1.0	t	\N	\N
c250fea9-fbf4-48a1-b263-749cb78041f5	90011644-a7d4-4b3d-bd97-5d9fe0b81e3b	\N	\N	\N	ov-usd-bucket	Library/Asset/SORTING/CT_SORTROLLB/CT_SORTROLLB.usd	Library/Asset/SORTING	thumbnails/default_equipment_thumbnail_picture.png	\N	ACTIVE	2026-05-22 01:35:02.194805+00	2026-05-22 01:35:02.194805+00	f	\N	\N	\N	\N	\N	\N	\N	\N	\N	c250fea9-fbf4-48a1-b263-749cb78041f5	v1.0	t	\N	\N
c35e490e-decd-41f0-a9ff-f807ca54308b	30320733-1de9-4ea6-b17a-69ae731e3e01	\N	\N	\N	ov-usd-bucket	Library/Asset/Machine/TR7600F3D_SII/TR7600F3D_SII.usd	Library/Asset/Machine	thumbnails/default_equipment_thumbnail_picture.png	\N	ACTIVE	2026-05-19 07:55:27.855028+00	2026-05-19 07:55:27.855028+00	f	\N	\N	\N	\N	\N	\N	\N	\N	\N	c35e490e-decd-41f0-a9ff-f807ca54308b	v1.0	t	\N	\N
c3811927-1f58-4254-9a92-770c4a88705e	32ec7d44-5c26-48ed-87a1-b6843f02e990	\N	\N	\N	ov-usd-bucket	Library/Asset/Machine/Portwell_Rack_6U/Portwell_Rack_6U.usd	Library/Asset/Machine	thumbnails/default_equipment_thumbnail_picture.png	\N	ACTIVE	2026-05-19 07:55:27.855028+00	2026-05-19 07:55:27.855028+00	f	\N	\N	\N	\N	\N	\N	\N	\N	\N	c3811927-1f58-4254-9a92-770c4a88705e	v1.0	t	\N	\N
c3c653da-9556-4ebd-be7a-8022a1c9b69a	63b9d8b4-41e1-4a33-8fe3-68884b8e79c3	\N	\N	\N	ov-usd-bucket	Library/Asset/Machine/CT_TWNF10_10_00/CT_TWNF10_10_00.usd	Library/Asset/Machine	thumbnails/default_equipment_thumbnail_picture.png	\N	ACTIVE	2026-05-19 07:55:27.855028+00	2026-05-19 07:55:27.855028+00	f	\N	\N	\N	\N	\N	\N	\N	\N	\N	c3c653da-9556-4ebd-be7a-8022a1c9b69a	v1.0	t	\N	\N
c4ed0428-234e-4fcb-b956-4f66bd8f6bae	5316471e-2ef5-43e6-8ed2-b39283dae0fd	\N	\N	\N	ov-usd-bucket	Library/Asset/HST_PTH/CT_HOP9LSSJ_S/CT_HOP9LSSJ_S.usd	Library/Asset/HST_PTH	thumbnails/default_equipment_thumbnail_picture.png	\N	ACTIVE	2026-05-19 07:11:35.399963+00	2026-05-19 07:11:35.399963+00	f	\N	\N	\N	\N	\N	\N	\N	\N	\N	c4ed0428-234e-4fcb-b956-4f66bd8f6bae	v1.0	t	\N	\N
c4fd5866-1f45-410b-abb0-b1c9c7adc9da	7bf753d8-8dfa-4b61-bbdb-c5acbe7e558f	\N	\N	\N	ov-usd-bucket	Library/Asset/Machine/CT_1055/CT_1055.usd	Library/Asset/Machine	thumbnails/default_equipment_thumbnail_picture.png	\N	ACTIVE	2026-05-19 07:55:27.855028+00	2026-05-19 07:55:27.855028+00	f	\N	\N	\N	\N	\N	\N	\N	\N	\N	c4fd5866-1f45-410b-abb0-b1c9c7adc9da	v1.0	t	\N	\N
c5f8e759-fa1a-4f94-8da8-77869a73ea44	f42e4f2c-6183-4750-b63a-7b978adb7755	\N	\N	\N	ov-usd-bucket	Library/Asset/HST_PACK/CT_HOPBWST/CT_HOPBWST.usd	Library/Asset/HST_PACK	thumbnails/default_equipment_thumbnail_picture.png	\N	ACTIVE	2026-05-19 06:51:59.123683+00	2026-05-19 06:51:59.123683+00	f	\N	\N	\N	\N	\N	\N	\N	\N	\N	c5f8e759-fa1a-4f94-8da8-77869a73ea44	v1.0	t	\N	\N
c612f740-3638-47ab-a08e-fb1dbbc98549	cfbba53e-1d17-438e-a663-788575580f15	\N	\N	\N	ov-usd-bucket	Library/Asset/MBD_SMT/Hand_Table_6MM/Hand_Table_6MM.usd	Library/Asset/MBD_SMT	thumbnails/20260508-微信图片_20260507155318_13_126.png	\N	ACTIVE	2026-05-05 03:13:36.72587+00	2026-05-21 09:26:42.97166+00	f	\N	\N	\N	\N	\N	\N	\N	\N	\N	c612f740-3638-47ab-a08e-fb1dbbc98549	v1.0	t	\N	\N
c6332ecd-772c-4aa9-8c17-26e3071732f1	0ced258b-d512-42dc-9513-f1a8f5b44f73	\N	\N	\N	ov-usd-bucket	Library/Asset/Machine/CT_HCM548HM/CT_HCM548HM.usd	Library/Asset/Machine	thumbnails/default_equipment_thumbnail_picture.png	\N	ACTIVE	2026-05-19 07:55:27.855028+00	2026-05-19 07:55:27.855028+00	f	\N	\N	\N	\N	\N	\N	\N	\N	\N	c6332ecd-772c-4aa9-8c17-26e3071732f1	v1.0	t	\N	\N
c671cb2f-60d5-472f-aa11-8f05c989ed64	6decf66a-397c-4cd0-89f4-ada32fffd9fd	\N	\N	\N	ov-usd-bucket	Library/Asset/Machine/CT_HCM548HM_R/CT_HCM548HM_R.usd	Library/Asset/Machine	thumbnails/default_equipment_thumbnail_picture.png	\N	ACTIVE	2026-05-19 07:55:27.855028+00	2026-05-19 07:55:27.855028+00	f	\N	\N	\N	\N	\N	\N	\N	\N	\N	c671cb2f-60d5-472f-aa11-8f05c989ed64	v1.0	t	\N	\N
c68293d0-fcba-4b46-ae16-7f8390991bfd	0e3791f7-af77-4e1a-890b-f41b0a1fc700	\N	\N	\N	ov-usd-bucket	Library/Asset/Machine/CT_HOUM548TS1/CT_HOUM548TS1.usd	Library/Asset/Machine	thumbnails/default_equipment_thumbnail_picture.png	\N	ACTIVE	2026-05-19 07:55:27.855028+00	2026-05-19 07:55:27.855028+00	f	\N	\N	\N	\N	\N	\N	\N	\N	\N	c68293d0-fcba-4b46-ae16-7f8390991bfd	v1.0	t	\N	\N
c7089dfb-a83a-40b5-8d11-11d12e616d12	d2af78df-fdfd-4ded-abe1-6f02c0226b29	\N	\N	\N	ov-usd-bucket	Library/Asset/Machine/CT_TWNF10_09_00/CT_TWNF10_09_00.usd	Library/Asset/Machine	thumbnails/default_equipment_thumbnail_picture.png	\N	ACTIVE	2026-05-19 07:55:27.855028+00	2026-05-19 07:55:27.855028+00	f	\N	\N	\N	\N	\N	\N	\N	\N	\N	c7089dfb-a83a-40b5-8d11-11d12e616d12	v1.0	t	\N	\N
c83b8d5a-dfee-454c-9396-a0591bf6c635	dddaef54-09a0-40ff-8ec7-c24e5d554e02	\N	\N	\N	ov-usd-bucket	Library/Asset/Machine/CT_HOUM548FM/CT_HOUM548FM.usd	Library/Asset/Machine	thumbnails/default_equipment_thumbnail_picture.png	\N	ACTIVE	2026-05-19 07:55:27.855028+00	2026-05-19 07:55:27.855028+00	f	\N	\N	\N	\N	\N	\N	\N	\N	\N	c83b8d5a-dfee-454c-9396-a0591bf6c635	v1.0	t	\N	\N
c92755c6-2164-4cc4-9603-6dfc78ae8f63	1e2ab774-3f00-4fee-81e2-66bc39b0ebc5	\N	\N	\N	ov-usd-bucket	Library/Asset/MBD_SMT/PCT_RL/PCT_RL.usd	Library/Asset/MBD_SMT	thumbnails/20260516-PCT_RL.png	\N	ACTIVE	2026-05-05 03:13:36.72587+00	2026-05-16 04:31:39.999987+00	f	\N	\N	\N	\N	\N	\N	\N	\N	\N	c92755c6-2164-4cc4-9603-6dfc78ae8f63	v1.0	t	\N	\N
c9ae846c-10c7-471c-8f0a-92f8f5eff042	37726d31-b7c3-43b3-ac88-6c72afce9e3a	\N	\N	\N	ov-usd-bucket	Library/Asset/MBD_VN/X8CSMVFI/X8CSMVFI.usd	Library/Asset/MBD_VN	thumbnails/default_equipment_thumbnail_picture.png	\N	ACTIVE	2026-05-06 06:58:42.47232+00	2026-05-21 09:26:42.97166+00	f	\N	\N	\N	\N	\N	\N	\N	\N	\N	c9ae846c-10c7-471c-8f0a-92f8f5eff042	v1.0	t	\N	\N
ca445e3a-4acc-476b-9b49-4b0e0742bfc7	405ea1a9-ba71-499f-8c91-4bc058c30344	\N	\N	\N	ov-usd-bucket	Library/Asset/HST_PACK/CT_HOPBFWX1/CT_HOPBFWX1.usd	Library/Asset/HST_PACK	thumbnails/default_equipment_thumbnail_picture.png	\N	ACTIVE	2026-05-19 06:51:59.123683+00	2026-05-19 06:51:59.123683+00	f	\N	\N	\N	\N	\N	\N	\N	\N	\N	ca445e3a-4acc-476b-9b49-4b0e0742bfc7	v1.0	t	\N	\N
ca4f3928-4736-4097-bcaf-bfeaa6588cee	21f8cc63-a0bf-4ca5-b692-884165d6751b	\N	\N	\N	ov-usd-bucket	Library/Asset/Machine/CT_HCM548FM23_R/CT_HCM548FM23_R.usd	Library/Asset/Machine	thumbnails/default_equipment_thumbnail_picture.png	\N	ACTIVE	2026-05-19 07:55:27.855028+00	2026-05-19 07:55:27.855028+00	f	\N	\N	\N	\N	\N	\N	\N	\N	\N	ca4f3928-4736-4097-bcaf-bfeaa6588cee	v1.0	t	\N	\N
cb07e0e9-b8fc-4a0d-9b2f-93af642b0ea7	21dc36cc-8d02-4d14-9742-072cdf1ac162	\N	\N	\N	ov-usd-bucket	Library/Asset/Machine/CT_HCM548SFL25/CT_HCM548SFL25.usd	Library/Asset/Machine	thumbnails/default_equipment_thumbnail_picture.png	\N	ACTIVE	2026-05-19 07:55:27.855028+00	2026-05-19 07:55:27.855028+00	f	\N	\N	\N	\N	\N	\N	\N	\N	\N	cb07e0e9-b8fc-4a0d-9b2f-93af642b0ea7	v1.0	t	\N	\N
cc072655-c5ce-4aed-bb31-9a34cacd0ff9	449e9d39-ab08-4cfc-9980-df508fac1c6d	\N	\N	\N	ov-usd-bucket	Library/Asset/HST_Dis_Assy_Sub/CT_HOUCCSCX8/CT_HOUCCSCX8.usd	Library/Asset/HST_Dis_Assy_Sub	thumbnails/default_equipment_thumbnail_picture.png	\N	ACTIVE	2026-05-19 06:54:38.469855+00	2026-05-19 06:54:38.469855+00	f	\N	\N	\N	\N	\N	\N	\N	\N	\N	cc072655-c5ce-4aed-bb31-9a34cacd0ff9	v1.0	t	\N	\N
cc38493a-6e4c-45b8-b519-de1f4d2e01ef	95b4c6d5-7cf5-4efd-ab60-95b927394652	\N	\N	\N	ov-usd-bucket	Library/Asset/MBD_PACK/Packing_08/Packing_08.usd	Library/Asset/MBD_PACK	thumbnails/20260516-Snipaste_2026-05-16_12-38-10.png	\N	ACTIVE	2026-05-06 06:50:11.27645+00	2026-05-21 09:26:42.97166+00	f	\N	\N	\N	\N	\N	\N	\N	\N	\N	cc38493a-6e4c-45b8-b519-de1f4d2e01ef	v1.0	t	\N	\N
ce2cf1c1-6108-42af-b13b-c5b2d4819645	a29dac01-daf5-4e19-a4ae-25406638d8a3	\N	\N	\N	ov-usd-bucket	Library/Asset/MBD_OrchidBay/FPC_Assembly/FPC_Assembly.usd	Library/Asset/MBD_OrchidBay	thumbnails/default_equipment_thumbnail_picture.png	\N	ACTIVE	2026-05-07 09:12:34.571504+00	2026-05-21 09:26:42.97166+00	f	\N	\N	\N	\N	\N	\N	\N	\N	\N	ce2cf1c1-6108-42af-b13b-c5b2d4819645	v1.0	t	\N	\N
d040abfd-6528-42aa-8c2b-65a4af7d0213	2e0a4d20-5545-4390-a4e1-1b81dfc7c52e	\N	\N	\N	ov-usd-bucket	Library/Asset/MBD_VN/LBSMMC5M/LBSMMC5M.usd	Library/Asset/MBD_VN	thumbnails/default_equipment_thumbnail_picture.png	\N	ACTIVE	2026-05-06 06:58:42.47232+00	2026-05-21 09:26:42.97166+00	f	\N	\N	\N	\N	\N	\N	\N	\N	\N	d040abfd-6528-42aa-8c2b-65a4af7d0213	v1.0	t	\N	\N
d0fb5b0b-62fa-4521-a722-89026787a3cb	d0998a62-f74d-4f15-a774-82c482e080c2	\N	\N	\N	ov-usd-bucket	Library/Asset/Machine/CT_BNCZSBP/CT_BNCZSBP.usd	Library/Asset/Machine	thumbnails/default_equipment_thumbnail_picture.png	\N	ACTIVE	2026-05-19 07:55:27.855028+00	2026-05-19 07:55:27.855028+00	f	\N	\N	\N	\N	\N	\N	\N	\N	\N	d0fb5b0b-62fa-4521-a722-89026787a3cb	v1.0	t	\N	\N
d15fccfd-6f24-4d55-919f-a43d582d09ce	6d0ac676-52af-4619-99a6-731fe2ae31d4	\N	\N	\N	ov-usd-bucket	Library/Asset/HST_Dis_Assy_Sub/CT_HOUCCSIOBSC/CT_HOUCCSIOBSC.usd	Library/Asset/HST_Dis_Assy_Sub	thumbnails/default_equipment_thumbnail_picture.png	\N	ACTIVE	2026-05-19 06:54:38.469855+00	2026-05-19 06:54:38.469855+00	f	\N	\N	\N	\N	\N	\N	\N	\N	\N	d15fccfd-6f24-4d55-919f-a43d582d09ce	v1.0	t	\N	\N
d16e9cdc-5d7b-4d21-997f-ddc34a0e8bad	ee411c96-91d8-4e22-be17-b0f2e0214bfd	\N	\N	\N	ov-usd-bucket	Library/Asset/Machine/CT_BNCZSCPSC2/CT_BNCZSCPSC2.usd	Library/Asset/Machine	thumbnails/default_equipment_thumbnail_picture.png	\N	ACTIVE	2026-05-19 07:55:27.855028+00	2026-05-19 07:55:27.855028+00	f	\N	\N	\N	\N	\N	\N	\N	\N	\N	d16e9cdc-5d7b-4d21-997f-ddc34a0e8bad	v1.0	t	\N	\N
d2f661be-2dda-4b3f-a624-e2d4676f8e7d	ec4ad61e-bab2-44e8-a005-11c68b2c6a12	\N	\N	\N	ov-usd-bucket	Library/Asset/MBD_VN/CT_SORTTABLE/CT_SORTTABLE.usd	Library/Asset/MBD_VN	thumbnails/20260519-Snipaste_2026-05-19_14-25-31.png	\N	ACTIVE	2026-05-06 06:58:42.47232+00	2026-05-21 09:26:42.97166+00	f	\N	\N	\N	\N	\N	\N	\N	\N	\N	d2f661be-2dda-4b3f-a624-e2d4676f8e7d	v1.0	t	\N	\N
d314a77e-19bf-4125-84e8-8da0cca6fdc3	e0cc8a92-71fe-4527-9cf4-a0e138f9626a	\N	\N	\N	ov-usd-bucket	Library/Asset/HST_PACK/CT_HOPBMD/CT_HOPBMD.usd	Library/Asset/HST_PACK	thumbnails/default_equipment_thumbnail_picture.png	\N	ACTIVE	2026-05-19 06:51:59.123683+00	2026-05-19 06:51:59.123683+00	f	\N	\N	\N	\N	\N	\N	\N	\N	\N	d314a77e-19bf-4125-84e8-8da0cca6fdc3	v1.0	t	\N	\N
d38b1053-018d-4f20-ba41-385393b26ea5	56e46765-88a6-4c9b-9f74-b5fbf68b0f31	\N	\N	\N	ov-usd-bucket	Library/Asset/MBD_PACK/roll_03/roll_03.usd	Library/Asset/MBD_PACK	thumbnails/20260516-Snipaste_2026-05-16_12-40-10.png	\N	ACTIVE	2026-05-06 06:50:11.27645+00	2026-05-21 09:26:42.97166+00	f	\N	\N	\N	\N	\N	\N	\N	\N	\N	d38b1053-018d-4f20-ba41-385393b26ea5	v1.0	t	\N	\N
d68877cb-ca51-41e9-b2db-d228aec2f263	ffeb5fdd-d146-4275-a714-7e951e09eca7	\N	\N	\N	ov-usd-bucket	Library/Asset/HST_Dis_Assy_Sub/CT_HOUCCSSBP/CT_HOUCCSSBP.usd	Library/Asset/HST_Dis_Assy_Sub	thumbnails/default_equipment_thumbnail_picture.png	\N	ACTIVE	2026-05-19 06:54:38.469855+00	2026-05-19 06:54:38.469855+00	f	\N	\N	\N	\N	\N	\N	\N	\N	\N	d68877cb-ca51-41e9-b2db-d228aec2f263	v1.0	t	\N	\N
d6d90576-8b67-44a1-91eb-36a86b17cd38	169bf05a-4294-4365-8ac1-ddde81bed460	\N	\N	\N	ov-usd-bucket	Library/Asset/HST_ASRS/HST_ASRS_FRAME/HST_ASRS_FRAME.usd	Library/Asset/HST_ASRS	thumbnails/default_equipment_thumbnail_picture.png	\N	ACTIVE	2026-05-21 11:39:27.413971+00	2026-05-21 11:39:27.413971+00	f	\N	\N	\N	\N	\N	\N	\N	\N	\N	d6d90576-8b67-44a1-91eb-36a86b17cd38	v1.0	t	\N	\N
d8fa875d-1d8f-47f3-8ff3-ffc337639fff	df59751b-1cfc-407d-94b1-91cb2d51263b	\N	\N	\N	ov-usd-bucket	Library/Asset/MBD_SMT/SIV_200/SIV_200.usd	Library/Asset/MBD_SMT	thumbnails/20260516-SIV_200.png	\N	ACTIVE	2026-05-05 03:13:36.72587+00	2026-05-21 09:26:42.97166+00	f	\N	\N	\N	\N	\N	\N	\N	\N	\N	d8fa875d-1d8f-47f3-8ff3-ffc337639fff	v1.0	t	\N	\N
d9375865-1fc0-4608-af7b-404ff7c34ca6	16ce8805-3c2f-43c2-a871-e25db0b5e775	\N	\N	\N	ov-usd-bucket	Library/Asset/Machine/TR8100L_SII_INLINE/TR8100L_SII_INLINE.usd	Library/Asset/Machine	thumbnails/default_equipment_thumbnail_picture.png	\N	ACTIVE	2026-05-19 07:55:27.855028+00	2026-05-19 07:55:27.855028+00	f	\N	\N	\N	\N	\N	\N	\N	\N	\N	d9375865-1fc0-4608-af7b-404ff7c34ca6	v1.0	t	\N	\N
d9a4e774-00c5-4e6f-b48a-ebfca8ded56a	2f36981a-0a4b-4c31-b28d-3427131ef5e7	\N	\N	\N	ov-usd-bucket	Library/Asset/Machine/YSF_VEX6_YSF_VEX7/YSF_VEX6_YSF_VEX7.usd	Library/Asset/Machine	thumbnails/default_equipment_thumbnail_picture.png	\N	ACTIVE	2026-05-19 07:55:27.855028+00	2026-05-19 07:55:27.855028+00	f	\N	\N	\N	\N	\N	\N	\N	\N	\N	d9a4e774-00c5-4e6f-b48a-ebfca8ded56a	v1.0	t	\N	\N
da9a1890-d489-4460-b9ef-0854162a14fc	5699327f-aed0-4a19-9358-01285a82bf2b	\N	\N	\N	ov-usd-bucket	Library/Asset/HST_PTH/CT_HOP9LSSJ_D_h/CT_HOP9LSSJ_D_h.usd	Library/Asset/HST_PTH	thumbnails/default_equipment_thumbnail_picture.png	\N	ACTIVE	2026-05-19 07:11:35.399963+00	2026-05-19 07:11:35.399963+00	f	\N	\N	\N	\N	\N	\N	\N	\N	\N	da9a1890-d489-4460-b9ef-0854162a14fc	v1.0	t	\N	\N
daa540d1-eba0-4bdd-bae2-b7d760651805	9c2d1afd-53e7-4dfc-82d7-fdb9302160ae	\N	\N	\N	ov-usd-bucket	Library/Asset/Machine/CT_HCM548TS1/CT_HCM548TS1.usd	Library/Asset/Machine	thumbnails/default_equipment_thumbnail_picture.png	\N	ACTIVE	2026-05-19 07:55:27.855028+00	2026-05-19 07:55:27.855028+00	f	\N	\N	\N	\N	\N	\N	\N	\N	\N	daa540d1-eba0-4bdd-bae2-b7d760651805	v1.0	t	\N	\N
db927a1f-84c8-4062-8583-70cdafab4f08	f9692be3-2ac1-4eba-aa9f-5ad86a96d1e6	\N	\N	\N	ov-usd-bucket	Library/Asset/Machine/CT_HOUM548CNTSC12/CT_HOUM548CNTSC12.usd	Library/Asset/Machine	thumbnails/default_equipment_thumbnail_picture.png	\N	ACTIVE	2026-05-19 07:55:27.855028+00	2026-05-19 07:55:27.855028+00	f	\N	\N	\N	\N	\N	\N	\N	\N	\N	db927a1f-84c8-4062-8583-70cdafab4f08	v1.0	t	\N	\N
dbb2f993-0015-4b99-b75e-399c4d6ddf8c	12adb0a4-66f5-457d-9b3a-7666af177140	\N	\N	\N	ov-usd-bucket	Library/Asset/Machine/TR7007L_SII_Plus/TR7007L_SII_Plus.usd	Library/Asset/Machine	thumbnails/default_equipment_thumbnail_picture.png	\N	ACTIVE	2026-05-19 07:55:27.855028+00	2026-05-19 07:55:27.855028+00	f	\N	\N	\N	\N	\N	\N	\N	\N	\N	dbb2f993-0015-4b99-b75e-399c4d6ddf8c	v1.0	t	\N	\N
dc219ba6-70b0-4596-b7f4-a5da3f5cf094	1180f35b-6f2b-470d-9a1a-9b2cc2f35bfc	\N	\N	\N	ov-usd-bucket	Library/Asset/MBD_PACK/Packing_07/Packing_07.usd	Library/Asset/MBD_PACK	thumbnails/20260516-Snipaste_2026-05-16_12-37-52.png	\N	ACTIVE	2026-05-06 06:50:11.27645+00	2026-05-21 09:26:42.97166+00	f	\N	\N	\N	\N	\N	\N	\N	\N	\N	dc219ba6-70b0-4596-b7f4-a5da3f5cf094	v1.0	t	\N	\N
dca91fec-84b1-46e9-961d-08f594142c9b	2ed9562d-eedd-4c9e-94f3-a7591a63b5b5	\N	\N	\N	ov-usd-bucket	Library/Asset/MBD_Orchid/ManualStation_AWCPB/ManualStation_AWCPB.usd	Library/Asset/MBD_Orchid	thumbnails/default_equipment_thumbnail_picture.png	\N	ACTIVE	2026-05-07 09:06:57.268981+00	2026-05-21 09:26:42.97166+00	f	\N	\N	\N	\N	\N	\N	\N	\N	\N	dca91fec-84b1-46e9-961d-08f594142c9b	v1.0	t	\N	\N
dd4e11b8-3606-4aae-8bc5-04169d05d293	c23f6517-1224-4297-92bd-a1dbd64b09af	\N	\N	\N	ov-usd-bucket	Library/Asset/HST_PACK/CT_HOP_Stacking/CT_HOP_Stacking.usd	Library/Asset/HST_PACK	thumbnails/default_equipment_thumbnail_picture.png	\N	ACTIVE	2026-05-19 06:51:59.123683+00	2026-05-19 06:51:59.123683+00	f	\N	\N	\N	\N	\N	\N	\N	\N	\N	dd4e11b8-3606-4aae-8bc5-04169d05d293	v1.0	t	\N	\N
de90fbd8-b71f-47c5-b0d5-4b4da03a2898	aae04254-9b50-48dd-a43a-5ee790af7bef	\N	\N	\N	ov-usd-bucket	Library/Asset/Machine/CT_BNCZSM2/CT_BNCZSM2.usd	Library/Asset/Machine	thumbnails/default_equipment_thumbnail_picture.png	\N	ACTIVE	2026-05-19 07:55:27.855028+00	2026-05-19 07:55:27.855028+00	f	\N	\N	\N	\N	\N	\N	\N	\N	\N	de90fbd8-b71f-47c5-b0d5-4b4da03a2898	v1.0	t	\N	\N
def2400a-e6c6-4531-bf62-a372b0ac6d47	faf3a94c-e584-4489-b31a-e5450f8e0118	\N	\N	\N	ov-usd-bucket	Library/Asset/Machine/CT_HOUM548HM/CT_HOUM548HM.usd	Library/Asset/Machine	thumbnails/default_equipment_thumbnail_picture.png	\N	ACTIVE	2026-05-19 07:55:27.855028+00	2026-05-19 07:55:27.855028+00	f	\N	\N	\N	\N	\N	\N	\N	\N	\N	def2400a-e6c6-4531-bf62-a372b0ac6d47	v1.0	t	\N	\N
e03e40c5-48d5-466e-9eb1-c4180105901b	c7c598a7-dfaa-4b2c-a3e5-c30eaa2e91d3	\N	\N	\N	ov-usd-bucket	Library/Asset/Machine/CT_BNCZMYZJ/CT_BNCZMYZJ.usd	Library/Asset/Machine	thumbnails/default_equipment_thumbnail_picture.png	\N	ACTIVE	2026-05-19 07:55:27.855028+00	2026-05-19 07:55:27.855028+00	f	\N	\N	\N	\N	\N	\N	\N	\N	\N	e03e40c5-48d5-466e-9eb1-c4180105901b	v1.0	t	\N	\N
e273d499-9cd5-4737-9580-d70b409b4655	5ee03edf-bd9f-4671-a3d8-579f03894d33	\N	\N	\N	ov-usd-bucket	Library/Asset/Machine/CT_HCM548BSSC20/CT_HCM548BSSC20.usd	Library/Asset/Machine	thumbnails/default_equipment_thumbnail_picture.png	\N	ACTIVE	2026-05-19 07:55:27.855028+00	2026-05-19 07:55:27.855028+00	f	\N	\N	\N	\N	\N	\N	\N	\N	\N	e273d499-9cd5-4737-9580-d70b409b4655	v1.0	t	\N	\N
e2a0ce71-e0ab-4f6f-aaea-a821dbe0e473	fbd23d7b-5752-455f-840f-9765c1cbd359	\N	\N	\N	ov-usd-bucket	Library/Asset/HST_PACK/CT_HOPBLSJ/CT_HOPBLSJ.usd	Library/Asset/HST_PACK	thumbnails/default_equipment_thumbnail_picture.png	\N	ACTIVE	2026-05-19 06:51:59.123683+00	2026-05-19 06:51:59.123683+00	f	\N	\N	\N	\N	\N	\N	\N	\N	\N	e2a0ce71-e0ab-4f6f-aaea-a821dbe0e473	v1.0	t	\N	\N
e2f9bd62-dcf7-46ca-a21d-a77fba1567c4	fee10864-1253-4c16-af9b-a02753f6e023	\N	\N	\N	ov-usd-bucket	Library/Asset/Machine/CT_HBNCZSYZ/CT_HBNCZSYZ.usd	Library/Asset/Machine	thumbnails/default_equipment_thumbnail_picture.png	\N	ACTIVE	2026-05-19 07:55:27.855028+00	2026-05-19 07:55:27.855028+00	f	\N	\N	\N	\N	\N	\N	\N	\N	\N	e2f9bd62-dcf7-46ca-a21d-a77fba1567c4	v1.0	t	\N	\N
e52ed1f2-872c-4ff5-a26f-60a1b5cb8aac	92267238-5c68-44bf-a05f-5c375fbd261c	\N	\N	\N	ov-usd-bucket	Library/Asset/MBD_PACK/roll_04/roll_04.usd	Library/Asset/MBD_PACK	thumbnails/20260516-Snipaste_2026-05-16_12-40-32.png	\N	ACTIVE	2026-05-06 06:50:11.27645+00	2026-05-21 09:26:42.97166+00	f	\N	\N	\N	\N	\N	\N	\N	\N	\N	e52ed1f2-872c-4ff5-a26f-60a1b5cb8aac	v1.0	t	\N	\N
e5727683-65d4-4e57-b3cc-ec8d12e4cfb1	a7d53a4f-7f33-4bdb-809e-7113f025a493	\N	\N	\N	ov-usd-bucket	Library/Asset/MBD_VN/CS_MIDDLE/CS_MIDDLE.usd	Library/Asset/MBD_VN	thumbnails/20260516-Snipaste_2026-05-16_12-42-32.png	\N	ACTIVE	2026-05-06 06:58:42.47232+00	2026-05-21 09:26:42.97166+00	f	\N	\N	\N	\N	\N	\N	\N	\N	\N	e5727683-65d4-4e57-b3cc-ec8d12e4cfb1	v1.0	t	\N	\N
e57b7968-e780-4696-84d5-589cc1d713f5	fa970391-1754-43ce-b5cb-6f09be5c338d	\N	\N	\N	ov-usd-bucket	Library/Asset/HST_Dis_Assy_Sub/CT_HOUCCSPSL/CT_HOUCCSPSL.usd	Library/Asset/HST_Dis_Assy_Sub	thumbnails/default_equipment_thumbnail_picture.png	\N	ACTIVE	2026-05-19 06:54:38.469855+00	2026-05-19 06:54:38.469855+00	f	\N	\N	\N	\N	\N	\N	\N	\N	\N	e57b7968-e780-4696-84d5-589cc1d713f5	v1.0	t	\N	\N
e7209a1c-5c34-4673-b936-43ce4db4cdff	3a66bb1c-8e1d-462b-a704-4cfddc4b566c	\N	\N	\N	ov-usd-bucket	Library/Asset/Machine/CT_BNCZSHMC/CT_BNCZSHMC.usd	Library/Asset/Machine	thumbnails/default_equipment_thumbnail_picture.png	\N	ACTIVE	2026-05-19 07:55:27.855028+00	2026-05-19 07:55:27.855028+00	f	\N	\N	\N	\N	\N	\N	\N	\N	\N	e7209a1c-5c34-4673-b936-43ce4db4cdff	v1.0	t	\N	\N
e7956b4d-dd3d-4283-805a-da0d0ae32efb	a2ed2777-3ed6-4366-bed8-6aed4ae8ef85	\N	\N	\N	ov-usd-bucket	Library/Asset/HST_PTH/CT_HOP9LSSJ_M/CT_HOP9LSSJ_M.usd	Library/Asset/HST_PTH	thumbnails/default_equipment_thumbnail_picture.png	\N	ACTIVE	2026-05-19 07:11:35.399963+00	2026-05-19 07:11:35.399963+00	f	\N	\N	\N	\N	\N	\N	\N	\N	\N	e7956b4d-dd3d-4283-805a-da0d0ae32efb	v1.0	t	\N	\N
e8e48f3b-c1ff-4eaf-a2b0-260320e2dd5b	a172dc4a-2530-4e4a-a97a-147f4446e029	\N	\N	\N	ov-usd-bucket	Library/Asset/HST_PACK/CT_HOPBAOI/CT_HOPBAOI.usd	Library/Asset/HST_PACK	thumbnails/default_equipment_thumbnail_picture.png	\N	ACTIVE	2026-05-19 06:51:59.123683+00	2026-05-19 06:51:59.123683+00	f	\N	\N	\N	\N	\N	\N	\N	\N	\N	e8e48f3b-c1ff-4eaf-a2b0-260320e2dd5b	v1.0	t	\N	\N
ea965d8b-4ad7-44c3-b3b5-422beacfaac1	f21f9b22-24c8-49d8-bf0c-35426f305aa5	\N	\N	\N	ov-usd-bucket	Library/Asset/MBD_SMT/G_Ace500/G_Ace500.usd	Library/Asset/MBD_SMT	thumbnails/20260516-G_Ace500.png	\N	ACTIVE	2026-05-05 03:13:36.72587+00	2026-05-21 09:26:42.97166+00	f	\N	\N	\N	\N	\N	\N	\N	\N	\N	ea965d8b-4ad7-44c3-b3b5-422beacfaac1	v1.0	t	\N	\N
ebcc693b-7fdf-4308-90e5-ed202cebc125	9e2065ca-5958-4fd7-8bf0-de46e15456b9	\N	\N	\N	ov-usd-bucket	Library/Asset/Machine/MEP_8TL/MEP_8TL.usd	Library/Asset/Machine	thumbnails/default_equipment_thumbnail_picture.png	\N	ACTIVE	2026-05-19 07:55:27.855028+00	2026-05-19 07:55:27.855028+00	f	\N	\N	\N	\N	\N	\N	\N	\N	\N	ebcc693b-7fdf-4308-90e5-ed202cebc125	v1.0	t	\N	\N
ec1af1a2-17ba-47b2-845e-c63f4494c798	6c2879bb-57ac-4193-a0ed-76b0473643f5	\N	\N	\N	ov-usd-bucket	Library/Asset/MBD_PACK/Packing_03/Packing_03.usd	Library/Asset/MBD_PACK	thumbnails/20260516-Snipaste_2026-05-16_12-36-40.png	\N	ACTIVE	2026-05-06 06:50:11.27645+00	2026-05-21 09:26:42.97166+00	f	\N	\N	\N	\N	\N	\N	\N	\N	\N	ec1af1a2-17ba-47b2-845e-c63f4494c798	v1.0	t	\N	\N
ecce4e33-81e8-48cc-9395-5a201eea0883	20f7de72-ceef-45aa-b43a-8c4fcc71c579	\N	\N	\N	ov-usd-bucket	Library/Asset/HST_PTH/CT_HOP9_IIZJ/CT_HOP9_IIZJ.usd	Library/Asset/HST_PTH	thumbnails/default_equipment_thumbnail_picture.png	\N	ACTIVE	2026-05-19 07:11:35.399963+00	2026-05-19 07:11:35.399963+00	f	\N	\N	\N	\N	\N	\N	\N	\N	\N	ecce4e33-81e8-48cc-9395-5a201eea0883	v1.0	t	\N	\N
edb8546d-a952-416f-a260-8c5de1143c80	d2b7c5c6-90f0-404c-887c-baf3c549a285	\N	\N	\N	ov-usd-bucket	Library/Asset/Machine/CT_BNCCM/CT_BNCCM.usd	Library/Asset/Machine	thumbnails/default_equipment_thumbnail_picture.png	\N	ACTIVE	2026-05-19 07:55:27.855028+00	2026-05-19 07:55:27.855028+00	f	\N	\N	\N	\N	\N	\N	\N	\N	\N	edb8546d-a952-416f-a260-8c5de1143c80	v1.0	t	\N	\N
edc5711f-c380-4051-aaa2-1f2252e7b06a	4f5fbfd1-284f-486d-a407-0bb79f5f2b41	\N	\N	\N	ov-usd-bucket	Library/Asset/Machine/CT_HOUM548PCBSC24/CT_HOUM548PCBSC24.usd	Library/Asset/Machine	thumbnails/default_equipment_thumbnail_picture.png	\N	ACTIVE	2026-05-19 07:55:27.855028+00	2026-05-19 07:55:27.855028+00	f	\N	\N	\N	\N	\N	\N	\N	\N	\N	edc5711f-c380-4051-aaa2-1f2252e7b06a	v1.0	t	\N	\N
ee0f943c-6521-4c8c-a95c-3edc1d1a476f	b9b540c6-bbef-4a39-b0c1-56ff26f1e360	\N	\N	\N	ov-usd-bucket	Library/Asset/MBD_Orchid/BoardLoading_PCBA/BoardLoading_PCBA.usd	Library/Asset/MBD_Orchid	thumbnails/default_equipment_thumbnail_picture.png	\N	ACTIVE	2026-05-07 09:06:57.268981+00	2026-05-21 09:26:42.97166+00	f	\N	\N	\N	\N	\N	\N	\N	\N	\N	ee0f943c-6521-4c8c-a95c-3edc1d1a476f	v1.0	t	\N	\N
ee135b21-44d4-46f2-8df0-4868ab448961	f7515ac5-40a2-4c39-b507-9df23e823b9c	\N	\N	\N	ov-usd-bucket	Library/Asset/HST_PTH/CT_HOP9ZZJJ/CT_HOP9ZZJJ.usd	Library/Asset/HST_PTH	thumbnails/default_equipment_thumbnail_picture.png	\N	ACTIVE	2026-05-19 07:11:35.399963+00	2026-05-19 07:11:35.399963+00	f	\N	\N	\N	\N	\N	\N	\N	\N	\N	ee135b21-44d4-46f2-8df0-4868ab448961	v1.0	t	\N	\N
eff332e7-674b-443a-ba34-baeeec54c94e	df1370be-abf6-4c1a-88e5-d6fc083f533b	\N	\N	\N	ov-usd-bucket	Library/Asset/Machine/SGC_160B/SGC_160B.usd	Library/Asset/Machine	thumbnails/default_equipment_thumbnail_picture.png	\N	ACTIVE	2026-05-19 07:55:27.855028+00	2026-05-19 07:55:27.855028+00	f	\N	\N	\N	\N	\N	\N	\N	\N	\N	eff332e7-674b-443a-ba34-baeeec54c94e	v1.0	t	\N	\N
f0491e93-740f-4345-a479-f6d1e70aeb8d	d9864b9d-d76d-447e-af12-7923d9c6dce8	\N	\N	\N	ov-usd-bucket	Library/Asset/MBD_Orchid/Spring_Clip_FPU/Spring_Clip_FPU.usd	Library/Asset/MBD_Orchid	thumbnails/default_equipment_thumbnail_picture.png	\N	ACTIVE	2026-05-07 09:06:57.268981+00	2026-05-21 09:26:42.97166+00	f	\N	\N	\N	\N	\N	\N	\N	\N	\N	f0491e93-740f-4345-a479-f6d1e70aeb8d	v1.0	t	\N	\N
f30321c1-722b-4265-b525-d7318f220a7b	b9241298-9fc3-459b-b48c-c00640e53d30	\N	\N	\N	ov-usd-bucket	Library/Asset/Machine/XB_OTS_1300L/XB_OTS_1300L.usd	Library/Asset/Machine	thumbnails/default_equipment_thumbnail_picture.png	\N	ACTIVE	2026-05-19 07:55:27.855028+00	2026-05-19 07:55:27.855028+00	f	\N	\N	\N	\N	\N	\N	\N	\N	\N	f30321c1-722b-4265-b525-d7318f220a7b	v1.0	t	\N	\N
f31efd21-1b1c-4e05-b9f3-c1ed4f634e8e	2452f932-b105-4bc3-b989-d53eb0ad4cc7	\N	\N	\N	ov-usd-bucket	Library/Asset/MBD_VN/CSM_JTAG/CSM_JTAG.usd	Library/Asset/MBD_VN	thumbnails/20260516-Snipaste_2026-05-16_12-42-10.png	\N	ACTIVE	2026-05-06 06:58:42.47232+00	2026-05-21 09:26:42.97166+00	f	\N	\N	\N	\N	\N	\N	\N	\N	\N	f31efd21-1b1c-4e05-b9f3-c1ed4f634e8e	v1.0	t	\N	\N
f3e0a7e5-43e9-4fd7-bbb8-a7c7735e421f	9375c7ac-4b36-4c7d-a5c5-2c7e0d072c2d	\N	\N	\N	ov-usd-bucket	Library/Asset/Machine/PG548_GB300_Magazine_0910/PG548_GB300_Magazine_0910.usd	Library/Asset/Machine	thumbnails/default_equipment_thumbnail_picture.png	\N	ACTIVE	2026-05-19 07:55:27.855028+00	2026-05-19 07:55:27.855028+00	f	\N	\N	\N	\N	\N	\N	\N	\N	\N	f3e0a7e5-43e9-4fd7-bbb8-a7c7735e421f	v1.0	t	\N	\N
f7249a4d-ce46-411f-bbcf-69fb16474d5c	fa883c3a-1b20-46e5-8bb2-bafc4afe6234	\N	\N	\N	ov-usd-bucket	Library/Asset/Machine/SBL_820A/SBL_820A.usd	Library/Asset/Machine	thumbnails/default_equipment_thumbnail_picture.png	\N	ACTIVE	2026-05-19 07:55:27.855028+00	2026-05-19 07:55:27.855028+00	f	\N	\N	\N	\N	\N	\N	\N	\N	\N	f7249a4d-ce46-411f-bbcf-69fb16474d5c	v1.0	t	\N	\N
f73b256a-c42f-43a0-90bc-20c5475083a3	d2aaae22-34b1-4744-898d-720065862ae7	\N	\N	\N	ov-usd-bucket	Library/Asset/Machine/CT_HCM548PCB10/CT_HCM548PCB10.usd	Library/Asset/Machine	thumbnails/default_equipment_thumbnail_picture.png	\N	ACTIVE	2026-05-19 07:55:27.855028+00	2026-05-19 07:55:27.855028+00	f	\N	\N	\N	\N	\N	\N	\N	\N	\N	f73b256a-c42f-43a0-90bc-20c5475083a3	v1.0	t	\N	\N
f8f89b83-19ce-433f-be3f-fd3fae62f023	8ccff300-1b90-4041-b5ff-bce16995a0c3	\N	\N	\N	ov-usd-bucket	Library/Asset/HST_Dis_Assy_Sub/CT_HOUCCSPCBSC/CT_HOUCCSPCBSC.usd	Library/Asset/HST_Dis_Assy_Sub	thumbnails/default_equipment_thumbnail_picture.png	\N	ACTIVE	2026-05-19 06:54:38.469855+00	2026-05-19 06:54:38.469855+00	f	\N	\N	\N	\N	\N	\N	\N	\N	\N	f8f89b83-19ce-433f-be3f-fd3fae62f023	v1.0	t	\N	\N
fb703dc8-9469-4dfd-b413-652f1b3dfc32	4db38664-09db-42ed-81f9-ca59c4abc737	\N	\N	\N	ov-usd-bucket	Library/Asset/HST_PTH/CT_TWNF10_07_A001/CT_TWNF10_07_A001.usd	Library/Asset/HST_PTH	thumbnails/default_equipment_thumbnail_picture.png	\N	ACTIVE	2026-05-19 07:11:35.399963+00	2026-05-19 07:11:35.399963+00	f	\N	\N	\N	\N	\N	\N	\N	\N	\N	fb703dc8-9469-4dfd-b413-652f1b3dfc32	v1.0	t	\N	\N
fe089a04-1a7c-487c-8707-3590ac7abde3	cb3101dd-9a49-4332-a38d-35c00d131698	\N	\N	\N	ov-usd-bucket	Library/Asset/MBD_VN/SPC6_CPO_ASSEMBLY/SPC6_CPO_ASSEMBLY.usd	Library/Asset/MBD_VN	thumbnails/default_equipment_thumbnail_picture.png	\N	ACTIVE	2026-05-06 06:58:42.47232+00	2026-05-06 06:58:42.47232+00	f	\N	\N	\N	\N	\N	\N	\N	\N	\N	fe089a04-1a7c-487c-8707-3590ac7abde3	v1.0	t	\N	\N
ff0a17cc-7eb0-4367-b8da-2dd93813c2a8	555b1a6f-b3a3-478b-9faf-23234297f389	\N	\N	\N	ov-usd-bucket	Library/Asset/Machine/CT_HBNCZSPCBSC/CT_HBNCZSPCBSC.usd	Library/Asset/Machine	thumbnails/default_equipment_thumbnail_picture.png	\N	ACTIVE	2026-05-19 07:55:27.855028+00	2026-05-19 07:55:27.855028+00	f	\N	\N	\N	\N	\N	\N	\N	\N	\N	ff0a17cc-7eb0-4367-b8da-2dd93813c2a8	v1.0	t	\N	\N
ff387735-a765-41ef-aae8-9d5f7f521c76	81c6264d-dd84-4efa-89a0-89529bd05ab8	\N	\N	\N	ov-usd-bucket	Library/Asset/Machine/CT_HCM548CNTSC12/CT_HCM548CNTSC12.usd	Library/Asset/Machine	thumbnails/default_equipment_thumbnail_picture.png	\N	ACTIVE	2026-05-19 07:55:27.855028+00	2026-05-19 07:55:27.855028+00	f	\N	\N	\N	\N	\N	\N	\N	\N	\N	ff387735-a765-41ef-aae8-9d5f7f521c76	v1.0	t	\N	\N
ffab3e91-67a0-478e-a65b-7a75917380fa	ef2b4763-67ae-4910-ac89-78b0c2ec067d	\N	\N	\N	ov-usd-bucket	Library/Asset/Machine/Neo_180/Neo_180.usd	Library/Asset/Machine	thumbnails/default_equipment_thumbnail_picture.png	\N	ACTIVE	2026-05-19 07:55:27.855028+00	2026-05-19 07:55:27.855028+00	f	\N	\N	\N	\N	\N	\N	\N	\N	\N	ffab3e91-67a0-478e-a65b-7a75917380fa	v1.0	t	\N	\N
\.


--
-- Data for Name: instance_asset_type_dict; Type: TABLE DATA; Schema: public; Owner: postgres
--

COPY public.instance_asset_type_dict (code, name, description, status, created_at, updated_at, is_deleted) FROM stdin;
EQUIPMENT	设备	设备节点，对应 base_equipment	ACTIVE	2026-04-30 06:56:32.966016+00	2026-04-30 06:56:32.966016+00	f
FACTORY	工厂	工厂根节点，对应 base_factory	ACTIVE	2026-05-09 06:29:58.135877+00	2026-05-09 06:29:58.135877+00	f
LINE	线体	产线节点，对应 base_production_line	ACTIVE	2026-04-30 06:56:32.966016+00	2026-04-30 06:56:32.966016+00	f
STAGE	制程	工段/制程节点，对应 base_stage	ACTIVE	2026-04-30 06:56:32.966016+00	2026-04-30 06:56:32.966016+00	f
\.


--
-- Data for Name: line_model_details; Type: TABLE DATA; Schema: public; Owner: postgres
--

COPY public.line_model_details (id, category_id, bucket_name, root_usd_path, location_path, thumbnail_path, status, created_at, updated_at, is_deleted, category, manufacturer, model, format, poly_count, prim_path, instance_path, width, depth, height, asset_version_id, version_tag, is_current, remark, created_by) FROM stdin;
17b6c640-8167-45d0-8790-df512eb54264	e0c72a29-70ae-4859-840e-5bc442d2294e	ov-usd-bucket	Line_Library/ProdLine/L_SMT_HST/L_SMT_HST.usd	Line_Library	thumbnails/20260526-Snipaste_2026-05-26_15-33-54.png	ACTIVE	2026-05-26 07:25:31.427188+00	2026-05-26 08:21:34.117034+00	f	\N	\N	\N	\N	\N	\N	\N	\N	\N	\N	17b6c640-8167-45d0-8790-df512eb54264	v1.0	t	\N	\N
21d5711b-b698-4404-bc1d-5793006c32b0	bfa41729-cb45-4b58-82f1-5c245656773b	ov-usd-bucket	Line_Library/ProdLine/L_MBD_PACKING01/L_MBD_PACKING01.usd	Line_Library	thumbnails/20260521-MBD_PACKING01.png	ACTIVE	2026-05-07 09:17:38.945902+00	2026-05-21 08:33:44.157579+00	f	\N	\N	\N	\N	\N	\N	\N	\N	\N	\N	21d5711b-b698-4404-bc1d-5793006c32b0	v1.0	t	\N	\N
2c8e41a4-37bb-4245-ab96-c772c0d0ed86	c8111493-51d9-4b26-8abf-d29bc2ec7669	ov-usd-bucket	Line_Library/ProdLine/L_SH_VR/L_SH_VR.usd	Line_Library	thumbnails/default_line_thumbnail_picture.png	ACTIVE	2026-05-07 09:17:38.945902+00	2026-05-08 01:18:42.230413+00	f	\N	\N	\N	\N	\N	\N	\N	\N	\N	\N	2c8e41a4-37bb-4245-ab96-c772c0d0ed86	v1.0	t	\N	\N
2d1c9953-49bf-46a3-b378-671b6d81aa39	abe46bd9-58dd-47cb-b3b0-54318be003a8	ov-usd-bucket	Line_Library/ProdLine/L_MBD_MMC_2/L_MBD_MMC_2.usd	Line_Library	thumbnails/20260521-MBD_MMC_2.png	ACTIVE	2026-05-07 09:17:38.945902+00	2026-05-21 08:33:37.758233+00	f	\N	\N	\N	\N	\N	\N	\N	\N	\N	\N	2d1c9953-49bf-46a3-b378-671b6d81aa39	v1.0	t	\N	\N
34b9b409-d832-4a5d-b434-235984cf391c	0a472fef-6094-4caa-a017-b0ad9e75bfa8	ov-usd-bucket	Line_Library/ProdLine/L_MBD_SMT_B_2_NEW/L_MBD_SMT_B_2_NEW.usd	Line_Library	thumbnails/20260521-Snipaste_2026-05-21_16-33-01.png	ACTIVE	2026-05-07 09:17:38.945902+00	2026-05-21 08:33:14.907846+00	f	\N	\N	\N	\N	\N	\N	\N	\N	\N	\N	34b9b409-d832-4a5d-b434-235984cf391c	v1.0	t	\N	\N
4020acff-2746-4f0b-a2f1-a03bdd11b567	3f7bfca6-ddec-4938-a397-a25d1ab48c36	ov-usd-bucket	Line_Library/ProdLine/L_MBD_Orichid/L_MBD_Orichid.usd	Line_Library	thumbnails/20260521-MBD_Orichild.png	ACTIVE	2026-05-07 09:17:38.945902+00	2026-05-21 08:34:13.883713+00	f	\N	\N	\N	\N	\N	\N	\N	\N	\N	\N	4020acff-2746-4f0b-a2f1-a03bdd11b567	v1.0	t	\N	\N
40d45bff-c344-4aaa-b797-10667c1c4c63	57ec9a34-d1b3-4858-9ddb-36ed3df36199	ov-usd-bucket	Line_Library/ProdLine/L_MBD_SMT_B/L_MBD_SMT_B.usd	Line_Library	thumbnails/20260521-SMT_B_2.png	ACTIVE	2026-05-07 09:17:38.945902+00	2026-05-21 08:32:24.867902+00	f	\N	\N	\N	\N	\N	\N	\N	\N	\N	\N	40d45bff-c344-4aaa-b797-10667c1c4c63	v1.0	t	\N	\N
410f00fb-11bf-4668-bcc1-42b86d4f24ca	4168876a-9d48-4b0c-858f-5bcd14c12e81	ov-usd-bucket	Line_Library/ProdLine/L_MBD_OrichidBay/L_MBD_OrichidBay.usd	Line_Library	thumbnails/20260521-MBD_OrichildBay.png	ACTIVE	2026-05-07 09:17:38.945902+00	2026-05-21 08:34:17.953813+00	f	\N	\N	\N	\N	\N	\N	\N	\N	\N	\N	410f00fb-11bf-4668-bcc1-42b86d4f24ca	v1.0	t	\N	\N
45b53c2d-c97c-46b5-a975-194fbd58865b	0bba5d2d-b0f2-4630-94ce-e4b8d3837cbe	ov-usd-bucket	Line_Library/ProdLine/L_MBD_MMC/L_MBD_MMC.usd	Line_Library	thumbnails/20260521-MBD_MMC.png	ACTIVE	2026-05-07 09:17:38.945902+00	2026-05-21 08:33:55.667895+00	f	\N	\N	\N	\N	\N	\N	\N	\N	\N	\N	45b53c2d-c97c-46b5-a975-194fbd58865b	v1.0	t	\N	\N
576be257-dbaf-481f-a51f-a6657c58fccc	28af37d5-7cd1-4c37-bbec-5d19c673995f	ov-usd-bucket	Line_Library/ProdLine/L_JZ/L_JZ.usd	Line_Library	thumbnails/default_line_thumbnail_picture.png	ACTIVE	2026-05-07 09:17:38.945902+00	2026-05-08 01:06:41.379415+00	f	\N	\N	\N	\N	\N	\N	\N	\N	\N	\N	576be257-dbaf-481f-a51f-a6657c58fccc	v1.0	t	\N	\N
5e868af6-988e-4fca-ad2c-32c6466ba368	f7c2d533-c9db-4671-a4bf-e9e6c58aef0e	ov-usd-bucket	Line_Library/ProdLine/L_MBD_SMT_A/L_MBD_SMT_A.usd	Line_Library	thumbnails/20260521-MBD_SMT_A.png	ACTIVE	2026-05-07 09:17:38.945902+00	2026-05-21 08:35:06.546242+00	f	\N	\N	\N	\N	\N	\N	\N	\N	\N	\N	5e868af6-988e-4fca-ad2c-32c6466ba368	v1.0	t	\N	\N
8e51d14a-b6ca-4e5f-8e45-60690cdd51fa	4b1fe4c0-4677-4dd8-ac1b-d565ab4ba103	ov-usd-bucket	Line_Library/ProdLine/L_HST_PACK/L_HST_PACK.usd	Line_Library	thumbnails/20260521-Snipaste_2026-05-21_15-33-57.png	ACTIVE	2026-05-19 07:55:43.363664+00	2026-05-21 07:34:15.825803+00	f	\N	\N	\N	\N	\N	\N	\N	\N	\N	\N	8e51d14a-b6ca-4e5f-8e45-60690cdd51fa	v1.0	t	\N	\N
ba4d5f1a-9589-4cc2-801a-d0d969c4372d	42ce90e7-c449-44bb-9114-b07e05a02e85	ov-usd-bucket	Line_Library/ProdLine/L_MBD_SMT_B_2/L_MBD_SMT_B_2.usd	Line_Library	thumbnails/20260521-MBD_SMT_A.png	ACTIVE	2026-05-05 02:52:22.686573+00	2026-05-21 08:29:31.435983+00	f	\N	\N	\N	\N	\N	\N	\N	\N	\N	\N	ba4d5f1a-9589-4cc2-801a-d0d969c4372d	v1.0	t	\N	\N
bc02465d-c0c4-4c04-8640-613acaf593a6	3b045361-ba55-419e-8814-e8b046e72475	ov-usd-bucket	Line_Library/ProdLine/L_MBD_SMT/L_MBD_SMT.usd	Line_Library	thumbnails/20260521-MBD_SMT_A.png	ACTIVE	2026-05-05 02:52:22.686573+00	2026-05-21 08:31:55.621784+00	f	\N	\N	\N	\N	\N	\N	\N	\N	\N	\N	bc02465d-c0c4-4c04-8640-613acaf593a6	v1.0	t	\N	\N
e24f112b-036b-4435-9117-ade3c6d73c59	524bd8be-3b32-427d-85ef-86a1b7d191d6	ov-usd-bucket	Line_Library/ProdLine/L_MBD_PACKING/L_MBD_PACKING.usd	Line_Library	thumbnails/20260521-MBD_PACKING.png	ACTIVE	2026-05-05 02:52:22.686573+00	2026-05-22 01:34:06.702928+00	f	\N	\N	\N	\N	\N	\N	\N	\N	\N	\N	e24f112b-036b-4435-9117-ade3c6d73c59	v1.0	t	\N	\N
ef88adc1-1759-4b42-8338-f36a5a1c710c	5664db09-7395-4050-a6df-f1f676a83c65	ov-usd-bucket	Line_Library/ProdLine/L_HST_Module/L_HST_Module.usd	Line_Library	thumbnails/20260526-Snipaste_2026-05-26_15-33-54.png	ACTIVE	2026-05-26 06:55:40.18724+00	2026-05-26 08:21:34.401466+00	f	\N	\N	\N	\N	\N	\N	\N	\N	\N	\N	ef88adc1-1759-4b42-8338-f36a5a1c710c	v1.0	t	\N	\N
f26ba798-71f4-48d0-a896-d13366b857a3	81fbabac-eaba-4f3c-9f64-8c8fb1927647	ov-usd-bucket	Line_Library/ProdLine/L_SMT_Bianca_Xray/L_SMT_Bianca_Xray.usd	Line_Library	thumbnails/20260526-Snipaste_2026-05-26_15-35-36.png	ACTIVE	2026-05-26 07:25:31.427188+00	2026-05-26 08:21:34.651157+00	f	\N	\N	\N	\N	\N	\N	\N	\N	\N	\N	f26ba798-71f4-48d0-a896-d13366b857a3	v1.0	t	\N	\N
fab31a7c-7b3a-4f1a-9461-daad8130beaf	afa69acf-e0fb-403b-9d30-f44a0ed6c13b	ov-usd-bucket	Line_Library/ProdLine/L_MBD_6S/L_MBD_6S.usd	Line_Library	thumbnails/20260521-Snipaste_2026-05-21_16-30-44.png	ACTIVE	2026-05-05 02:52:22.686573+00	2026-05-21 08:31:00.293808+00	f	\N	\N	\N	\N	\N	\N	\N	\N	\N	\N	fab31a7c-7b3a-4f1a-9461-daad8130beaf	v1.0	t	\N	\N
ff5d37ef-d29e-4a11-9bcb-4ab0ffb5ff2f	de4c7399-c4c3-4411-87ee-6c440365451e	ov-usd-bucket	Line_Library/ProdLine/L_MBD_CS/L_MBD_CS.usd	Line_Library	thumbnails/20260521-MBC_CS.png	ACTIVE	2026-05-07 09:17:38.945902+00	2026-05-21 08:34:05.192871+00	f	\N	\N	\N	\N	\N	\N	\N	\N	\N	\N	ff5d37ef-d29e-4a11-9bcb-4ab0ffb5ff2f	v1.0	t	\N	\N
\.


--
-- Data for Name: line_model_equipment_rel; Type: TABLE DATA; Schema: public; Owner: postgres
--

COPY public.line_model_equipment_rel (id, line_model_id, equipment_model_id, instance_name, position_data, rotation_data, device_status, device_area, root_usd_path, created_at, updated_at, is_deleted) FROM stdin;
0008bb1a-1049-4d2b-9128-bc4d0ac0edf0	34b9b409-d832-4a5d-b434-235984cf391c	2a87557b-47a4-478e-b53c-80b7ace2b609	id_NPM_WX_CART_CART01	{"pos_x": 0, "pos_y": 0, "pos_z": 0}	{"rot_yaw": 0, "rot_roll": 0, "rot_pitch": 0}	active	\N	Line_Library/ProdLine/L_MBD_SMT_B_2_NEW/Machine/id_NPM_WX_CART_CART01.usd	2026-05-07 09:36:37.983483+00	2026-05-21 10:55:16.093253+00	f
002608cf-ba00-424f-9408-716577d6f561	e24f112b-036b-4435-9117-ade3c6d73c59	4d5a6470-a623-4b63-a161-450b2134c84b	id_Roll_05_RO08	{"pos_x": 0, "pos_y": 0, "pos_z": 0}	{"rot_yaw": 0, "rot_roll": 0, "rot_pitch": 0}	active	\N	Line_Library/ProdLine/L_MBD_PACKING/Machine/id_Roll_05_RO08.usd	2026-05-21 10:55:16.093253+00	2026-05-21 10:55:16.093253+00	f
002837ad-2f30-4721-9f82-dd8a9507e666	45b53c2d-c97c-46b5-a975-194fbd58865b	c065e82d-3c02-409b-84b1-ffa9f03af1be	id_CT_SORTCV_CV09	{"pos_x": 0, "pos_y": 0, "pos_z": 0}	{"rot_yaw": 0, "rot_roll": 0, "rot_pitch": 0}	active	\N	Line_Library/ProdLine/L_MBD_MMC/Machine/id_CT_SORTCV_CV09.usd	2026-05-07 09:45:04.179442+00	2026-05-21 10:55:16.093253+00	f
005ee67b-46c2-42dc-8597-8fb31721f737	40d45bff-c344-4aaa-b797-10667c1c4c63	251829a4-6385-43d5-9d78-5a152b000ae4	id_VT_X750_VT01	{"pos_x": 0, "pos_y": 0, "pos_z": 0}	{"rot_yaw": 0, "rot_roll": 0, "rot_pitch": 0}	active	\N	Line_Library/ProdLine/L_MBD_SMT_B/Machine/id_VT_X750_VT01.usd	2026-05-21 09:22:15.150086+00	2026-05-21 10:55:16.093253+00	f
0064d925-f822-476c-81d6-4387431129fb	bc02465d-c0c4-4c04-8640-613acaf593a6	c612f740-3638-47ab-a08e-fb1dbbc98549	id_Hand_Table_6MM_TAB08	{"pos_x": 0, "pos_y": 0, "pos_z": 0}	{"rot_yaw": 0, "rot_roll": 0, "rot_pitch": 0}	active	\N	Line_Library/ProdLine/L_MBD_SMT/Machine/id_Hand_Table_6MM_TAB08.usd	2026-05-21 09:22:15.150086+00	2026-05-21 10:55:16.093253+00	f
00da5411-3329-4b30-80cf-3bb9aa235397	2d1c9953-49bf-46a3-b378-671b6d81aa39	d040abfd-6528-42aa-8c2b-65a4af7d0213	id_MMC_MMC14	{"pos_x": 0, "pos_y": 0, "pos_z": 0}	{"rot_yaw": 0, "rot_roll": 0, "rot_pitch": 0}	active	\N	Line_Library/ProdLine/L_MBD_MMC_2/Machine/id_MMC_MMC14.usd	2026-05-07 09:36:37.983483+00	2026-05-21 10:55:16.093253+00	f
00dbb38e-3f7a-4fd9-bf4a-abb0cd1eff09	34b9b409-d832-4a5d-b434-235984cf391c	c612f740-3638-47ab-a08e-fb1dbbc98549	id_Table_TAB09	{"pos_x": 0, "pos_y": 0, "pos_z": 0}	{"rot_yaw": 0, "rot_roll": 0, "rot_pitch": 0}	active	\N	Line_Library/ProdLine/L_MBD_SMT_B_2_NEW/Machine/id_Table_TAB09.usd	2026-05-21 07:43:10.705354+00	2026-05-21 10:55:16.093253+00	f
00e8839c-1680-41e4-8599-dc8753ad2cb9	2d1c9953-49bf-46a3-b378-671b6d81aa39	d2f661be-2dda-4b3f-a624-e2d4676f8e7d	id_CT_SORTTABLE_TAB11	{"pos_x": 0, "pos_y": 0, "pos_z": 0}	{"rot_yaw": 0, "rot_roll": 0, "rot_pitch": 0}	active	\N	Line_Library/ProdLine/L_MBD_MMC_2/Machine/id_CT_SORTTABLE_TAB11.usd	2026-05-07 09:23:04.073135+00	2026-05-21 10:55:16.093253+00	f
00ee32c7-d3f6-4e4f-b8b3-15e2d4d180db	40d45bff-c344-4aaa-b797-10667c1c4c63	c612f740-3638-47ab-a08e-fb1dbbc98549	id_Hand_Table_6MM_TAB06	{"pos_x": 0, "pos_y": 0, "pos_z": 0}	{"rot_yaw": 0, "rot_roll": 0, "rot_pitch": 0}	active	\N	Line_Library/ProdLine/L_MBD_SMT_B/Machine/id_Hand_Table_6MM_TAB06.usd	2026-05-07 09:17:38.945902+00	2026-05-21 10:55:16.093253+00	f
0116d873-9c67-49a6-aade-b0ff2a63eef9	45b53c2d-c97c-46b5-a975-194fbd58865b	f31efd21-1b1c-4e05-b9f3-c1ed4f634e8e	id_CSM_JTAG_CS03	{"pos_x": 0, "pos_y": 0, "pos_z": 0}	{"rot_yaw": 0, "rot_roll": 0, "rot_pitch": 0}	active	\N	Line_Library/ProdLine/L_MBD_MMC/Machine/id_CSM_JTAG_CS03.usd	2026-05-07 09:42:09.436986+00	2026-05-21 10:55:16.093253+00	f
0121b169-76f9-4ec0-bdb6-8ff751876ea8	45b53c2d-c97c-46b5-a975-194fbd58865b	c065e82d-3c02-409b-84b1-ffa9f03af1be	id_CT_SORTCV_CV03	{"pos_x": 0, "pos_y": 0, "pos_z": 0}	{"rot_yaw": 0, "rot_roll": 0, "rot_pitch": 0}	active	\N	Line_Library/ProdLine/L_MBD_MMC/Machine/id_CT_SORTCV_CV03.usd	2026-05-07 09:49:48.806362+00	2026-05-21 10:55:16.093253+00	f
0134bbb5-9bb1-42ff-b3ad-789d1f01340c	ba4d5f1a-9589-4cc2-801a-d0d969c4372d	c612f740-3638-47ab-a08e-fb1dbbc98549	id_Hand_Table_6MM_TAB06	{"pos_x": 0, "pos_y": 0, "pos_z": 0}	{"rot_yaw": 0, "rot_roll": 0, "rot_pitch": 0}	active	\N	Line_Library/ProdLine/L_MBD_SMT_B_2/Machine/id_Hand_Table_6MM_TAB06.usd	2026-05-07 09:42:09.436986+00	2026-05-21 10:55:16.093253+00	f
013f42e7-b50b-4d6b-ab55-158578543d56	2d1c9953-49bf-46a3-b378-671b6d81aa39	d040abfd-6528-42aa-8c2b-65a4af7d0213	id_MMC_MMC08	{"pos_x": 0, "pos_y": 0, "pos_z": 0}	{"rot_yaw": 0, "rot_roll": 0, "rot_pitch": 0}	active	\N	Line_Library/ProdLine/L_MBD_MMC_2/Machine/id_MMC_MMC08.usd	2026-05-07 09:23:04.073135+00	2026-05-21 10:55:16.093253+00	f
014cb342-ccdc-44d5-bbe6-351ff8702a4e	4020acff-2746-4f0b-a2f1-a03bdd11b567	a07b32b3-994c-4d89-bd3f-ffc696a84555	id_Remove_Screws_RS02	{"pos_x": 0, "pos_y": 0, "pos_z": 0}	{"rot_yaw": 0, "rot_roll": 0, "rot_pitch": 0}	active	\N	Line_Library/ProdLine/L_MBD_Orichid/Machine/id_Remove_Screws_RS02.usd	2026-05-07 09:23:04.073135+00	2026-05-21 10:55:16.093253+00	f
0155022a-c4de-447a-8ebb-353774ecbd97	bc02465d-c0c4-4c04-8640-613acaf593a6	2a87557b-47a4-478e-b53c-80b7ace2b609	id_NPM_WX_CART_CART05	{"pos_x": 0, "pos_y": 0, "pos_z": 0}	{"rot_yaw": 0, "rot_roll": 0, "rot_pitch": 0}	active	\N	Line_Library/ProdLine/L_MBD_SMT/Machine/id_NPM_WX_CART_CART05.usd	2026-05-05 10:01:26.378843+00	2026-05-21 10:55:16.093253+00	f
016681b0-9760-4d5a-ada1-7c17388d39b7	bc02465d-c0c4-4c04-8640-613acaf593a6	285499b0-c983-4e4d-aa6b-3cf89a2f499e	id_SPI_FAG_OWL_AOI02	{"pos_x": 0, "pos_y": 0, "pos_z": 0}	{"rot_yaw": 0, "rot_roll": 0, "rot_pitch": 0}	active	\N	Line_Library/ProdLine/L_MBD_SMT/Machine/id_SPI_FAG_OWL_AOI02.usd	2026-05-21 10:55:16.093253+00	2026-05-21 10:55:16.093253+00	f
0167e008-34ec-4d44-8307-3aac0662b852	40d45bff-c344-4aaa-b797-10667c1c4c63	c612f740-3638-47ab-a08e-fb1dbbc98549	id_Hand_Table_6MM_TAB12	{"pos_x": 0, "pos_y": 0, "pos_z": 0}	{"rot_yaw": 0, "rot_roll": 0, "rot_pitch": 0}	active	\N	Line_Library/ProdLine/L_MBD_SMT_B/Machine/id_Hand_Table_6MM_TAB12.usd	2026-05-07 09:36:37.983483+00	2026-05-21 10:55:16.093253+00	f
017222d6-8358-43c4-8304-4f26a9423d70	e24f112b-036b-4435-9117-ade3c6d73c59	7edfc40b-010a-4e4e-acb8-ecf94b495f0e	id_Packing_01_PACK01	{"pos_x": 0, "pos_y": 0, "pos_z": 0}	{"rot_yaw": 0, "rot_roll": 0, "rot_pitch": 0}	active	\N	Line_Library/ProdLine/L_MBD_PACKING/Machine/id_Packing_01_PACK01.usd	2026-05-21 07:43:10.705354+00	2026-05-21 10:55:16.093253+00	f
01973265-629e-4fda-bca2-f35c9f5f574f	2d1c9953-49bf-46a3-b378-671b6d81aa39	c065e82d-3c02-409b-84b1-ffa9f03af1be	id_CT_SORTCV_CV07	{"pos_x": 0, "pos_y": 0, "pos_z": 0}	{"rot_yaw": 0, "rot_roll": 0, "rot_pitch": 0}	active	\N	Line_Library/ProdLine/L_MBD_MMC_2/Machine/id_CT_SORTCV_CV07.usd	2026-05-07 09:46:53.746337+00	2026-05-21 10:55:16.093253+00	f
01befdc1-7088-46de-8c45-35c9f3e00268	17b6c640-8167-45d0-8790-df512eb54264	5806257f-1824-4c1e-a371-6711284d48d1	id_SBC_200A_CONV023	{"pos_x": 0, "pos_y": 0, "pos_z": 0}	{"rot_yaw": 0, "rot_roll": 0, "rot_pitch": 0}	active	\N	Line_Library/ProdLine/L_SMT_HST/Machine/id_SBC_200A_CONV023.usd	2026-05-26 07:25:31.427188+00	2026-05-26 08:21:19.186139+00	f
01cdd243-dc97-4530-aace-3819db96c7c5	e24f112b-036b-4435-9117-ade3c6d73c59	a3866a55-5500-431c-9ea1-81a03db212f7	id_Roll_02_RO02	{"pos_x": 0, "pos_y": 0, "pos_z": 0}	{"rot_yaw": 0, "rot_roll": 0, "rot_pitch": 0}	active	\N	Line_Library/ProdLine/L_MBD_PACKING/Machine/id_Roll_02_RO02.usd	2026-05-21 09:26:42.97166+00	2026-05-21 10:55:16.093253+00	f
01e8f216-d683-44a2-9085-f19a1f64e71b	45b53c2d-c97c-46b5-a975-194fbd58865b	85ed7c11-3d4e-44b7-9c89-ff29c69e11db	id_ELSFP_ELSFP08	{"pos_x": 0, "pos_y": 0, "pos_z": 0}	{"rot_yaw": 0, "rot_roll": 0, "rot_pitch": 0}	active	\N	Line_Library/ProdLine/L_MBD_MMC/Machine/id_ELSFP_ELSFP08.usd	2026-05-07 09:42:09.436986+00	2026-05-21 10:55:16.093253+00	f
01fa8e4a-4f3d-4b70-840c-3f06882ad804	5e868af6-988e-4fca-ad2c-32c6466ba368	2a87557b-47a4-478e-b53c-80b7ace2b609	id_NPM_WX_CART_CART01	{"pos_x": 0, "pos_y": 0, "pos_z": 0}	{"rot_yaw": 0, "rot_roll": 0, "rot_pitch": 0}	active	\N	Line_Library/ProdLine/L_MBD_SMT_A/Machine/id_NPM_WX_CART_CART01.usd	2026-05-07 09:17:38.945902+00	2026-05-21 10:55:16.093253+00	f
02118590-4e69-48b4-b997-ea2606277440	e24f112b-036b-4435-9117-ade3c6d73c59	4728d326-362e-450e-a4a2-4b8ef2df19a2	id_Roll_06_RO09	{"pos_x": 0, "pos_y": 0, "pos_z": 0}	{"rot_yaw": 0, "rot_roll": 0, "rot_pitch": 0}	active	\N	Line_Library/ProdLine/L_MBD_PACKING/Machine/id_Roll_06_RO09.usd	2026-05-07 09:42:09.436986+00	2026-05-21 10:55:16.093253+00	f
023922b3-325f-440b-ab4d-1f8772afce64	e24f112b-036b-4435-9117-ade3c6d73c59	dc219ba6-70b0-4596-b7f4-a5da3f5cf094	id_Packing_07_PACK08	{"pos_x": 0, "pos_y": 0, "pos_z": 0}	{"rot_yaw": 0, "rot_roll": 0, "rot_pitch": 0}	active	\N	Line_Library/ProdLine/L_MBD_PACKING/Machine/id_Packing_07_PACK08.usd	2026-05-07 09:45:04.179442+00	2026-05-21 10:55:16.093253+00	f
025fefc5-8a53-4ca7-8e5a-181a6f29d4df	e24f112b-036b-4435-9117-ade3c6d73c59	4d5a6470-a623-4b63-a161-450b2134c84b	id_Roll_05_RO11	{"pos_x": 0, "pos_y": 0, "pos_z": 0}	{"rot_yaw": 0, "rot_roll": 0, "rot_pitch": 0}	active	\N	Line_Library/ProdLine/L_MBD_PACKING/Machine/id_Roll_05_RO11.usd	2026-05-07 09:45:04.179442+00	2026-05-21 10:55:16.093253+00	f
02635ced-039b-4017-af1d-13aa4e267dc2	4020acff-2746-4f0b-a2f1-a03bdd11b567	dca91fec-84b1-46e9-961d-08f594142c9b	id_ManualStation_AWCPB_MS01	{"pos_x": 0, "pos_y": 0, "pos_z": 0}	{"rot_yaw": 0, "rot_roll": 0, "rot_pitch": 0}	active	\N	Line_Library/ProdLine/L_MBD_Orichid/Machine/id_ManualStation_AWCPB_MS01.usd	2026-05-07 09:36:37.983483+00	2026-05-21 10:55:16.093253+00	f
026a44fc-b20b-4d36-9279-99e956af07a2	45b53c2d-c97c-46b5-a975-194fbd58865b	85ed7c11-3d4e-44b7-9c89-ff29c69e11db	id_ELSFP_ELSFP01	{"pos_x": 0, "pos_y": 0, "pos_z": 0}	{"rot_yaw": 0, "rot_roll": 0, "rot_pitch": 0}	active	\N	Line_Library/ProdLine/L_MBD_MMC/Machine/id_ELSFP_ELSFP01.usd	2026-05-21 10:55:16.093253+00	2026-05-21 10:55:16.093253+00	f
028a7722-ceb1-4375-8bd5-195c43533a27	ef88adc1-1759-4b42-8338-f36a5a1c710c	def2400a-e6c6-4531-bf62-a372b0ac6d47	id_CT_HOUM548HM_HM03	{"pos_x": 0, "pos_y": 0, "pos_z": 0}	{"rot_yaw": 0, "rot_roll": 0, "rot_pitch": 0}	active	\N	Line_Library/ProdLine/L_HST_Module/Machine/id_CT_HOUM548HM_HM03.usd	2026-05-26 07:25:31.427188+00	2026-05-26 08:21:19.186139+00	f
028e7ecd-4638-4199-a4bd-f30db8b3a1b9	34b9b409-d832-4a5d-b434-235984cf391c	77471419-f146-4bec-95b6-77fdcdadedb6	id_VCO_C80L_VCO01	{"pos_x": 0, "pos_y": 0, "pos_z": 0}	{"rot_yaw": 0, "rot_roll": 0, "rot_pitch": 0}	active	\N	Line_Library/ProdLine/L_MBD_SMT_B_2_NEW/Machine/id_VCO_C80L_VCO01.usd	2026-05-07 09:42:09.436986+00	2026-05-21 10:55:16.093253+00	f
02b651e0-836f-42d1-8247-7bcb330aee82	2d1c9953-49bf-46a3-b378-671b6d81aa39	c9ae846c-10c7-471c-8f0a-92f8f5eff042	id_X8CSMVFI_VFI03	{"pos_x": 0, "pos_y": 0, "pos_z": 0}	{"rot_yaw": 0, "rot_roll": 0, "rot_pitch": 0}	active	\N	Line_Library/ProdLine/L_MBD_MMC_2/Machine/id_X8CSMVFI_VFI03.usd	2026-05-07 09:49:48.806362+00	2026-05-21 10:55:16.093253+00	f
02d11192-6fc7-480a-9309-4e797b1c872d	ba4d5f1a-9589-4cc2-801a-d0d969c4372d	8752e4b4-417b-4db8-9572-a36b8c5140a3	id_IJETC7L_JET01	{"pos_x": 0, "pos_y": 0, "pos_z": 0}	{"rot_yaw": 0, "rot_roll": 0, "rot_pitch": 0}	active	\N	Line_Library/ProdLine/L_MBD_SMT_B_2/Machine/id_IJETC7L_JET01.usd	2026-05-21 09:22:15.150086+00	2026-05-21 10:55:16.093253+00	f
02e64b61-b1cc-4ac8-b4c4-8a548a8ebcb2	17b6c640-8167-45d0-8790-df512eb54264	5806257f-1824-4c1e-a371-6711284d48d1	id_SBC_200A_CONV04	{"pos_x": 0, "pos_y": 0, "pos_z": 0}	{"rot_yaw": 0, "rot_roll": 0, "rot_pitch": 0}	active	\N	Line_Library/ProdLine/L_SMT_HST/Machine/id_SBC_200A_CONV04.usd	2026-05-26 07:25:31.427188+00	2026-05-26 08:21:19.186139+00	f
0300839f-b3dc-489b-beac-753aabad445f	5e868af6-988e-4fca-ad2c-32c6466ba368	285499b0-c983-4e4d-aa6b-3cf89a2f499e	id_SPI_FAG_OWL_AOI03	{"pos_x": 0, "pos_y": 0, "pos_z": 0}	{"rot_yaw": 0, "rot_roll": 0, "rot_pitch": 0}	active	\N	Line_Library/ProdLine/L_MBD_SMT_A/Machine/id_SPI_FAG_OWL_AOI03.usd	2026-05-08 01:01:06.751421+00	2026-05-21 10:55:16.093253+00	f
0310726c-0160-41ba-804c-97d77c2eff28	2d1c9953-49bf-46a3-b378-671b6d81aa39	d2f661be-2dda-4b3f-a624-e2d4676f8e7d	id_CT_SORTTABLE_TAB16	{"pos_x": 0, "pos_y": 0, "pos_z": 0}	{"rot_yaw": 0, "rot_roll": 0, "rot_pitch": 0}	active	\N	Line_Library/ProdLine/L_MBD_MMC_2/Machine/id_CT_SORTTABLE_TAB16.usd	2026-05-21 09:26:42.97166+00	2026-05-21 10:55:16.093253+00	f
0310e4e7-021d-4ab5-81e0-a747bb1b49ec	bc02465d-c0c4-4c04-8640-613acaf593a6	c612f740-3638-47ab-a08e-fb1dbbc98549	id_Hand_Table_6MM_TAB07	{"pos_x": 0, "pos_y": 0, "pos_z": 0}	{"rot_yaw": 0, "rot_roll": 0, "rot_pitch": 0}	active	\N	Line_Library/ProdLine/L_MBD_SMT/Machine/id_Hand_Table_6MM_TAB07.usd	2026-05-05 10:10:28.952584+00	2026-05-21 10:55:16.093253+00	f
03115fef-0996-4641-afa3-8e60ac595dfa	5e868af6-988e-4fca-ad2c-32c6466ba368	285499b0-c983-4e4d-aa6b-3cf89a2f499e	id_SPI_FAG_OWL_AOI02	{"pos_x": 0, "pos_y": 0, "pos_z": 0}	{"rot_yaw": 0, "rot_roll": 0, "rot_pitch": 0}	active	\N	Line_Library/ProdLine/L_MBD_SMT_A/Machine/id_SPI_FAG_OWL_AOI02.usd	2026-05-08 01:01:06.751421+00	2026-05-21 10:55:16.093253+00	f
03267ff8-7aca-45c6-849f-8d32f46e7f1f	2d1c9953-49bf-46a3-b378-671b6d81aa39	d040abfd-6528-42aa-8c2b-65a4af7d0213	id_MMC_MMC05	{"pos_x": 0, "pos_y": 0, "pos_z": 0}	{"rot_yaw": 0, "rot_roll": 0, "rot_pitch": 0}	active	\N	Line_Library/ProdLine/L_MBD_MMC_2/Machine/id_MMC_MMC05.usd	2026-05-07 09:42:09.436986+00	2026-05-21 10:55:16.093253+00	f
032aec9e-923c-4de5-90db-e2668ac29dbe	4020acff-2746-4f0b-a2f1-a03bdd11b567	ba2e1ff8-e441-4e28-9339-0bbd44d1017c	id_PCBA_ScrewFastening_PS01	{"pos_x": 0, "pos_y": 0, "pos_z": 0}	{"rot_yaw": 0, "rot_roll": 0, "rot_pitch": 0}	active	\N	Line_Library/ProdLine/L_MBD_Orichid/Machine/id_PCBA_ScrewFastening_PS01.usd	2026-05-07 09:49:48.806362+00	2026-05-21 10:55:16.093253+00	f
034a290e-bed9-432e-b91e-16fe67235c75	8e51d14a-b6ca-4e5f-8e45-60690cdd51fa	d314a77e-19bf-4125-84e8-8da0cca6fdc3	id_CT_HOPBMD_MD01	{"pos_x": 0, "pos_y": 0, "pos_z": 0}	{"rot_yaw": 0, "rot_roll": 0, "rot_pitch": 0}	active	\N	Line_Library/ProdLine/L_HST_PACK/Machine/id_CT_HOPBMD_MD01.usd	2026-05-26 06:55:40.18724+00	2026-05-26 06:55:40.18724+00	f
0350c093-b6f9-4735-a9e1-f174fcce67c3	17b6c640-8167-45d0-8790-df512eb54264	4099a90c-4677-4b7d-ab1d-be76b7a694c0	id_SWT_200A_CONV07	{"pos_x": 0, "pos_y": 0, "pos_z": 0}	{"rot_yaw": 0, "rot_roll": 0, "rot_pitch": 0}	active	\N	Line_Library/ProdLine/L_SMT_HST/Machine/id_SWT_200A_CONV07.usd	2026-05-26 08:21:19.186139+00	2026-05-26 08:21:19.186139+00	f
0353e32b-7c38-4c3a-87b6-072f6bbb24ab	bc02465d-c0c4-4c04-8640-613acaf593a6	c612f740-3638-47ab-a08e-fb1dbbc98549	id_Hand_Table_6MM_TAB02	{"pos_x": 0, "pos_y": 0, "pos_z": 0}	{"rot_yaw": 0, "rot_roll": 0, "rot_pitch": 0}	active	\N	Line_Library/ProdLine/L_MBD_SMT/Machine/id_Hand_Table_6MM_TAB02.usd	2026-05-05 10:01:26.378843+00	2026-05-21 10:55:16.093253+00	f
03806112-881a-4a49-be4f-04d10ad383a2	5e868af6-988e-4fca-ad2c-32c6466ba368	c612f740-3638-47ab-a08e-fb1dbbc98549	id_Hand_Table_6MM_TAB05	{"pos_x": 0, "pos_y": 0, "pos_z": 0}	{"rot_yaw": 0, "rot_roll": 0, "rot_pitch": 0}	active	\N	Line_Library/ProdLine/L_MBD_SMT_A/Machine/id_Hand_Table_6MM_TAB05.usd	2026-05-07 09:49:48.806362+00	2026-05-21 10:55:16.093253+00	f
03814f18-7ab4-4699-ba61-424955361e19	2d1c9953-49bf-46a3-b378-671b6d81aa39	c065e82d-3c02-409b-84b1-ffa9f03af1be	id_CT_SORTCV_CV08	{"pos_x": 0, "pos_y": 0, "pos_z": 0}	{"rot_yaw": 0, "rot_roll": 0, "rot_pitch": 0}	active	\N	Line_Library/ProdLine/L_MBD_MMC_2/Machine/id_CT_SORTCV_CV08.usd	2026-05-21 09:26:42.97166+00	2026-05-21 10:55:16.093253+00	f
039ca1bc-21ab-4afd-bd21-2861f5b1cfe3	ba4d5f1a-9589-4cc2-801a-d0d969c4372d	c612f740-3638-47ab-a08e-fb1dbbc98549	id_Table_TAB07	{"pos_x": 0, "pos_y": 0, "pos_z": 0}	{"rot_yaw": 0, "rot_roll": 0, "rot_pitch": 0}	active	\N	Line_Library/ProdLine/L_MBD_SMT_B_2/Machine/id_Table_TAB07.usd	2026-05-07 09:45:04.179442+00	2026-05-21 10:55:16.093253+00	f
03af5dc1-8c6e-4471-8ed1-df2a1200d2cf	bc02465d-c0c4-4c04-8640-613acaf593a6	2a87557b-47a4-478e-b53c-80b7ace2b609	id_NPM_WX_CART_CART04	{"pos_x": 0, "pos_y": 0, "pos_z": 0}	{"rot_yaw": 0, "rot_roll": 0, "rot_pitch": 0}	active	\N	Line_Library/ProdLine/L_MBD_SMT/Machine/id_NPM_WX_CART_CART04.usd	2026-05-21 10:55:16.093253+00	2026-05-21 10:55:16.093253+00	f
03e31450-f139-4db1-a5a2-f08b5d95c76d	34b9b409-d832-4a5d-b434-235984cf391c	8752e4b4-417b-4db8-9572-a36b8c5140a3	id_IJETC7L_JET01	{"pos_x": 0, "pos_y": 0, "pos_z": 0}	{"rot_yaw": 0, "rot_roll": 0, "rot_pitch": 0}	active	\N	Line_Library/ProdLine/L_MBD_SMT_B_2_NEW/Machine/id_IJETC7L_JET01.usd	2026-05-21 09:26:42.97166+00	2026-05-21 10:55:16.093253+00	f
03e54312-48ae-4b0a-842c-dd7b12438303	45b53c2d-c97c-46b5-a975-194fbd58865b	f31efd21-1b1c-4e05-b9f3-c1ed4f634e8e	id_CSM_JTAG_CS06	{"pos_x": 0, "pos_y": 0, "pos_z": 0}	{"rot_yaw": 0, "rot_roll": 0, "rot_pitch": 0}	active	\N	Line_Library/ProdLine/L_MBD_MMC/Machine/id_CSM_JTAG_CS06.usd	2026-05-08 01:01:06.751421+00	2026-05-21 10:55:16.093253+00	f
03fd904b-62e9-4a23-8f19-d7139e59485d	5e868af6-988e-4fca-ad2c-32c6466ba368	c612f740-3638-47ab-a08e-fb1dbbc98549	id_Hand_Table_6MM_TAB06	{"pos_x": 0, "pos_y": 0, "pos_z": 0}	{"rot_yaw": 0, "rot_roll": 0, "rot_pitch": 0}	active	\N	Line_Library/ProdLine/L_MBD_SMT_A/Machine/id_Hand_Table_6MM_TAB06.usd	2026-05-07 09:36:37.983483+00	2026-05-21 10:55:16.093253+00	f
040270e9-edc8-41a8-bf24-ce392f262a01	5e868af6-988e-4fca-ad2c-32c6466ba368	4275eba0-8e47-4cdf-b0b5-5734a0ede21e	id_PCT_LR_LR01	{"pos_x": 0, "pos_y": 0, "pos_z": 0}	{"rot_yaw": 0, "rot_roll": 0, "rot_pitch": 0}	active	\N	Line_Library/ProdLine/L_MBD_SMT_A/Machine/id_PCT_LR_LR01.usd	2026-05-07 09:45:04.179442+00	2026-05-21 10:55:16.093253+00	f
040a5dcc-dec4-44ff-baa6-aecd86939921	ba4d5f1a-9589-4cc2-801a-d0d969c4372d	0c0415fd-b3ad-4816-8b65-91f12239edf8	id_TR7700L_QE_TR02	{"pos_x": 0, "pos_y": 0, "pos_z": 0}	{"rot_yaw": 0, "rot_roll": 0, "rot_pitch": 0}	active	\N	Line_Library/ProdLine/L_MBD_SMT_B_2/Machine/id_TR7700L_QE_TR02.usd	2026-05-21 10:55:16.093253+00	2026-05-21 10:55:16.093253+00	f
041a2f88-8d2b-410e-b773-98366bab3e1b	ef88adc1-1759-4b42-8338-f36a5a1c710c	81451407-bbf6-4287-b218-498266b09834	id_CT_HOUM548DRJ2_DRJ12	{"pos_x": 0, "pos_y": 0, "pos_z": 0}	{"rot_yaw": 0, "rot_roll": 0, "rot_pitch": 0}	active	\N	Line_Library/ProdLine/L_HST_Module/Machine/id_CT_HOUM548DRJ2_DRJ12.usd	2026-05-26 08:21:19.186139+00	2026-05-26 08:21:19.186139+00	f
0423d93b-e5d0-41a9-80aa-23b4c2461e93	40d45bff-c344-4aaa-b797-10667c1c4c63	c612f740-3638-47ab-a08e-fb1dbbc98549	id_Hand_Table_6MM_TAB03	{"pos_x": 0, "pos_y": 0, "pos_z": 0}	{"rot_yaw": 0, "rot_roll": 0, "rot_pitch": 0}	active	\N	Line_Library/ProdLine/L_MBD_SMT_B/Machine/id_Hand_Table_6MM_TAB03.usd	2026-05-21 10:55:16.093253+00	2026-05-21 10:55:16.093253+00	f
0451e79c-a917-49eb-868a-d5e7c76b2cb3	45b53c2d-c97c-46b5-a975-194fbd58865b	d040abfd-6528-42aa-8c2b-65a4af7d0213	id_MMC_MMC01	{"pos_x": 0, "pos_y": 0, "pos_z": 0}	{"rot_yaw": 0, "rot_roll": 0, "rot_pitch": 0}	active	\N	Line_Library/ProdLine/L_MBD_MMC/Machine/id_MMC_MMC01.usd	2026-05-07 09:17:38.945902+00	2026-05-21 10:55:16.093253+00	f
045af909-bd29-41ce-91df-658abc21dfd0	e24f112b-036b-4435-9117-ade3c6d73c59	dc219ba6-70b0-4596-b7f4-a5da3f5cf094	id_Packing_07_PACK07	{"pos_x": 0, "pos_y": 0, "pos_z": 0}	{"rot_yaw": 0, "rot_roll": 0, "rot_pitch": 0}	active	\N	Line_Library/ProdLine/L_MBD_PACKING/Machine/id_Packing_07_PACK07.usd	2026-05-21 10:55:16.093253+00	2026-05-21 10:55:16.093253+00	f
045d03f2-84ec-43c3-9b11-c52ba07a4d78	8e51d14a-b6ca-4e5f-8e45-60690cdd51fa	b132c4d1-11b8-434b-b5c1-cac2bd926b7a	id_TR7700L_QH_SII_AOI01	{"pos_x": 0, "pos_y": 0, "pos_z": 0}	{"rot_yaw": 0, "rot_roll": 0, "rot_pitch": 0}	active	\N	Line_Library/ProdLine/L_HST_PACK/Machine/id_TR7700L_QH_SII_AOI01.usd	2026-05-26 06:55:40.18724+00	2026-05-26 06:55:40.18724+00	f
046da755-a751-40a0-815c-26b5783b5534	ba4d5f1a-9589-4cc2-801a-d0d969c4372d	c612f740-3638-47ab-a08e-fb1dbbc98549	id_Hand_Table_6MM_TAB03	{"pos_x": 0, "pos_y": 0, "pos_z": 0}	{"rot_yaw": 0, "rot_roll": 0, "rot_pitch": 0}	active	\N	Line_Library/ProdLine/L_MBD_SMT_B_2/Machine/id_Hand_Table_6MM_TAB03.usd	2026-05-07 09:45:04.179442+00	2026-05-21 10:55:16.093253+00	f
0478ab1f-cda3-4b45-bc19-09729ead9c21	2d1c9953-49bf-46a3-b378-671b6d81aa39	d040abfd-6528-42aa-8c2b-65a4af7d0213	id_MMC_MMC04	{"pos_x": 0, "pos_y": 0, "pos_z": 0}	{"rot_yaw": 0, "rot_roll": 0, "rot_pitch": 0}	active	\N	Line_Library/ProdLine/L_MBD_MMC_2/Machine/id_MMC_MMC04.usd	2026-05-07 09:17:38.945902+00	2026-05-21 10:55:16.093253+00	f
0490412e-9dc7-41d7-b969-76cf4760e047	ba4d5f1a-9589-4cc2-801a-d0d969c4372d	c612f740-3638-47ab-a08e-fb1dbbc98549	id_Table_TAB09	{"pos_x": 0, "pos_y": 0, "pos_z": 0}	{"rot_yaw": 0, "rot_roll": 0, "rot_pitch": 0}	active	\N	Line_Library/ProdLine/L_MBD_SMT_B_2/Machine/id_Table_TAB09.usd	2026-05-08 01:01:06.751421+00	2026-05-21 10:55:16.093253+00	f
0496ff29-983d-4310-9591-6b6148b667d3	45b53c2d-c97c-46b5-a975-194fbd58865b	f31efd21-1b1c-4e05-b9f3-c1ed4f634e8e	id_CSM_JTAG_CS11	{"pos_x": 0, "pos_y": 0, "pos_z": 0}	{"rot_yaw": 0, "rot_roll": 0, "rot_pitch": 0}	active	\N	Line_Library/ProdLine/L_MBD_MMC/Machine/id_CSM_JTAG_CS11.usd	2026-05-07 09:46:53.746337+00	2026-05-21 10:55:16.093253+00	f
04a3725b-52c9-41a8-9eb3-8c7e490727a8	e24f112b-036b-4435-9117-ade3c6d73c59	a3866a55-5500-431c-9ea1-81a03db212f7	id_Roll_02_RO07	{"pos_x": 0, "pos_y": 0, "pos_z": 0}	{"rot_yaw": 0, "rot_roll": 0, "rot_pitch": 0}	active	\N	Line_Library/ProdLine/L_MBD_PACKING/Machine/id_Roll_02_RO07.usd	2026-05-21 09:22:15.150086+00	2026-05-21 10:55:16.093253+00	f
04b0e367-6e45-427f-94ec-c4300b7df3ce	21d5711b-b698-4404-bc1d-5793006c32b0	7edfc40b-010a-4e4e-acb8-ecf94b495f0e	id_Packing_01_PACK01	{"pos_x": 0, "pos_y": 0, "pos_z": 0}	{"rot_yaw": 0, "rot_roll": 0, "rot_pitch": 0}	active	\N	Line_Library/ProdLine/L_MBD_PACKING01/Machine/id_Packing_01_PACK01.usd	2026-05-07 09:36:37.983483+00	2026-05-21 10:55:16.093253+00	f
04b34dfe-99ff-4ec3-b751-b7edb9ad4fd6	2d1c9953-49bf-46a3-b378-671b6d81aa39	d2f661be-2dda-4b3f-a624-e2d4676f8e7d	id_CT_SORTTABLE_TAB15	{"pos_x": 0, "pos_y": 0, "pos_z": 0}	{"rot_yaw": 0, "rot_roll": 0, "rot_pitch": 0}	active	\N	Line_Library/ProdLine/L_MBD_MMC_2/Machine/id_CT_SORTTABLE_TAB15.usd	2026-05-21 07:43:10.705354+00	2026-05-21 10:55:16.093253+00	f
04bb5f7e-94ec-421a-be05-7d2e52ae6649	e24f112b-036b-4435-9117-ade3c6d73c59	8b463bfc-c897-46b9-bf14-3b90852ffee9	id_Packing_05_PACK05	{"pos_x": 0, "pos_y": 0, "pos_z": 0}	{"rot_yaw": 0, "rot_roll": 0, "rot_pitch": 0}	active	\N	Line_Library/ProdLine/L_MBD_PACKING/Machine/id_Packing_05_PACK05.usd	2026-05-07 09:36:37.983483+00	2026-05-21 10:55:16.093253+00	f
04d36852-9127-46ba-bb4e-c2682927b784	45b53c2d-c97c-46b5-a975-194fbd58865b	d040abfd-6528-42aa-8c2b-65a4af7d0213	id_MMC_MMC04	{"pos_x": 0, "pos_y": 0, "pos_z": 0}	{"rot_yaw": 0, "rot_roll": 0, "rot_pitch": 0}	active	\N	Line_Library/ProdLine/L_MBD_MMC/Machine/id_MMC_MMC04.usd	2026-05-07 09:45:04.179442+00	2026-05-21 10:55:16.093253+00	f
04d38eca-5e25-4ceb-9afc-d111845001c4	17b6c640-8167-45d0-8790-df512eb54264	a3c67e95-8c39-45df-8d79-d850381a7313	id_Panasonic_NPM_W2_PP18	{"pos_x": 0, "pos_y": 0, "pos_z": 0}	{"rot_yaw": 0, "rot_roll": 0, "rot_pitch": 0}	active	\N	Line_Library/ProdLine/L_SMT_HST/Machine/id_Panasonic_NPM_W2_PP18.usd	2026-05-26 07:25:31.427188+00	2026-05-26 08:21:19.186139+00	f
0505626d-dfab-429f-a885-9216ca277b0e	2d1c9953-49bf-46a3-b378-671b6d81aa39	c9ae846c-10c7-471c-8f0a-92f8f5eff042	id_X8CSMVFI_VFI02	{"pos_x": 0, "pos_y": 0, "pos_z": 0}	{"rot_yaw": 0, "rot_roll": 0, "rot_pitch": 0}	active	\N	Line_Library/ProdLine/L_MBD_MMC_2/Machine/id_X8CSMVFI_VFI02.usd	2026-05-21 09:26:42.97166+00	2026-05-21 10:55:16.093253+00	f
05125e68-1d0b-4a7a-8df1-b80898746391	45b53c2d-c97c-46b5-a975-194fbd58865b	e5727683-65d4-4e57-b3cc-ec8d12e4cfb1	id_CS_MIDDLE_MID06	{"pos_x": 0, "pos_y": 0, "pos_z": 0}	{"rot_yaw": 0, "rot_roll": 0, "rot_pitch": 0}	active	\N	Line_Library/ProdLine/L_MBD_MMC/Machine/id_CS_MIDDLE_MID06.usd	2026-05-07 09:17:38.945902+00	2026-05-21 10:55:16.093253+00	f
052c43f2-404b-41de-b80b-b567d3f6a611	ff5d37ef-d29e-4a11-9bcb-4ab0ffb5ff2f	f31efd21-1b1c-4e05-b9f3-c1ed4f634e8e	id_CSM_JTAG_CS01	{"pos_x": 0, "pos_y": 0, "pos_z": 0}	{"rot_yaw": 0, "rot_roll": 0, "rot_pitch": 0}	active	\N	Line_Library/ProdLine/L_MBD_CS/Machine/id_CSM_JTAG_CS01.usd	2026-05-21 09:26:42.97166+00	2026-05-21 10:55:16.093253+00	f
052fff39-5180-486b-8455-0daa1376a3b9	ba4d5f1a-9589-4cc2-801a-d0d969c4372d	c612f740-3638-47ab-a08e-fb1dbbc98549	id_Table_TAB08	{"pos_x": 0, "pos_y": 0, "pos_z": 0}	{"rot_yaw": 0, "rot_roll": 0, "rot_pitch": 0}	active	\N	Line_Library/ProdLine/L_MBD_SMT_B_2/Machine/id_Table_TAB08.usd	2026-05-07 09:49:48.806362+00	2026-05-21 10:55:16.093253+00	f
0533e36e-6917-43c2-ac8a-576897dd38e1	2d1c9953-49bf-46a3-b378-671b6d81aa39	d2f661be-2dda-4b3f-a624-e2d4676f8e7d	id_CT_SORTTABLE_TAB10	{"pos_x": 0, "pos_y": 0, "pos_z": 0}	{"rot_yaw": 0, "rot_roll": 0, "rot_pitch": 0}	active	\N	Line_Library/ProdLine/L_MBD_MMC_2/Machine/id_CT_SORTTABLE_TAB10.usd	2026-05-07 09:23:04.073135+00	2026-05-21 10:55:16.093253+00	f
053c578c-1803-47e5-8f03-b4ce322f225d	4020acff-2746-4f0b-a2f1-a03bdd11b567	ce2cf1c1-6108-42af-b13b-c5b2d4819645	id_FPC_Assembly_FA01	{"pos_x": 0, "pos_y": 0, "pos_z": 0}	{"rot_yaw": 0, "rot_roll": 0, "rot_pitch": 0}	active	\N	Line_Library/ProdLine/L_MBD_Orichid/Machine/id_FPC_Assembly_FA01.usd	2026-05-07 09:49:48.806362+00	2026-05-21 10:55:16.093253+00	f
053ef68a-a7c1-4a86-bf03-c33025a4fa92	ba4d5f1a-9589-4cc2-801a-d0d969c4372d	21cbb821-00f4-4159-8a33-785487e4974b	id_GY09C_GY01	{"pos_x": 0, "pos_y": 0, "pos_z": 0}	{"rot_yaw": 0, "rot_roll": 0, "rot_pitch": 0}	active	\N	Line_Library/ProdLine/L_MBD_SMT_B_2/Machine/id_GY09C_GY01.usd	2026-05-07 09:45:04.179442+00	2026-05-21 10:55:16.093253+00	f
05495335-27ce-4082-ab93-9767283bf10d	5e868af6-988e-4fca-ad2c-32c6466ba368	2a87557b-47a4-478e-b53c-80b7ace2b609	id_NPM_WX_CART_CART06	{"pos_x": 0, "pos_y": 0, "pos_z": 0}	{"rot_yaw": 0, "rot_roll": 0, "rot_pitch": 0}	active	\N	Line_Library/ProdLine/L_MBD_SMT_A/Machine/id_NPM_WX_CART_CART06.usd	2026-05-07 09:45:04.179442+00	2026-05-21 10:55:16.093253+00	f
05762016-c2f5-477c-8843-3cae8f0ac1c2	17b6c640-8167-45d0-8790-df512eb54264	09e715d8-a019-4db8-a8fe-c3bb50b16ce8	id_CAC_670_PR01	{"pos_x": 0, "pos_y": 0, "pos_z": 0}	{"rot_yaw": 0, "rot_roll": 0, "rot_pitch": 0}	active	\N	Line_Library/ProdLine/L_SMT_HST/Machine/id_CAC_670_PR01.usd	2026-05-26 08:21:19.186139+00	2026-05-26 08:21:19.186139+00	f
057a8fdb-c515-40e9-bde0-e813b673b04a	45b53c2d-c97c-46b5-a975-194fbd58865b	c065e82d-3c02-409b-84b1-ffa9f03af1be	id_CT_SORTCV_CV02	{"pos_x": 0, "pos_y": 0, "pos_z": 0}	{"rot_yaw": 0, "rot_roll": 0, "rot_pitch": 0}	active	\N	Line_Library/ProdLine/L_MBD_MMC/Machine/id_CT_SORTCV_CV02.usd	2026-05-07 09:36:37.983483+00	2026-05-21 10:55:16.093253+00	f
0594b8aa-1e5a-4424-939b-ba6ac335b374	34b9b409-d832-4a5d-b434-235984cf391c	21cbb821-00f4-4159-8a33-785487e4974b	id_GY09C_GY01	{"pos_x": 0, "pos_y": 0, "pos_z": 0}	{"rot_yaw": 0, "rot_roll": 0, "rot_pitch": 0}	active	\N	Line_Library/ProdLine/L_MBD_SMT_B_2_NEW/Machine/id_GY09C_GY01.usd	2026-05-21 09:22:15.150086+00	2026-05-21 10:55:16.093253+00	f
05aa1d6e-598b-41dc-a979-a509e3947c90	bc02465d-c0c4-4c04-8640-613acaf593a6	2a87557b-47a4-478e-b53c-80b7ace2b609	id_NPM_WX_CART_CART01	{"pos_x": 0, "pos_y": 0, "pos_z": 0}	{"rot_yaw": 0, "rot_roll": 0, "rot_pitch": 0}	active	\N	Line_Library/ProdLine/L_MBD_SMT/Machine/id_NPM_WX_CART_CART01.usd	2026-05-07 09:23:04.073135+00	2026-05-21 10:55:16.093253+00	f
05c55f19-4507-4d48-8a1b-e4a1beb9816a	bc02465d-c0c4-4c04-8640-613acaf593a6	2a87557b-47a4-478e-b53c-80b7ace2b609	id_NPM_WX_CART_CART02	{"pos_x": 0, "pos_y": 0, "pos_z": 0}	{"rot_yaw": 0, "rot_roll": 0, "rot_pitch": 0}	active	\N	Line_Library/ProdLine/L_MBD_SMT/Machine/id_NPM_WX_CART_CART02.usd	2026-05-05 10:14:07.210997+00	2026-05-21 10:55:16.093253+00	f
05c5bc35-9971-451c-b6b9-18f394550bd5	34b9b409-d832-4a5d-b434-235984cf391c	c612f740-3638-47ab-a08e-fb1dbbc98549	id_Hand_Table_6MM_TAB03	{"pos_x": 0, "pos_y": 0, "pos_z": 0}	{"rot_yaw": 0, "rot_roll": 0, "rot_pitch": 0}	active	\N	Line_Library/ProdLine/L_MBD_SMT_B_2_NEW/Machine/id_Hand_Table_6MM_TAB03.usd	2026-05-21 09:22:15.150086+00	2026-05-21 10:55:16.093253+00	f
05c67b42-ffa6-4b57-87ff-3eee16b6eb79	ef88adc1-1759-4b42-8338-f36a5a1c710c	859c2325-c63d-4daf-a40b-fadc63464f70	id_CT_HOUM548TPSL_L_BF02	{"pos_x": 0, "pos_y": 0, "pos_z": 0}	{"rot_yaw": 0, "rot_roll": 0, "rot_pitch": 0}	active	\N	Line_Library/ProdLine/L_HST_Module/Machine/id_CT_HOUM548TPSL_L_BF02.usd	2026-05-26 08:21:19.186139+00	2026-05-26 08:21:19.186139+00	f
05cf63d5-e2d1-4163-8186-b203a598f2a0	4020acff-2746-4f0b-a2f1-a03bdd11b567	825e6628-ca56-434e-a173-b632cb9f6b57	id_SFG_DFL01_SFG02	{"pos_x": 0, "pos_y": 0, "pos_z": 0}	{"rot_yaw": 0, "rot_roll": 0, "rot_pitch": 0}	active	\N	Line_Library/ProdLine/L_MBD_Orichid/Machine/id_SFG_DFL01_SFG02.usd	2026-05-07 09:17:38.945902+00	2026-05-21 10:55:16.093253+00	f
05e5270b-7a77-40c6-9d31-7ca6cf201771	45b53c2d-c97c-46b5-a975-194fbd58865b	f31efd21-1b1c-4e05-b9f3-c1ed4f634e8e	id_CSM_JTAG_CS04	{"pos_x": 0, "pos_y": 0, "pos_z": 0}	{"rot_yaw": 0, "rot_roll": 0, "rot_pitch": 0}	active	\N	Line_Library/ProdLine/L_MBD_MMC/Machine/id_CSM_JTAG_CS04.usd	2026-05-07 09:49:48.806362+00	2026-05-21 10:55:16.093253+00	f
05f0ca2a-a4a2-4b17-98d4-6c1f779ba684	34b9b409-d832-4a5d-b434-235984cf391c	c612f740-3638-47ab-a08e-fb1dbbc98549	id_Hand_Table_6MM_TAB06	{"pos_x": 0, "pos_y": 0, "pos_z": 0}	{"rot_yaw": 0, "rot_roll": 0, "rot_pitch": 0}	active	\N	Line_Library/ProdLine/L_MBD_SMT_B_2_NEW/Machine/id_Hand_Table_6MM_TAB06.usd	2026-05-07 09:17:38.945902+00	2026-05-21 10:55:16.093253+00	f
06099c2a-65e9-4e69-9ceb-9ba89ed771f4	ba4d5f1a-9589-4cc2-801a-d0d969c4372d	c612f740-3638-47ab-a08e-fb1dbbc98549	id_Hand_Table_6MM_TAB04	{"pos_x": 0, "pos_y": 0, "pos_z": 0}	{"rot_yaw": 0, "rot_roll": 0, "rot_pitch": 0}	active	\N	Line_Library/ProdLine/L_MBD_SMT_B_2/Machine/id_Hand_Table_6MM_TAB04.usd	2026-05-05 10:01:26.378843+00	2026-05-21 10:55:16.093253+00	f
06171e31-44bc-495a-9c8b-d83b4485d095	e24f112b-036b-4435-9117-ade3c6d73c59	bcb91b63-51d2-4ee2-aacb-34fb2e681ff9	id_Packing_09_PACK10	{"pos_x": 0, "pos_y": 0, "pos_z": 0}	{"rot_yaw": 0, "rot_roll": 0, "rot_pitch": 0}	active	\N	Line_Library/ProdLine/L_MBD_PACKING/Machine/id_Packing_09_PACK10.usd	2026-05-07 09:46:53.746337+00	2026-05-21 10:55:16.093253+00	f
061ec522-44d1-4907-93db-64dbf752ab71	45b53c2d-c97c-46b5-a975-194fbd58865b	e5727683-65d4-4e57-b3cc-ec8d12e4cfb1	id_CS_MIDDLE_MID08	{"pos_x": 0, "pos_y": 0, "pos_z": 0}	{"rot_yaw": 0, "rot_roll": 0, "rot_pitch": 0}	active	\N	Line_Library/ProdLine/L_MBD_MMC/Machine/id_CS_MIDDLE_MID08.usd	2026-05-07 09:45:04.179442+00	2026-05-21 10:55:16.093253+00	f
0630e43b-6cc8-4519-95ed-737ce656c115	21d5711b-b698-4404-bc1d-5793006c32b0	4d5a6470-a623-4b63-a161-450b2134c84b	id_roll_05_RO10	{"pos_x": 0, "pos_y": 0, "pos_z": 0}	{"rot_yaw": 0, "rot_roll": 0, "rot_pitch": 0}	active	\N	Line_Library/ProdLine/L_MBD_PACKING01/Machine/id_roll_05_RO10.usd	2026-05-07 09:17:38.945902+00	2026-05-21 10:55:16.093253+00	f
066da0d1-96b9-4b4d-9f8d-8167f0de0631	e24f112b-036b-4435-9117-ade3c6d73c59	ec1af1a2-17ba-47b2-845e-c63f4494c798	id_Packing_03_PACK03	{"pos_x": 0, "pos_y": 0, "pos_z": 0}	{"rot_yaw": 0, "rot_roll": 0, "rot_pitch": 0}	active	\N	Line_Library/ProdLine/L_MBD_PACKING/Machine/id_Packing_03_PACK03.usd	2026-05-07 09:45:04.179442+00	2026-05-21 10:55:16.093253+00	f
068bcced-c5ff-426d-bd8c-b0fbfb818477	2d1c9953-49bf-46a3-b378-671b6d81aa39	d040abfd-6528-42aa-8c2b-65a4af7d0213	id_MMC_MMC10	{"pos_x": 0, "pos_y": 0, "pos_z": 0}	{"rot_yaw": 0, "rot_roll": 0, "rot_pitch": 0}	active	\N	Line_Library/ProdLine/L_MBD_MMC_2/Machine/id_MMC_MMC10.usd	2026-05-07 09:17:38.945902+00	2026-05-21 10:55:16.093253+00	f
06939314-b076-4821-86e3-efa29c525866	2d1c9953-49bf-46a3-b378-671b6d81aa39	d040abfd-6528-42aa-8c2b-65a4af7d0213	id_MMC_MMC02	{"pos_x": 0, "pos_y": 0, "pos_z": 0}	{"rot_yaw": 0, "rot_roll": 0, "rot_pitch": 0}	active	\N	Line_Library/ProdLine/L_MBD_MMC_2/Machine/id_MMC_MMC02.usd	2026-05-07 09:36:37.983483+00	2026-05-21 10:55:16.093253+00	f
06956864-6a80-4793-a5e8-dc00bc6f67ff	bc02465d-c0c4-4c04-8640-613acaf593a6	be80fd6e-8e10-4686-8e56-16b0875d798a	id_EMA2064_EM01	{"pos_x": 0, "pos_y": 0, "pos_z": 0}	{"rot_yaw": 0, "rot_roll": 0, "rot_pitch": 0}	active	\N	Line_Library/ProdLine/L_MBD_SMT/Machine/id_EMA2064_EM01.usd	2026-05-07 09:45:04.179442+00	2026-05-21 10:55:16.093253+00	f
069fd64b-f0ed-447d-8fa2-36a2cc4ff483	4020acff-2746-4f0b-a2f1-a03bdd11b567	3e94bdc9-ea6b-46e5-97cb-28a7033a0a66	id_Spring_Clip_SC01	{"pos_x": 0, "pos_y": 0, "pos_z": 0}	{"rot_yaw": 0, "rot_roll": 0, "rot_pitch": 0}	active	\N	Line_Library/ProdLine/L_MBD_Orichid/Machine/id_Spring_Clip_SC01.usd	2026-05-07 09:45:04.179442+00	2026-05-21 10:55:16.093253+00	f
06c0a6fe-e9de-4bac-810b-eff5d6bbb2d8	e24f112b-036b-4435-9117-ade3c6d73c59	d38b1053-018d-4f20-ba41-385393b26ea5	id_Roll_03_RO03	{"pos_x": 0, "pos_y": 0, "pos_z": 0}	{"rot_yaw": 0, "rot_roll": 0, "rot_pitch": 0}	active	\N	Line_Library/ProdLine/L_MBD_PACKING/Machine/id_Roll_03_RO03.usd	2026-05-07 09:36:37.983483+00	2026-05-21 10:55:16.093253+00	f
06c56cb0-da5b-4be8-9c7e-55fdc80ea20d	2d1c9953-49bf-46a3-b378-671b6d81aa39	d040abfd-6528-42aa-8c2b-65a4af7d0213	id_MMC_MMC11	{"pos_x": 0, "pos_y": 0, "pos_z": 0}	{"rot_yaw": 0, "rot_roll": 0, "rot_pitch": 0}	active	\N	Line_Library/ProdLine/L_MBD_MMC_2/Machine/id_MMC_MMC11.usd	2026-05-07 09:17:38.945902+00	2026-05-21 10:55:16.093253+00	f
06ea8a3d-e52b-4332-a264-98987face27f	45b53c2d-c97c-46b5-a975-194fbd58865b	85ed7c11-3d4e-44b7-9c89-ff29c69e11db	id_ELSFP_ELSFP07	{"pos_x": 0, "pos_y": 0, "pos_z": 0}	{"rot_yaw": 0, "rot_roll": 0, "rot_pitch": 0}	active	\N	Line_Library/ProdLine/L_MBD_MMC/Machine/id_ELSFP_ELSFP07.usd	2026-05-21 07:43:10.705354+00	2026-05-21 10:55:16.093253+00	f
06ec700e-9846-48dd-84f7-5550e0203c65	bc02465d-c0c4-4c04-8640-613acaf593a6	c612f740-3638-47ab-a08e-fb1dbbc98549	id_Hand_Table_6MM_TAB04	{"pos_x": 0, "pos_y": 0, "pos_z": 0}	{"rot_yaw": 0, "rot_roll": 0, "rot_pitch": 0}	active	\N	Line_Library/ProdLine/L_MBD_SMT/Machine/id_Hand_Table_6MM_TAB04.usd	2026-05-07 09:46:53.746337+00	2026-05-21 10:55:16.093253+00	f
0706b24a-d302-42d5-a3e0-28c472592792	2d1c9953-49bf-46a3-b378-671b6d81aa39	d2f661be-2dda-4b3f-a624-e2d4676f8e7d	id_CT_SORTTABLE_TAB06	{"pos_x": 0, "pos_y": 0, "pos_z": 0}	{"rot_yaw": 0, "rot_roll": 0, "rot_pitch": 0}	active	\N	Line_Library/ProdLine/L_MBD_MMC_2/Machine/id_CT_SORTTABLE_TAB06.usd	2026-05-07 09:17:38.945902+00	2026-05-21 10:55:16.093253+00	f
0707a34b-b664-4fd4-a9c0-463c02f21066	410f00fb-11bf-4668-bcc1-42b86d4f24ca	6703a59a-b2de-49bd-bb8c-4f5414256a40	id_FSP_ScrewFastening_FS01	{"pos_x": 0, "pos_y": 0, "pos_z": 0}	{"rot_yaw": 0, "rot_roll": 0, "rot_pitch": 0}	active	\N	Line_Library/ProdLine/L_MBD_OrichidBay/Machine/id_FSP_ScrewFastening_FS01.usd	2026-05-07 09:49:48.806362+00	2026-05-21 10:55:16.093253+00	f
070d28b3-6556-4038-a345-2c8b759ea68d	34b9b409-d832-4a5d-b434-235984cf391c	0c0415fd-b3ad-4816-8b65-91f12239edf8	id_TR7700L_QE_TR02	{"pos_x": 0, "pos_y": 0, "pos_z": 0}	{"rot_yaw": 0, "rot_roll": 0, "rot_pitch": 0}	active	\N	Line_Library/ProdLine/L_MBD_SMT_B_2_NEW/Machine/id_TR7700L_QE_TR02.usd	2026-05-21 09:22:15.150086+00	2026-05-21 10:55:16.093253+00	f
0721be06-e338-426f-9c11-870769cc150c	ef88adc1-1759-4b42-8338-f36a5a1c710c	81451407-bbf6-4287-b218-498266b09834	id_CT_HOUM548DRJ2_DRJ05	{"pos_x": 0, "pos_y": 0, "pos_z": 0}	{"rot_yaw": 0, "rot_roll": 0, "rot_pitch": 0}	active	\N	Line_Library/ProdLine/L_HST_Module/Machine/id_CT_HOUM548DRJ2_DRJ05.usd	2026-05-26 06:55:40.18724+00	2026-05-26 08:21:19.186139+00	f
0743a85c-9838-4eff-a975-da4a566114e8	17b6c640-8167-45d0-8790-df512eb54264	869cd37a-048a-41f2-832f-35578e8265cc	id_MSS_L_T3F3_LM01	{"pos_x": 0, "pos_y": 0, "pos_z": 0}	{"rot_yaw": 0, "rot_roll": 0, "rot_pitch": 0}	active	\N	Line_Library/ProdLine/L_SMT_HST/Machine/id_MSS_L_T3F3_LM01.usd	2026-05-26 08:21:19.186139+00	2026-05-26 08:21:19.186139+00	f
0762c74a-fbaf-4731-b57f-3d3f7c5e693b	e24f112b-036b-4435-9117-ade3c6d73c59	e52ed1f2-872c-4ff5-a26f-60a1b5cb8aac	id_Roll_04_RO06	{"pos_x": 0, "pos_y": 0, "pos_z": 0}	{"rot_yaw": 0, "rot_roll": 0, "rot_pitch": 0}	active	\N	Line_Library/ProdLine/L_MBD_PACKING/Machine/id_Roll_04_RO06.usd	2026-05-07 09:45:04.179442+00	2026-05-21 10:55:16.093253+00	f
076b5e6d-89fa-4049-9d26-16a54b912c7c	4020acff-2746-4f0b-a2f1-a03bdd11b567	8b94db77-c030-4073-a479-6a1b3cc19787	id_Remove_WCPAI_RW01	{"pos_x": 0, "pos_y": 0, "pos_z": 0}	{"rot_yaw": 0, "rot_roll": 0, "rot_pitch": 0}	active	\N	Line_Library/ProdLine/L_MBD_Orichid/Machine/id_Remove_WCPAI_RW01.usd	2026-05-21 09:26:42.97166+00	2026-05-21 10:55:16.093253+00	f
0777a02f-f919-4770-855b-060d9337554c	ba4d5f1a-9589-4cc2-801a-d0d969c4372d	d8fa875d-1d8f-47f3-8ff3-ffc337639fff	id_SIV_200_SIV01	{"pos_x": 0, "pos_y": 0, "pos_z": 0}	{"rot_yaw": 0, "rot_roll": 0, "rot_pitch": 0}	active	\N	Line_Library/ProdLine/L_MBD_SMT_B_2/Machine/id_SIV_200_SIV01.usd	2026-05-07 09:17:38.945902+00	2026-05-21 10:55:16.093253+00	f
07b6796c-c8ab-43b9-bc71-a031a6b53013	40d45bff-c344-4aaa-b797-10667c1c4c63	c612f740-3638-47ab-a08e-fb1dbbc98549	id_Hand_Table_6MM_TAB01	{"pos_x": 0, "pos_y": 0, "pos_z": 0}	{"rot_yaw": 0, "rot_roll": 0, "rot_pitch": 0}	active	\N	Line_Library/ProdLine/L_MBD_SMT_B/Machine/id_Hand_Table_6MM_TAB01.usd	2026-05-08 01:01:06.751421+00	2026-05-21 10:55:16.093253+00	f
07c00b55-f23b-4f3c-9fb0-ac529fd8d476	2d1c9953-49bf-46a3-b378-671b6d81aa39	c065e82d-3c02-409b-84b1-ffa9f03af1be	id_CT_SORTCV_CV02	{"pos_x": 0, "pos_y": 0, "pos_z": 0}	{"rot_yaw": 0, "rot_roll": 0, "rot_pitch": 0}	active	\N	Line_Library/ProdLine/L_MBD_MMC_2/Machine/id_CT_SORTCV_CV02.usd	2026-05-07 09:23:04.073135+00	2026-05-21 10:55:16.093253+00	f
07cbfa15-7514-49cb-bc7b-2ddd0ea55aa5	45b53c2d-c97c-46b5-a975-194fbd58865b	d040abfd-6528-42aa-8c2b-65a4af7d0213	id_MMC_MMC07	{"pos_x": 0, "pos_y": 0, "pos_z": 0}	{"rot_yaw": 0, "rot_roll": 0, "rot_pitch": 0}	active	\N	Line_Library/ProdLine/L_MBD_MMC/Machine/id_MMC_MMC07.usd	2026-05-07 09:17:38.945902+00	2026-05-21 10:55:16.093253+00	f
07fd9e3f-7a42-4e24-b7b8-a63146e7c172	8e51d14a-b6ca-4e5f-8e45-60690cdd51fa	4fb5302e-cd98-465a-8913-6fa75e8d1aa3	id_CT_HOPBFKB_LB01	{"pos_x": 0, "pos_y": 0, "pos_z": 0}	{"rot_yaw": 0, "rot_roll": 0, "rot_pitch": 0}	active	\N	Line_Library/ProdLine/L_HST_PACK/Machine/id_CT_HOPBFKB_LB01.usd	2026-05-19 08:13:41.028526+00	2026-05-26 06:55:40.18724+00	f
080d2786-8e8b-4c77-950e-f5af04ef3768	21d5711b-b698-4404-bc1d-5793006c32b0	a3866a55-5500-431c-9ea1-81a03db212f7	id_roll_02_RO02	{"pos_x": 0, "pos_y": 0, "pos_z": 0}	{"rot_yaw": 0, "rot_roll": 0, "rot_pitch": 0}	active	\N	Line_Library/ProdLine/L_MBD_PACKING01/Machine/id_roll_02_RO02.usd	2026-05-21 09:22:15.150086+00	2026-05-21 10:55:16.093253+00	f
08335016-b30e-4bc8-ae83-6190880dabdf	e24f112b-036b-4435-9117-ade3c6d73c59	01c6dec0-b409-46be-b683-c6a9294ad9cb	id_Roll_01_RO01	{"pos_x": 0, "pos_y": 0, "pos_z": 0}	{"rot_yaw": 0, "rot_roll": 0, "rot_pitch": 0}	active	\N	Line_Library/ProdLine/L_MBD_PACKING/Machine/id_Roll_01_RO01.usd	2026-05-08 01:01:06.751421+00	2026-05-21 10:55:16.093253+00	f
083eaef8-4737-4dcf-9335-49a67618bdae	40d45bff-c344-4aaa-b797-10667c1c4c63	d8fa875d-1d8f-47f3-8ff3-ffc337639fff	id_SIV_200_SIV01	{"pos_x": 0, "pos_y": 0, "pos_z": 0}	{"rot_yaw": 0, "rot_roll": 0, "rot_pitch": 0}	active	\N	Line_Library/ProdLine/L_MBD_SMT_B/Machine/id_SIV_200_SIV01.usd	2026-05-21 07:43:10.705354+00	2026-05-21 10:55:16.093253+00	f
0845c1d9-342d-4544-ad57-ab4ae752d812	17b6c640-8167-45d0-8790-df512eb54264	f7249a4d-ce46-411f-bbcf-69fb16474d5c	id_SBL_820A_CONV019	{"pos_x": 0, "pos_y": 0, "pos_z": 0}	{"rot_yaw": 0, "rot_roll": 0, "rot_pitch": 0}	active	\N	Line_Library/ProdLine/L_SMT_HST/Machine/id_SBL_820A_CONV019.usd	2026-05-26 08:21:19.186139+00	2026-05-26 08:21:19.186139+00	f
08529dfa-b5c8-4afd-856c-4c1e4a53b5c1	40d45bff-c344-4aaa-b797-10667c1c4c63	c612f740-3638-47ab-a08e-fb1dbbc98549	id_Table_TAB09	{"pos_x": 0, "pos_y": 0, "pos_z": 0}	{"rot_yaw": 0, "rot_roll": 0, "rot_pitch": 0}	active	\N	Line_Library/ProdLine/L_MBD_SMT_B/Machine/id_Table_TAB09.usd	2026-05-21 09:22:15.150086+00	2026-05-21 10:55:16.093253+00	f
087d49f4-838c-469a-b92a-59aeff8b6e03	2d1c9953-49bf-46a3-b378-671b6d81aa39	d2f661be-2dda-4b3f-a624-e2d4676f8e7d	id_CT_SORTTABLE_TAB05	{"pos_x": 0, "pos_y": 0, "pos_z": 0}	{"rot_yaw": 0, "rot_roll": 0, "rot_pitch": 0}	active	\N	Line_Library/ProdLine/L_MBD_MMC_2/Machine/id_CT_SORTTABLE_TAB05.usd	2026-05-07 09:46:53.746337+00	2026-05-21 10:55:16.093253+00	f
08b897b0-966d-4adf-a099-6d6a06eb3ae7	45b53c2d-c97c-46b5-a975-194fbd58865b	d2f661be-2dda-4b3f-a624-e2d4676f8e7d	id_CT_SORTTABLE_TAB01	{"pos_x": 0, "pos_y": 0, "pos_z": 0}	{"rot_yaw": 0, "rot_roll": 0, "rot_pitch": 0}	active	\N	Line_Library/ProdLine/L_MBD_MMC/Machine/id_CT_SORTTABLE_TAB01.usd	2026-05-08 01:01:06.751421+00	2026-05-21 10:55:16.093253+00	f
08c4ff77-ab48-4dd2-9868-12f59690a227	45b53c2d-c97c-46b5-a975-194fbd58865b	85ed7c11-3d4e-44b7-9c89-ff29c69e11db	id_ELSFP_ELSFP06	{"pos_x": 0, "pos_y": 0, "pos_z": 0}	{"rot_yaw": 0, "rot_roll": 0, "rot_pitch": 0}	active	\N	Line_Library/ProdLine/L_MBD_MMC/Machine/id_ELSFP_ELSFP06.usd	2026-05-21 09:22:15.150086+00	2026-05-21 10:55:16.093253+00	f
08d8bd13-7d33-4524-8d18-ede89c2268c7	bc02465d-c0c4-4c04-8640-613acaf593a6	4275eba0-8e47-4cdf-b0b5-5734a0ede21e	id_PCT_LR_LR01	{"pos_x": 0, "pos_y": 0, "pos_z": 0}	{"rot_yaw": 0, "rot_roll": 0, "rot_pitch": 0}	active	\N	Line_Library/ProdLine/L_MBD_SMT/Machine/id_PCT_LR_LR01.usd	2026-05-05 10:10:28.952584+00	2026-05-21 10:55:16.093253+00	f
08e22dd5-007f-40f9-8173-35d236feab0c	45b53c2d-c97c-46b5-a975-194fbd58865b	e5727683-65d4-4e57-b3cc-ec8d12e4cfb1	id_CS_MIDDLE_MID01	{"pos_x": 0, "pos_y": 0, "pos_z": 0}	{"rot_yaw": 0, "rot_roll": 0, "rot_pitch": 0}	active	\N	Line_Library/ProdLine/L_MBD_MMC/Machine/id_CS_MIDDLE_MID01.usd	2026-05-07 09:23:04.073135+00	2026-05-21 10:55:16.093253+00	f
090dece3-5c37-4b65-9269-f52b913c8f8d	2d1c9953-49bf-46a3-b378-671b6d81aa39	d040abfd-6528-42aa-8c2b-65a4af7d0213	id_MMC_MMC09	{"pos_x": 0, "pos_y": 0, "pos_z": 0}	{"rot_yaw": 0, "rot_roll": 0, "rot_pitch": 0}	active	\N	Line_Library/ProdLine/L_MBD_MMC_2/Machine/id_MMC_MMC09.usd	2026-05-07 09:49:48.806362+00	2026-05-21 10:55:16.093253+00	f
09100c5b-c60d-4d0d-9022-18b74d29d1e9	5e868af6-988e-4fca-ad2c-32c6466ba368	c612f740-3638-47ab-a08e-fb1dbbc98549	id_Table_TAB09	{"pos_x": 0, "pos_y": 0, "pos_z": 0}	{"rot_yaw": 0, "rot_roll": 0, "rot_pitch": 0}	active	\N	Line_Library/ProdLine/L_MBD_SMT_A/Machine/id_Table_TAB09.usd	2026-05-07 09:46:53.746337+00	2026-05-21 10:55:16.093253+00	f
0912bfcf-4c4e-4925-95f3-0aa901af4c2a	bc02465d-c0c4-4c04-8640-613acaf593a6	c612f740-3638-47ab-a08e-fb1dbbc98549	id_Hand_Table_6MM_TAB01	{"pos_x": 0, "pos_y": 0, "pos_z": 0}	{"rot_yaw": 0, "rot_roll": 0, "rot_pitch": 0}	active	\N	Line_Library/ProdLine/L_MBD_SMT/Machine/id_Hand_Table_6MM_TAB01.usd	2026-05-05 10:04:15.1764+00	2026-05-21 10:55:16.093253+00	f
094769ac-1a91-4558-a1d0-d63da6494303	bc02465d-c0c4-4c04-8640-613acaf593a6	c612f740-3638-47ab-a08e-fb1dbbc98549	id_Table_TAB09	{"pos_x": 0, "pos_y": 0, "pos_z": 0}	{"rot_yaw": 0, "rot_roll": 0, "rot_pitch": 0}	active	\N	Line_Library/ProdLine/L_MBD_SMT/Machine/id_Table_TAB09.usd	2026-05-21 09:22:15.150086+00	2026-05-21 10:55:16.093253+00	f
0973dde5-1ae7-4096-99de-fd73d73b23d0	410f00fb-11bf-4668-bcc1-42b86d4f24ca	dca91fec-84b1-46e9-961d-08f594142c9b	id_ManualStation_MS01	{"pos_x": 0, "pos_y": 0, "pos_z": 0}	{"rot_yaw": 0, "rot_roll": 0, "rot_pitch": 0}	active	\N	Line_Library/ProdLine/L_MBD_OrichidBay/Machine/id_ManualStation_MS01.usd	2026-05-21 10:55:16.093253+00	2026-05-21 10:55:16.093253+00	f
09b0371a-b6e1-48ac-afde-eec05df366bf	40d45bff-c344-4aaa-b797-10667c1c4c63	268de675-728f-48d8-9fc7-556c6214107a	id_FLYTAKE_TAKE02	{"pos_x": 0, "pos_y": 0, "pos_z": 0}	{"rot_yaw": 0, "rot_roll": 0, "rot_pitch": 0}	active	\N	Line_Library/ProdLine/L_MBD_SMT_B/Machine/id_FLYTAKE_TAKE02.usd	2026-05-21 09:22:15.150086+00	2026-05-21 10:55:16.093253+00	f
09c5f4da-2208-461b-afe9-579b2465bc8b	e24f112b-036b-4435-9117-ade3c6d73c59	ac1143e8-1150-46f5-9e7a-2c9fdc09d23f	id_Packing_04_PACK04	{"pos_x": 0, "pos_y": 0, "pos_z": 0}	{"rot_yaw": 0, "rot_roll": 0, "rot_pitch": 0}	active	\N	Line_Library/ProdLine/L_MBD_PACKING/Machine/id_Packing_04_PACK04.usd	2026-05-07 09:36:37.983483+00	2026-05-21 10:55:16.093253+00	f
09cbd2ea-013a-436e-bba8-b5682f744f70	40d45bff-c344-4aaa-b797-10667c1c4c63	c612f740-3638-47ab-a08e-fb1dbbc98549	id_Hand_Table_6MM_TAB11	{"pos_x": 0, "pos_y": 0, "pos_z": 0}	{"rot_yaw": 0, "rot_roll": 0, "rot_pitch": 0}	active	\N	Line_Library/ProdLine/L_MBD_SMT_B/Machine/id_Hand_Table_6MM_TAB11.usd	2026-05-21 09:26:42.97166+00	2026-05-21 10:55:16.093253+00	f
09e9cfb6-9c69-479a-9acf-9ed403f0243b	5e868af6-988e-4fca-ad2c-32c6466ba368	c612f740-3638-47ab-a08e-fb1dbbc98549	id_Hand_Table_6MM_TAB01	{"pos_x": 0, "pos_y": 0, "pos_z": 0}	{"rot_yaw": 0, "rot_roll": 0, "rot_pitch": 0}	active	\N	Line_Library/ProdLine/L_MBD_SMT_A/Machine/id_Hand_Table_6MM_TAB01.usd	2026-05-07 09:42:09.436986+00	2026-05-21 10:55:16.093253+00	f
09fe2ea6-3497-41f3-8e42-5b76e7a0330d	8e51d14a-b6ca-4e5f-8e45-60690cdd51fa	8d56a91f-b16f-4381-8979-1dde2d7c459d	id_CT_HOPBHM_HM01	{"pos_x": 0, "pos_y": 0, "pos_z": 0}	{"rot_yaw": 0, "rot_roll": 0, "rot_pitch": 0}	active	\N	Line_Library/ProdLine/L_HST_PACK/Machine/id_CT_HOPBHM_HM01.usd	2026-05-26 06:55:40.18724+00	2026-05-26 06:55:40.18724+00	f
0a173101-252e-4c40-851a-6992a7fab684	f26ba798-71f4-48d0-a896-d13366b857a3	ebcc693b-7fdf-4308-90e5-ed202cebc125	id_MEP_8TL_PF01	{"pos_x": 0, "pos_y": 0, "pos_z": 0}	{"rot_yaw": 0, "rot_roll": 0, "rot_pitch": 0}	active	\N	Line_Library/ProdLine/L_SMT_Bianca_Xray/Machine/id_MEP_8TL_PF01.usd	2026-05-26 08:21:19.186139+00	2026-05-26 08:21:19.186139+00	f
0a2c0a3f-6230-4403-9d24-f6cdcd47e22a	2d1c9953-49bf-46a3-b378-671b6d81aa39	d2f661be-2dda-4b3f-a624-e2d4676f8e7d	id_CT_SORTTABLE_TAB03	{"pos_x": 0, "pos_y": 0, "pos_z": 0}	{"rot_yaw": 0, "rot_roll": 0, "rot_pitch": 0}	active	\N	Line_Library/ProdLine/L_MBD_MMC_2/Machine/id_CT_SORTTABLE_TAB03.usd	2026-05-07 09:17:38.945902+00	2026-05-21 10:55:16.093253+00	f
0a3b7e2f-c480-4dfa-a97c-e6e74c53ac44	17b6c640-8167-45d0-8790-df512eb54264	a3c67e95-8c39-45df-8d79-d850381a7313	id_Panasonic_NPM_W2_PP19	{"pos_x": 0, "pos_y": 0, "pos_z": 0}	{"rot_yaw": 0, "rot_roll": 0, "rot_pitch": 0}	active	\N	Line_Library/ProdLine/L_SMT_HST/Machine/id_Panasonic_NPM_W2_PP19.usd	2026-05-26 08:21:19.186139+00	2026-05-26 08:21:19.186139+00	f
0a51f69e-d531-4fcf-b5dc-ef8d5eaf24c4	45b53c2d-c97c-46b5-a975-194fbd58865b	c065e82d-3c02-409b-84b1-ffa9f03af1be	id_CT_SORTCV_CV10	{"pos_x": 0, "pos_y": 0, "pos_z": 0}	{"rot_yaw": 0, "rot_roll": 0, "rot_pitch": 0}	active	\N	Line_Library/ProdLine/L_MBD_MMC/Machine/id_CT_SORTCV_CV10.usd	2026-05-21 09:26:42.97166+00	2026-05-21 10:55:16.093253+00	f
0a53059a-c992-4bd7-96f9-2f23b1168be1	ba4d5f1a-9589-4cc2-801a-d0d969c4372d	c612f740-3638-47ab-a08e-fb1dbbc98549	id_Hand_Table_6MM_TAB02	{"pos_x": 0, "pos_y": 0, "pos_z": 0}	{"rot_yaw": 0, "rot_roll": 0, "rot_pitch": 0}	active	\N	Line_Library/ProdLine/L_MBD_SMT_B_2/Machine/id_Hand_Table_6MM_TAB02.usd	2026-05-07 09:49:48.806362+00	2026-05-21 10:55:16.093253+00	f
0a947dfb-ec0a-411f-b5b7-5643be69c7ca	45b53c2d-c97c-46b5-a975-194fbd58865b	b3b239da-a72c-489f-9251-207720232ee5	id_MPOMMCVFI_VFI04	{"pos_x": 0, "pos_y": 0, "pos_z": 0}	{"rot_yaw": 0, "rot_roll": 0, "rot_pitch": 0}	active	\N	Line_Library/ProdLine/L_MBD_MMC/Machine/id_MPOMMCVFI_VFI04.usd	2026-05-07 09:45:04.179442+00	2026-05-21 10:55:16.093253+00	f
0ac51164-17e5-425a-9eb5-49116cf05d6d	ef88adc1-1759-4b42-8338-f36a5a1c710c	edc5711f-c380-4051-aaa2-1f2252e7b06a	id_CT_HOUM548PCBSC24_PCBSC01	{"pos_x": 0, "pos_y": 0, "pos_z": 0}	{"rot_yaw": 0, "rot_roll": 0, "rot_pitch": 0}	active	\N	Line_Library/ProdLine/L_HST_Module/Machine/id_CT_HOUM548PCBSC24_PCBSC01.usd	2026-05-26 07:25:31.427188+00	2026-05-26 08:21:19.186139+00	f
0ad2f766-dee7-4cf4-a62e-fa81fffaf276	410f00fb-11bf-4668-bcc1-42b86d4f24ca	6703a59a-b2de-49bd-bb8c-4f5414256a40	id_FSP_ScrewFastening_FS03	{"pos_x": 0, "pos_y": 0, "pos_z": 0}	{"rot_yaw": 0, "rot_roll": 0, "rot_pitch": 0}	active	\N	Line_Library/ProdLine/L_MBD_OrichidBay/Machine/id_FSP_ScrewFastening_FS03.usd	2026-05-07 09:17:38.945902+00	2026-05-21 10:55:16.093253+00	f
0ad6e660-cfc7-48d8-90d1-beed46a2aad7	17b6c640-8167-45d0-8790-df512eb54264	5806257f-1824-4c1e-a371-6711284d48d1	id_SBC_200A_CONV014	{"pos_x": 0, "pos_y": 0, "pos_z": 0}	{"rot_yaw": 0, "rot_roll": 0, "rot_pitch": 0}	active	\N	Line_Library/ProdLine/L_SMT_HST/Machine/id_SBC_200A_CONV014.usd	2026-05-26 07:25:31.427188+00	2026-05-26 08:21:19.186139+00	f
0af66142-4206-42ab-8c88-18f55e802af8	2d1c9953-49bf-46a3-b378-671b6d81aa39	d040abfd-6528-42aa-8c2b-65a4af7d0213	id_MMC_MMC15	{"pos_x": 0, "pos_y": 0, "pos_z": 0}	{"rot_yaw": 0, "rot_roll": 0, "rot_pitch": 0}	active	\N	Line_Library/ProdLine/L_MBD_MMC_2/Machine/id_MMC_MMC15.usd	2026-05-07 09:36:37.983483+00	2026-05-21 10:55:16.093253+00	f
0b212ede-d714-4475-b2c1-db05408870f2	45b53c2d-c97c-46b5-a975-194fbd58865b	9e76feda-a2db-49d5-8132-0ab564230db9	id_E07_CSMTOPCOLLING_AS01	{"pos_x": 0, "pos_y": 0, "pos_z": 0}	{"rot_yaw": 0, "rot_roll": 0, "rot_pitch": 0}	active	\N	Line_Library/ProdLine/L_MBD_MMC/Machine/id_E07_CSMTOPCOLLING_AS01.usd	2026-05-21 07:43:10.705354+00	2026-05-21 10:55:16.093253+00	f
0b2a63ea-3409-4d28-996d-d01ed03b5725	8e51d14a-b6ca-4e5f-8e45-60690cdd51fa	2f3c43b3-9a3b-4983-947c-c0336953dd61	id_CT_HOPBHM_A_HM02	{"pos_x": 0, "pos_y": 0, "pos_z": 0}	{"rot_yaw": 0, "rot_roll": 0, "rot_pitch": 0}	active	\N	Line_Library/ProdLine/L_HST_PACK/Machine/id_CT_HOPBHM_A_HM02.usd	2026-05-26 06:55:40.18724+00	2026-05-26 06:55:40.18724+00	f
0b364bf7-b2df-494b-bf1f-953cf79a154f	bc02465d-c0c4-4c04-8640-613acaf593a6	285499b0-c983-4e4d-aa6b-3cf89a2f499e	id_SPI_FAG_OWL_AOI01	{"pos_x": 0, "pos_y": 0, "pos_z": 0}	{"rot_yaw": 0, "rot_roll": 0, "rot_pitch": 0}	active	\N	Line_Library/ProdLine/L_MBD_SMT/Machine/id_SPI_FAG_OWL_AOI01.usd	2026-05-21 10:55:16.093253+00	2026-05-21 10:55:16.093253+00	f
0b37f66f-dd18-4255-b360-33214afd4df0	2d1c9953-49bf-46a3-b378-671b6d81aa39	d2f661be-2dda-4b3f-a624-e2d4676f8e7d	id_CT_SORTTABLE_TAB13	{"pos_x": 0, "pos_y": 0, "pos_z": 0}	{"rot_yaw": 0, "rot_roll": 0, "rot_pitch": 0}	active	\N	Line_Library/ProdLine/L_MBD_MMC_2/Machine/id_CT_SORTTABLE_TAB13.usd	2026-05-08 01:01:06.751421+00	2026-05-21 10:55:16.093253+00	f
0b405753-595c-4709-9eaf-fbc7397c3a48	ba4d5f1a-9589-4cc2-801a-d0d969c4372d	9e7e6310-3495-468f-ade2-28583542079e	id_TR7500L_SIII_TR01	{"pos_x": 0, "pos_y": 0, "pos_z": 0}	{"rot_yaw": 0, "rot_roll": 0, "rot_pitch": 0}	active	\N	Line_Library/ProdLine/L_MBD_SMT_B_2/Machine/id_TR7500L_SIII_TR01.usd	2026-05-05 10:14:07.210997+00	2026-05-21 10:55:16.093253+00	f
0b40a547-866b-432c-a494-968e5e6403e6	34b9b409-d832-4a5d-b434-235984cf391c	c612f740-3638-47ab-a08e-fb1dbbc98549	id_Hand_Table_6MM_TAB04	{"pos_x": 0, "pos_y": 0, "pos_z": 0}	{"rot_yaw": 0, "rot_roll": 0, "rot_pitch": 0}	active	\N	Line_Library/ProdLine/L_MBD_SMT_B_2_NEW/Machine/id_Hand_Table_6MM_TAB04.usd	2026-05-07 09:36:37.983483+00	2026-05-21 10:55:16.093253+00	f
0b4877d2-363c-4d75-a431-e3450ccf1e86	45b53c2d-c97c-46b5-a975-194fbd58865b	85ed7c11-3d4e-44b7-9c89-ff29c69e11db	id_ELSFP_ELSFP05	{"pos_x": 0, "pos_y": 0, "pos_z": 0}	{"rot_yaw": 0, "rot_roll": 0, "rot_pitch": 0}	active	\N	Line_Library/ProdLine/L_MBD_MMC/Machine/id_ELSFP_ELSFP05.usd	2026-05-08 01:01:06.751421+00	2026-05-21 10:55:16.093253+00	f
0b675ffb-1cf6-42fc-b5f3-546e776bc7bb	ba4d5f1a-9589-4cc2-801a-d0d969c4372d	77471419-f146-4bec-95b6-77fdcdadedb6	id_VCO_C80L_VCO01	{"pos_x": 0, "pos_y": 0, "pos_z": 0}	{"rot_yaw": 0, "rot_roll": 0, "rot_pitch": 0}	active	\N	Line_Library/ProdLine/L_MBD_SMT_B_2/Machine/id_VCO_C80L_VCO01.usd	2026-05-07 09:23:04.073135+00	2026-05-21 10:55:16.093253+00	f
0b97d74d-7bf1-4552-901c-c0f6d9e1ffec	45b53c2d-c97c-46b5-a975-194fbd58865b	c065e82d-3c02-409b-84b1-ffa9f03af1be	id_CT_SORTCV_CV07	{"pos_x": 0, "pos_y": 0, "pos_z": 0}	{"rot_yaw": 0, "rot_roll": 0, "rot_pitch": 0}	active	\N	Line_Library/ProdLine/L_MBD_MMC/Machine/id_CT_SORTCV_CV07.usd	2026-05-07 09:45:04.179442+00	2026-05-21 10:55:16.093253+00	f
0ba176e1-033f-4829-a050-8b018c60913d	34b9b409-d832-4a5d-b434-235984cf391c	35a6cb09-0ce0-4b99-a70e-cd054ef9a0f4	id_FCCATM_H100_TAKE01	{"pos_x": 0, "pos_y": 0, "pos_z": 0}	{"rot_yaw": 0, "rot_roll": 0, "rot_pitch": 0}	active	\N	Line_Library/ProdLine/L_MBD_SMT_B_2_NEW/Machine/id_FCCATM_H100_TAKE01.usd	2026-05-07 09:49:48.806362+00	2026-05-21 10:55:16.093253+00	f
0baa4c7b-30c4-45d9-9940-e14719446338	2d1c9953-49bf-46a3-b378-671b6d81aa39	c065e82d-3c02-409b-84b1-ffa9f03af1be	id_CT_SORTCV_CV01	{"pos_x": 0, "pos_y": 0, "pos_z": 0}	{"rot_yaw": 0, "rot_roll": 0, "rot_pitch": 0}	active	\N	Line_Library/ProdLine/L_MBD_MMC_2/Machine/id_CT_SORTCV_CV01.usd	2026-05-07 09:36:37.983483+00	2026-05-21 10:55:16.093253+00	f
0bc66625-710f-45ec-9c03-8362653ba32a	ff5d37ef-d29e-4a11-9bcb-4ab0ffb5ff2f	e5727683-65d4-4e57-b3cc-ec8d12e4cfb1	id_CS_MIDDLE_MID02	{"pos_x": 0, "pos_y": 0, "pos_z": 0}	{"rot_yaw": 0, "rot_roll": 0, "rot_pitch": 0}	active	\N	Line_Library/ProdLine/L_MBD_CS/Machine/id_CS_MIDDLE_MID02.usd	2026-05-21 09:26:42.97166+00	2026-05-21 10:55:16.093253+00	f
0bd19341-ed9f-44e2-8356-d6b733e2af33	e24f112b-036b-4435-9117-ade3c6d73c59	12b9d84f-0869-4162-b0dd-818dba829fef	id_Packing_06_PACK06	{"pos_x": 0, "pos_y": 0, "pos_z": 0}	{"rot_yaw": 0, "rot_roll": 0, "rot_pitch": 0}	active	\N	Line_Library/ProdLine/L_MBD_PACKING/Machine/id_Packing_06_PACK06.usd	2026-05-08 01:01:06.751421+00	2026-05-21 10:55:16.093253+00	f
0beaa8e3-eafe-4b62-a954-5ae52a480d10	4020acff-2746-4f0b-a2f1-a03bdd11b567	f0491e93-740f-4345-a479-f6d1e70aeb8d	id_Spring_Clip_FPU_SC02	{"pos_x": 0, "pos_y": 0, "pos_z": 0}	{"rot_yaw": 0, "rot_roll": 0, "rot_pitch": 0}	active	\N	Line_Library/ProdLine/L_MBD_Orichid/Machine/id_Spring_Clip_FPU_SC02.usd	2026-05-07 09:45:04.179442+00	2026-05-21 10:55:16.093253+00	f
0bf36e3e-d425-4117-95bd-e62eea9e9edd	2d1c9953-49bf-46a3-b378-671b6d81aa39	d2f661be-2dda-4b3f-a624-e2d4676f8e7d	id_CT_SORTTABLE_TAB12	{"pos_x": 0, "pos_y": 0, "pos_z": 0}	{"rot_yaw": 0, "rot_roll": 0, "rot_pitch": 0}	active	\N	Line_Library/ProdLine/L_MBD_MMC_2/Machine/id_CT_SORTTABLE_TAB12.usd	2026-05-07 09:49:48.806362+00	2026-05-21 10:55:16.093253+00	f
0c1d5010-fe7a-43d6-b17b-a73c1b224d5b	40d45bff-c344-4aaa-b797-10667c1c4c63	c612f740-3638-47ab-a08e-fb1dbbc98549	id_Hand_Table_6MM_TAB04	{"pos_x": 0, "pos_y": 0, "pos_z": 0}	{"rot_yaw": 0, "rot_roll": 0, "rot_pitch": 0}	active	\N	Line_Library/ProdLine/L_MBD_SMT_B/Machine/id_Hand_Table_6MM_TAB04.usd	2026-05-08 01:01:06.751421+00	2026-05-21 10:55:16.093253+00	f
0c3671b9-2212-4266-9468-c9b9bac0ce75	ba4d5f1a-9589-4cc2-801a-d0d969c4372d	85880acd-78c7-466c-9773-d13d966a3564	id_JET8800TB27_TB01	{"pos_x": 0, "pos_y": 0, "pos_z": 0}	{"rot_yaw": 0, "rot_roll": 0, "rot_pitch": 0}	active	\N	Line_Library/ProdLine/L_MBD_SMT_B_2/Machine/id_JET8800TB27_TB01.usd	2026-05-08 01:01:06.751421+00	2026-05-21 10:55:16.093253+00	f
0c7539fa-a361-46ea-9b0e-c3e1994e58d5	5e868af6-988e-4fca-ad2c-32c6466ba368	c612f740-3638-47ab-a08e-fb1dbbc98549	id_Hand_Table_6MM_TAB08	{"pos_x": 0, "pos_y": 0, "pos_z": 0}	{"rot_yaw": 0, "rot_roll": 0, "rot_pitch": 0}	active	\N	Line_Library/ProdLine/L_MBD_SMT_A/Machine/id_Hand_Table_6MM_TAB08.usd	2026-05-21 09:22:15.150086+00	2026-05-21 10:55:16.093253+00	f
0caa25ad-35d0-426d-b6cc-6fe9cecfa054	45b53c2d-c97c-46b5-a975-194fbd58865b	85ed7c11-3d4e-44b7-9c89-ff29c69e11db	id_ELSFP_ELSFP04	{"pos_x": 0, "pos_y": 0, "pos_z": 0}	{"rot_yaw": 0, "rot_roll": 0, "rot_pitch": 0}	active	\N	Line_Library/ProdLine/L_MBD_MMC/Machine/id_ELSFP_ELSFP04.usd	2026-05-07 09:17:38.945902+00	2026-05-21 10:55:16.093253+00	f
0cc01194-f86b-4cbc-94ee-bebd21cac98b	bc02465d-c0c4-4c04-8640-613acaf593a6	c612f740-3638-47ab-a08e-fb1dbbc98549	id_Hand_Table_6MM_TAB03	{"pos_x": 0, "pos_y": 0, "pos_z": 0}	{"rot_yaw": 0, "rot_roll": 0, "rot_pitch": 0}	active	\N	Line_Library/ProdLine/L_MBD_SMT/Machine/id_Hand_Table_6MM_TAB03.usd	2026-05-07 09:46:53.746337+00	2026-05-21 10:55:16.093253+00	f
0cc65ec7-e6c2-462c-a9c4-9380e8b75c67	5e868af6-988e-4fca-ad2c-32c6466ba368	c612f740-3638-47ab-a08e-fb1dbbc98549	id_Hand_Table_6MM_TAB02	{"pos_x": 0, "pos_y": 0, "pos_z": 0}	{"rot_yaw": 0, "rot_roll": 0, "rot_pitch": 0}	active	\N	Line_Library/ProdLine/L_MBD_SMT_A/Machine/id_Hand_Table_6MM_TAB02.usd	2026-05-07 09:17:38.945902+00	2026-05-21 10:55:16.093253+00	f
0cca4380-07a3-4bfe-815c-fcefe510b7a2	45b53c2d-c97c-46b5-a975-194fbd58865b	f31efd21-1b1c-4e05-b9f3-c1ed4f634e8e	id_CSM_JTAG_CS13	{"pos_x": 0, "pos_y": 0, "pos_z": 0}	{"rot_yaw": 0, "rot_roll": 0, "rot_pitch": 0}	active	\N	Line_Library/ProdLine/L_MBD_MMC/Machine/id_CSM_JTAG_CS13.usd	2026-05-07 09:46:53.746337+00	2026-05-21 10:55:16.093253+00	f
0d0c8ca7-f1e7-450a-bbc4-b20cfba6d3d5	45b53c2d-c97c-46b5-a975-194fbd58865b	f31efd21-1b1c-4e05-b9f3-c1ed4f634e8e	id_CSM_JTAG_CS09	{"pos_x": 0, "pos_y": 0, "pos_z": 0}	{"rot_yaw": 0, "rot_roll": 0, "rot_pitch": 0}	active	\N	Line_Library/ProdLine/L_MBD_MMC/Machine/id_CSM_JTAG_CS09.usd	2026-05-07 09:23:04.073135+00	2026-05-21 10:55:16.093253+00	f
0d5b463a-d196-4609-ae5a-7e4e5828c6bd	34b9b409-d832-4a5d-b434-235984cf391c	d8fa875d-1d8f-47f3-8ff3-ffc337639fff	id_SIV_200_SIV01	{"pos_x": 0, "pos_y": 0, "pos_z": 0}	{"rot_yaw": 0, "rot_roll": 0, "rot_pitch": 0}	active	\N	Line_Library/ProdLine/L_MBD_SMT_B_2_NEW/Machine/id_SIV_200_SIV01.usd	2026-05-07 09:45:04.179442+00	2026-05-21 10:55:16.093253+00	f
0d77a0bd-637c-4cb4-9a51-c2a4a4727c21	21d5711b-b698-4404-bc1d-5793006c32b0	4d5a6470-a623-4b63-a161-450b2134c84b	id_roll_05_RO11	{"pos_x": 0, "pos_y": 0, "pos_z": 0}	{"rot_yaw": 0, "rot_roll": 0, "rot_pitch": 0}	active	\N	Line_Library/ProdLine/L_MBD_PACKING01/Machine/id_roll_05_RO11.usd	2026-05-21 07:43:10.705354+00	2026-05-21 10:55:16.093253+00	f
0d8b3450-623a-458a-8014-fa81244d4933	2d1c9953-49bf-46a3-b378-671b6d81aa39	d2f661be-2dda-4b3f-a624-e2d4676f8e7d	id_CT_SORTTABLE_TAB04	{"pos_x": 0, "pos_y": 0, "pos_z": 0}	{"rot_yaw": 0, "rot_roll": 0, "rot_pitch": 0}	active	\N	Line_Library/ProdLine/L_MBD_MMC_2/Machine/id_CT_SORTTABLE_TAB04.usd	2026-05-07 09:42:09.436986+00	2026-05-21 10:55:16.093253+00	f
0da81e85-a451-4356-b05f-6b4642bcc953	5e868af6-988e-4fca-ad2c-32c6466ba368	2a87557b-47a4-478e-b53c-80b7ace2b609	id_NPM_WX_CART_CART03	{"pos_x": 0, "pos_y": 0, "pos_z": 0}	{"rot_yaw": 0, "rot_roll": 0, "rot_pitch": 0}	active	\N	Line_Library/ProdLine/L_MBD_SMT_A/Machine/id_NPM_WX_CART_CART03.usd	2026-05-07 09:46:53.746337+00	2026-05-21 10:55:16.093253+00	f
0db57181-c44a-4a7f-8154-0c760d064a83	45b53c2d-c97c-46b5-a975-194fbd58865b	3baa205f-a1fc-4699-a5cf-4c93408181f3	id_E01_2DETACHABLE_AS01	{"pos_x": 0, "pos_y": 0, "pos_z": 0}	{"rot_yaw": 0, "rot_roll": 0, "rot_pitch": 0}	active	\N	Line_Library/ProdLine/L_MBD_MMC/Machine/id_E01_2DETACHABLE_AS01.usd	2026-05-07 09:36:37.983483+00	2026-05-21 10:55:16.093253+00	f
0dcd403b-c6b5-43f1-ab31-488e381c3b3d	e24f112b-036b-4435-9117-ade3c6d73c59	4d5a6470-a623-4b63-a161-450b2134c84b	id_Roll_05_RO10	{"pos_x": 0, "pos_y": 0, "pos_z": 0}	{"rot_yaw": 0, "rot_roll": 0, "rot_pitch": 0}	active	\N	Line_Library/ProdLine/L_MBD_PACKING/Machine/id_Roll_05_RO10.usd	2026-05-07 09:42:09.436986+00	2026-05-21 10:55:16.093253+00	f
0dd124d1-858d-48c1-b02f-974004912b8c	2d1c9953-49bf-46a3-b378-671b6d81aa39	c9ae846c-10c7-471c-8f0a-92f8f5eff042	id_X8CSMVFI_VFI01	{"pos_x": 0, "pos_y": 0, "pos_z": 0}	{"rot_yaw": 0, "rot_roll": 0, "rot_pitch": 0}	active	\N	Line_Library/ProdLine/L_MBD_MMC_2/Machine/id_X8CSMVFI_VFI01.usd	2026-05-07 09:23:04.073135+00	2026-05-21 10:55:16.093253+00	f
0e0c9a17-9a30-4f69-8f85-4b0512084085	8e51d14a-b6ca-4e5f-8e45-60690cdd51fa	e8e48f3b-c1ff-4eaf-a2b0-260320e2dd5b	id_CT_HOPBAOI_AOI02	{"pos_x": 0, "pos_y": 0, "pos_z": 0}	{"rot_yaw": 0, "rot_roll": 0, "rot_pitch": 0}	active	\N	Line_Library/ProdLine/L_HST_PACK/Machine/id_CT_HOPBAOI_AOI02.usd	2026-05-19 08:13:41.028526+00	2026-05-26 06:55:40.18724+00	f
0e4a378f-a281-4f98-8581-d4d380b94e99	17b6c640-8167-45d0-8790-df512eb54264	83cda1a4-499c-444f-a005-b13f2c3756c5	id_NeoHorizon_03ix_SP02	{"pos_x": 0, "pos_y": 0, "pos_z": 0}	{"rot_yaw": 0, "rot_roll": 0, "rot_pitch": 0}	active	\N	Line_Library/ProdLine/L_SMT_HST/Machine/id_NeoHorizon_03ix_SP02.usd	2026-05-26 08:21:19.186139+00	2026-05-26 08:21:19.186139+00	f
0e54b09d-8e37-411c-8df5-63f768934de9	410f00fb-11bf-4668-bcc1-42b86d4f24ca	dca91fec-84b1-46e9-961d-08f594142c9b	id_ManualStation_MS02	{"pos_x": 0, "pos_y": 0, "pos_z": 0}	{"rot_yaw": 0, "rot_roll": 0, "rot_pitch": 0}	active	\N	Line_Library/ProdLine/L_MBD_OrichidBay/Machine/id_ManualStation_MS02.usd	2026-05-21 10:55:16.093253+00	2026-05-21 10:55:16.093253+00	f
0e82dfb4-f179-4a34-ab93-e71c7e070604	ef88adc1-1759-4b42-8338-f36a5a1c710c	81451407-bbf6-4287-b218-498266b09834	id_CT_HOUM548DRJ2_DRJ11	{"pos_x": 0, "pos_y": 0, "pos_z": 0}	{"rot_yaw": 0, "rot_roll": 0, "rot_pitch": 0}	active	\N	Line_Library/ProdLine/L_HST_Module/Machine/id_CT_HOUM548DRJ2_DRJ11.usd	2026-05-26 08:21:19.186139+00	2026-05-26 08:21:19.186139+00	f
0ef0553b-b6fc-4de7-a37d-f344cc70151e	45b53c2d-c97c-46b5-a975-194fbd58865b	d040abfd-6528-42aa-8c2b-65a4af7d0213	id_MMC_MMC08	{"pos_x": 0, "pos_y": 0, "pos_z": 0}	{"rot_yaw": 0, "rot_roll": 0, "rot_pitch": 0}	active	\N	Line_Library/ProdLine/L_MBD_MMC/Machine/id_MMC_MMC08.usd	2026-05-21 07:43:10.705354+00	2026-05-21 10:55:16.093253+00	f
0efa74b0-af09-4715-a344-764e7936f4b7	45b53c2d-c97c-46b5-a975-194fbd58865b	c065e82d-3c02-409b-84b1-ffa9f03af1be	id_CT_SORTCV_CV06	{"pos_x": 0, "pos_y": 0, "pos_z": 0}	{"rot_yaw": 0, "rot_roll": 0, "rot_pitch": 0}	active	\N	Line_Library/ProdLine/L_MBD_MMC/Machine/id_CT_SORTCV_CV06.usd	2026-05-07 09:36:37.983483+00	2026-05-21 10:55:16.093253+00	f
0f18348b-bad6-4956-be47-8a8daf2070d8	2d1c9953-49bf-46a3-b378-671b6d81aa39	d2f661be-2dda-4b3f-a624-e2d4676f8e7d	id_CT_SORTTABLE_TAB07	{"pos_x": 0, "pos_y": 0, "pos_z": 0}	{"rot_yaw": 0, "rot_roll": 0, "rot_pitch": 0}	active	\N	Line_Library/ProdLine/L_MBD_MMC_2/Machine/id_CT_SORTTABLE_TAB07.usd	2026-05-07 09:49:48.806362+00	2026-05-21 10:55:16.093253+00	f
0f30d466-7212-4e28-804b-cf89c2f5a416	4020acff-2746-4f0b-a2f1-a03bdd11b567	9e477691-c191-40ad-93e9-d58f439d9a2c	id_SFG_IGR_SFG01	{"pos_x": 0, "pos_y": 0, "pos_z": 0}	{"rot_yaw": 0, "rot_roll": 0, "rot_pitch": 0}	active	\N	Line_Library/ProdLine/L_MBD_Orichid/Machine/id_SFG_IGR_SFG01.usd	2026-05-07 09:46:53.746337+00	2026-05-21 10:55:16.093253+00	f
0f3ab280-53a9-43c5-b3db-368aadee3545	34b9b409-d832-4a5d-b434-235984cf391c	c612f740-3638-47ab-a08e-fb1dbbc98549	id_Hand_Table_6MM_TAB01	{"pos_x": 0, "pos_y": 0, "pos_z": 0}	{"rot_yaw": 0, "rot_roll": 0, "rot_pitch": 0}	active	\N	Line_Library/ProdLine/L_MBD_SMT_B_2_NEW/Machine/id_Hand_Table_6MM_TAB01.usd	2026-05-08 01:01:06.751421+00	2026-05-21 10:55:16.093253+00	f
0f455ab3-6362-4600-9775-9db5ac09bb76	bc02465d-c0c4-4c04-8640-613acaf593a6	285499b0-c983-4e4d-aa6b-3cf89a2f499e	id_SPI_FAG_OWL_AOI03	{"pos_x": 0, "pos_y": 0, "pos_z": 0}	{"rot_yaw": 0, "rot_roll": 0, "rot_pitch": 0}	active	\N	Line_Library/ProdLine/L_MBD_SMT/Machine/id_SPI_FAG_OWL_AOI03.usd	2026-05-07 09:23:04.073135+00	2026-05-21 10:55:16.093253+00	f
0f75caf9-2017-4dd2-83a3-98d7560adecd	17b6c640-8167-45d0-8790-df512eb54264	a3c67e95-8c39-45df-8d79-d850381a7313	id_Panasonic_NPM_W2_PP15	{"pos_x": 0, "pos_y": 0, "pos_z": 0}	{"rot_yaw": 0, "rot_roll": 0, "rot_pitch": 0}	active	\N	Line_Library/ProdLine/L_SMT_HST/Machine/id_Panasonic_NPM_W2_PP15.usd	2026-05-26 08:21:19.186139+00	2026-05-26 08:21:19.186139+00	f
0fadc359-1cc2-42ef-8efa-e8e8ab1b6a0d	45b53c2d-c97c-46b5-a975-194fbd58865b	85ed7c11-3d4e-44b7-9c89-ff29c69e11db	id_ELSFP_ELSFP02	{"pos_x": 0, "pos_y": 0, "pos_z": 0}	{"rot_yaw": 0, "rot_roll": 0, "rot_pitch": 0}	active	\N	Line_Library/ProdLine/L_MBD_MMC/Machine/id_ELSFP_ELSFP02.usd	2026-05-07 09:17:38.945902+00	2026-05-21 10:55:16.093253+00	f
0fedbae7-c85b-47d0-8ac0-78182d52fd9b	4020acff-2746-4f0b-a2f1-a03bdd11b567	68ab0ea8-d97f-49cf-b406-40edf62ad623	id_Remove_Screws_Flip_RS01	{"pos_x": 0, "pos_y": 0, "pos_z": 0}	{"rot_yaw": 0, "rot_roll": 0, "rot_pitch": 0}	active	\N	Line_Library/ProdLine/L_MBD_Orichid/Machine/id_Remove_Screws_Flip_RS01.usd	2026-05-08 01:01:06.751421+00	2026-05-21 10:55:16.093253+00	f
1039b564-be4f-431c-abd4-bcbfda3905d0	bc02465d-c0c4-4c04-8640-613acaf593a6	ea965d8b-4ad7-44c3-b3b5-422beacfaac1	id_G_Ace500_ACE01	{"pos_x": 0, "pos_y": 0, "pos_z": 0}	{"rot_yaw": 0, "rot_roll": 0, "rot_pitch": 0}	active	\N	Line_Library/ProdLine/L_MBD_SMT/Machine/id_G_Ace500_ACE01.usd	2026-05-07 09:23:04.073135+00	2026-05-21 10:55:16.093253+00	f
10531856-7fcf-4f97-ab4f-8777620462be	21d5711b-b698-4404-bc1d-5793006c32b0	8b463bfc-c897-46b9-bf14-3b90852ffee9	id_Packing_05_PACK05	{"pos_x": 0, "pos_y": 0, "pos_z": 0}	{"rot_yaw": 0, "rot_roll": 0, "rot_pitch": 0}	active	\N	Line_Library/ProdLine/L_MBD_PACKING01/Machine/id_Packing_05_PACK05.usd	2026-05-07 09:42:09.436986+00	2026-05-21 10:55:16.093253+00	f
1066b12c-f259-4da2-a2fa-13babc5111e5	ff5d37ef-d29e-4a11-9bcb-4ab0ffb5ff2f	e5727683-65d4-4e57-b3cc-ec8d12e4cfb1	id_CS_MIDDLE_MID01	{"pos_x": 0, "pos_y": 0, "pos_z": 0}	{"rot_yaw": 0, "rot_roll": 0, "rot_pitch": 0}	active	\N	Line_Library/ProdLine/L_MBD_CS/Machine/id_CS_MIDDLE_MID01.usd	2026-05-21 10:55:16.093253+00	2026-05-21 10:55:16.093253+00	f
107648d9-b029-4b05-862d-4b8addf53ab5	34b9b409-d832-4a5d-b434-235984cf391c	8752e4b4-417b-4db8-9572-a36b8c5140a3	id_IJETC7L_JET02	{"pos_x": 0, "pos_y": 0, "pos_z": 0}	{"rot_yaw": 0, "rot_roll": 0, "rot_pitch": 0}	active	\N	Line_Library/ProdLine/L_MBD_SMT_B_2_NEW/Machine/id_IJETC7L_JET02.usd	2026-05-21 10:55:16.093253+00	2026-05-21 10:55:16.093253+00	f
10aa1912-9133-4543-bc05-cc90fb60137c	45b53c2d-c97c-46b5-a975-194fbd58865b	e5727683-65d4-4e57-b3cc-ec8d12e4cfb1	id_CS_MIDDLE_MID07	{"pos_x": 0, "pos_y": 0, "pos_z": 0}	{"rot_yaw": 0, "rot_roll": 0, "rot_pitch": 0}	active	\N	Line_Library/ProdLine/L_MBD_MMC/Machine/id_CS_MIDDLE_MID07.usd	2026-05-07 09:45:04.179442+00	2026-05-21 10:55:16.093253+00	f
10f03210-c5f1-4aab-929d-12f6257fed16	5e868af6-988e-4fca-ad2c-32c6466ba368	c612f740-3638-47ab-a08e-fb1dbbc98549	id_Hand_Table_6MM_TAB04	{"pos_x": 0, "pos_y": 0, "pos_z": 0}	{"rot_yaw": 0, "rot_roll": 0, "rot_pitch": 0}	active	\N	Line_Library/ProdLine/L_MBD_SMT_A/Machine/id_Hand_Table_6MM_TAB04.usd	2026-05-07 09:36:37.983483+00	2026-05-21 10:55:16.093253+00	f
112e8a33-04c7-407c-8828-d19bdb6d9d22	40d45bff-c344-4aaa-b797-10667c1c4c63	c612f740-3638-47ab-a08e-fb1dbbc98549	id_Hand_Table_6MM_TAB02	{"pos_x": 0, "pos_y": 0, "pos_z": 0}	{"rot_yaw": 0, "rot_roll": 0, "rot_pitch": 0}	active	\N	Line_Library/ProdLine/L_MBD_SMT_B/Machine/id_Hand_Table_6MM_TAB02.usd	2026-05-07 09:42:09.436986+00	2026-05-21 10:55:16.093253+00	f
114ffc41-8334-48dd-9c85-cc2dc686bd8c	410f00fb-11bf-4668-bcc1-42b86d4f24ca	825e6628-ca56-434e-a173-b632cb9f6b57	id_SFG_DFL01_SFG02	{"pos_x": 0, "pos_y": 0, "pos_z": 0}	{"rot_yaw": 0, "rot_roll": 0, "rot_pitch": 0}	active	\N	Line_Library/ProdLine/L_MBD_OrichidBay/Machine/id_SFG_DFL01_SFG02.usd	2026-05-08 01:01:06.751421+00	2026-05-21 10:55:16.093253+00	f
11bb4813-6cc5-4ad9-aa6c-a4ec82f395c0	2d1c9953-49bf-46a3-b378-671b6d81aa39	d040abfd-6528-42aa-8c2b-65a4af7d0213	id_MMC_MMC12	{"pos_x": 0, "pos_y": 0, "pos_z": 0}	{"rot_yaw": 0, "rot_roll": 0, "rot_pitch": 0}	active	\N	Line_Library/ProdLine/L_MBD_MMC_2/Machine/id_MMC_MMC12.usd	2026-05-08 01:01:06.751421+00	2026-05-21 10:55:16.093253+00	f
11d3c949-acab-4db7-ae10-ffe758d51c50	40d45bff-c344-4aaa-b797-10667c1c4c63	c612f740-3638-47ab-a08e-fb1dbbc98549	id_Hand_Table_6MM_TAB05	{"pos_x": 0, "pos_y": 0, "pos_z": 0}	{"rot_yaw": 0, "rot_roll": 0, "rot_pitch": 0}	active	\N	Line_Library/ProdLine/L_MBD_SMT_B/Machine/id_Hand_Table_6MM_TAB05.usd	2026-05-07 09:17:38.945902+00	2026-05-21 10:55:16.093253+00	f
120ad396-d485-4220-86fd-ac5107b2908c	5e868af6-988e-4fca-ad2c-32c6466ba368	2a87557b-47a4-478e-b53c-80b7ace2b609	id_NPM_WX_CART_CART04	{"pos_x": 0, "pos_y": 0, "pos_z": 0}	{"rot_yaw": 0, "rot_roll": 0, "rot_pitch": 0}	active	\N	Line_Library/ProdLine/L_MBD_SMT_A/Machine/id_NPM_WX_CART_CART04.usd	2026-05-07 09:23:04.073135+00	2026-05-21 10:55:16.093253+00	f
1269a476-81b4-47f2-8347-4add49ba654d	21d5711b-b698-4404-bc1d-5793006c32b0	4d5a6470-a623-4b63-a161-450b2134c84b	id_roll_05_RO08	{"pos_x": 0, "pos_y": 0, "pos_z": 0}	{"rot_yaw": 0, "rot_roll": 0, "rot_pitch": 0}	active	\N	Line_Library/ProdLine/L_MBD_PACKING01/Machine/id_roll_05_RO08.usd	2026-05-21 10:55:16.093253+00	2026-05-21 10:55:16.093253+00	f
12a69206-3971-4adc-947b-27e364ac6907	45b53c2d-c97c-46b5-a975-194fbd58865b	f31efd21-1b1c-4e05-b9f3-c1ed4f634e8e	id_CSM_JTAG_CS02	{"pos_x": 0, "pos_y": 0, "pos_z": 0}	{"rot_yaw": 0, "rot_roll": 0, "rot_pitch": 0}	active	\N	Line_Library/ProdLine/L_MBD_MMC/Machine/id_CSM_JTAG_CS02.usd	2026-05-08 01:01:06.751421+00	2026-05-21 10:55:16.093253+00	f
12aa96c4-c0bc-48aa-a600-b7d98411827a	2d1c9953-49bf-46a3-b378-671b6d81aa39	d2f661be-2dda-4b3f-a624-e2d4676f8e7d	id_CT_SORTTABLE_TAB09	{"pos_x": 0, "pos_y": 0, "pos_z": 0}	{"rot_yaw": 0, "rot_roll": 0, "rot_pitch": 0}	active	\N	Line_Library/ProdLine/L_MBD_MMC_2/Machine/id_CT_SORTTABLE_TAB09.usd	2026-05-21 09:22:15.150086+00	2026-05-21 10:55:16.093253+00	f
12c46cf5-67d5-4d58-9a23-b67dc08f05e3	21d5711b-b698-4404-bc1d-5793006c32b0	d38b1053-018d-4f20-ba41-385393b26ea5	id_roll_03_RO03	{"pos_x": 0, "pos_y": 0, "pos_z": 0}	{"rot_yaw": 0, "rot_roll": 0, "rot_pitch": 0}	active	\N	Line_Library/ProdLine/L_MBD_PACKING01/Machine/id_roll_03_RO03.usd	2026-05-07 09:45:04.179442+00	2026-05-21 10:55:16.093253+00	f
1378bfc6-bc44-429e-81f6-d6600792afaa	e24f112b-036b-4435-9117-ade3c6d73c59	9a27b510-c73f-4df9-9c23-7b41d6e472b9	id_Packing_02_PACK02	{"pos_x": 0, "pos_y": 0, "pos_z": 0}	{"rot_yaw": 0, "rot_roll": 0, "rot_pitch": 0}	active	\N	Line_Library/ProdLine/L_MBD_PACKING/Machine/id_Packing_02_PACK02.usd	2026-05-21 07:43:10.705354+00	2026-05-21 10:55:16.093253+00	f
13b398c0-834d-4fd7-a439-25c65842dcb4	fab31a7c-7b3a-4f1a-9461-daad8130beaf	3baa205f-a1fc-4699-a5cf-4c93408181f3	id_E01_2DETACHABLE_AS02	{"pos_x": 0, "pos_y": 0, "pos_z": 0}	{"rot_yaw": 0, "rot_roll": 0, "rot_pitch": 0}	active	\N	Line_Library/ProdLine/L_MBD_6S/Machine/id_E01_2DETACHABLE_AS02.usd	2026-05-07 09:42:09.436986+00	2026-05-21 10:55:16.093253+00	f
143e7ca7-ded6-4d4a-8b5f-6058504206c0	ba4d5f1a-9589-4cc2-801a-d0d969c4372d	2a87557b-47a4-478e-b53c-80b7ace2b609	id_NPM_WX_CART_CART01	{"pos_x": 0, "pos_y": 0, "pos_z": 0}	{"rot_yaw": 0, "rot_roll": 0, "rot_pitch": 0}	active	\N	Line_Library/ProdLine/L_MBD_SMT_B_2/Machine/id_NPM_WX_CART_CART01.usd	2026-05-21 10:55:16.093253+00	2026-05-21 10:55:16.093253+00	f
145bdff0-6219-4248-919f-bcf81e547938	21d5711b-b698-4404-bc1d-5793006c32b0	dc219ba6-70b0-4596-b7f4-a5da3f5cf094	id_Packing_07_PACK08	{"pos_x": 0, "pos_y": 0, "pos_z": 0}	{"rot_yaw": 0, "rot_roll": 0, "rot_pitch": 0}	active	\N	Line_Library/ProdLine/L_MBD_PACKING01/Machine/id_Packing_07_PACK08.usd	2026-05-21 07:43:10.705354+00	2026-05-21 10:55:16.093253+00	f
147d041f-4510-498e-a68c-79c33195619b	45b53c2d-c97c-46b5-a975-194fbd58865b	b3b239da-a72c-489f-9251-207720232ee5	id_VFI_VFI02	{"pos_x": 0, "pos_y": 0, "pos_z": 0}	{"rot_yaw": 0, "rot_roll": 0, "rot_pitch": 0}	active	\N	Line_Library/ProdLine/L_MBD_MMC/Machine/id_VFI_VFI02.usd	2026-05-21 09:22:15.150086+00	2026-05-21 10:55:16.093253+00	f
14aed98e-6f23-4c21-b07b-e40b255f4c26	45b53c2d-c97c-46b5-a975-194fbd58865b	f31efd21-1b1c-4e05-b9f3-c1ed4f634e8e	id_CSM_JTAG_CS01	{"pos_x": 0, "pos_y": 0, "pos_z": 0}	{"rot_yaw": 0, "rot_roll": 0, "rot_pitch": 0}	active	\N	Line_Library/ProdLine/L_MBD_MMC/Machine/id_CSM_JTAG_CS01.usd	2026-05-07 09:17:38.945902+00	2026-05-21 10:55:16.093253+00	f
14c8159f-4220-4a96-a5f0-9d92c126164d	2d1c9953-49bf-46a3-b378-671b6d81aa39	c065e82d-3c02-409b-84b1-ffa9f03af1be	id_CT_SORTCV_CV05	{"pos_x": 0, "pos_y": 0, "pos_z": 0}	{"rot_yaw": 0, "rot_roll": 0, "rot_pitch": 0}	active	\N	Line_Library/ProdLine/L_MBD_MMC_2/Machine/id_CT_SORTCV_CV05.usd	2026-05-07 09:42:09.436986+00	2026-05-21 10:55:16.093253+00	f
14dbe712-6271-4ede-b462-9adf11524915	ef88adc1-1759-4b42-8338-f36a5a1c710c	db927a1f-84c8-4062-8583-70cdafab4f08	id_CT_HOUM548CNTSC12_CNTSC02	{"pos_x": 0, "pos_y": 0, "pos_z": 0}	{"rot_yaw": 0, "rot_roll": 0, "rot_pitch": 0}	active	\N	Line_Library/ProdLine/L_HST_Module/Machine/id_CT_HOUM548CNTSC12_CNTSC02.usd	2026-05-26 07:25:31.427188+00	2026-05-26 08:21:19.186139+00	f
14dde409-0a4e-43ec-956f-29eae0c12b7d	ba4d5f1a-9589-4cc2-801a-d0d969c4372d	285499b0-c983-4e4d-aa6b-3cf89a2f499e	id_SPI_FAG_OWL_AOI01	{"pos_x": 0, "pos_y": 0, "pos_z": 0}	{"rot_yaw": 0, "rot_roll": 0, "rot_pitch": 0}	active	\N	Line_Library/ProdLine/L_MBD_SMT_B_2/Machine/id_SPI_FAG_OWL_AOI01.usd	2026-05-21 09:26:42.97166+00	2026-05-21 10:55:16.093253+00	f
14fd729e-2f67-408b-856a-40a09b5f484d	45b53c2d-c97c-46b5-a975-194fbd58865b	f31efd21-1b1c-4e05-b9f3-c1ed4f634e8e	id_CSM_JTAG_CS14	{"pos_x": 0, "pos_y": 0, "pos_z": 0}	{"rot_yaw": 0, "rot_roll": 0, "rot_pitch": 0}	active	\N	Line_Library/ProdLine/L_MBD_MMC/Machine/id_CSM_JTAG_CS14.usd	2026-05-07 09:36:37.983483+00	2026-05-21 10:55:16.093253+00	f
150573c2-8a15-4229-b0a5-0e05573db8d0	34b9b409-d832-4a5d-b434-235984cf391c	c612f740-3638-47ab-a08e-fb1dbbc98549	id_Hand_Table_6MM_TAB05	{"pos_x": 0, "pos_y": 0, "pos_z": 0}	{"rot_yaw": 0, "rot_roll": 0, "rot_pitch": 0}	active	\N	Line_Library/ProdLine/L_MBD_SMT_B_2_NEW/Machine/id_Hand_Table_6MM_TAB05.usd	2026-05-21 09:22:15.150086+00	2026-05-21 10:55:16.093253+00	f
150d0ed8-a846-4a0c-9067-353dd7adb170	34b9b409-d832-4a5d-b434-235984cf391c	9e7e6310-3495-468f-ade2-28583542079e	id_TR7500L_SIII_TR01	{"pos_x": 0, "pos_y": 0, "pos_z": 0}	{"rot_yaw": 0, "rot_roll": 0, "rot_pitch": 0}	active	\N	Line_Library/ProdLine/L_MBD_SMT_B_2_NEW/Machine/id_TR7500L_SIII_TR01.usd	2026-05-21 07:43:10.705354+00	2026-05-21 10:55:16.093253+00	f
1516b694-6079-4332-949c-ec936302a025	17b6c640-8167-45d0-8790-df512eb54264	f7249a4d-ce46-411f-bbcf-69fb16474d5c	id_SBL_820A_CONV011	{"pos_x": 0, "pos_y": 0, "pos_z": 0}	{"rot_yaw": 0, "rot_roll": 0, "rot_pitch": 0}	active	\N	Line_Library/ProdLine/L_SMT_HST/Machine/id_SBL_820A_CONV011.usd	2026-05-26 08:21:19.186139+00	2026-05-26 08:21:19.186139+00	f
153889db-73bb-4ee3-a930-653bfb4475c6	fab31a7c-7b3a-4f1a-9461-daad8130beaf	4e138e53-3fc2-4621-9d08-16b7620cf689	id_FCCATMH100_TAKE02	{"pos_x": 0, "pos_y": 0, "pos_z": 0}	{"rot_yaw": 0, "rot_roll": 0, "rot_pitch": 0}	active	\N	Line_Library/ProdLine/L_MBD_6S/Machine/id_FCCATMH100_TAKE02.usd	2026-05-07 09:49:48.806362+00	2026-05-21 10:55:16.093253+00	f
15582ee9-e618-4fcd-860d-a4115d579001	45b53c2d-c97c-46b5-a975-194fbd58865b	d040abfd-6528-42aa-8c2b-65a4af7d0213	id_MMC_MMC05	{"pos_x": 0, "pos_y": 0, "pos_z": 0}	{"rot_yaw": 0, "rot_roll": 0, "rot_pitch": 0}	active	\N	Line_Library/ProdLine/L_MBD_MMC/Machine/id_MMC_MMC05.usd	2026-05-21 09:22:15.150086+00	2026-05-21 10:55:16.093253+00	f
15a49904-b7fb-4366-92aa-db3b8546d04e	2d1c9953-49bf-46a3-b378-671b6d81aa39	d040abfd-6528-42aa-8c2b-65a4af7d0213	id_MMC_MMC07	{"pos_x": 0, "pos_y": 0, "pos_z": 0}	{"rot_yaw": 0, "rot_roll": 0, "rot_pitch": 0}	active	\N	Line_Library/ProdLine/L_MBD_MMC_2/Machine/id_MMC_MMC07.usd	2026-05-07 09:23:04.073135+00	2026-05-21 10:55:16.093253+00	f
164055ed-d426-4642-a43c-f35f508d86c7	ba4d5f1a-9589-4cc2-801a-d0d969c4372d	c612f740-3638-47ab-a08e-fb1dbbc98549	id_Hand_Table_6MM_TAB01	{"pos_x": 0, "pos_y": 0, "pos_z": 0}	{"rot_yaw": 0, "rot_roll": 0, "rot_pitch": 0}	active	\N	Line_Library/ProdLine/L_MBD_SMT_B_2/Machine/id_Hand_Table_6MM_TAB01.usd	2026-05-07 09:36:37.983483+00	2026-05-21 10:55:16.093253+00	f
1666e5e8-433c-444a-b6bd-506b16d4dc1a	ef88adc1-1759-4b42-8338-f36a5a1c710c	306a8265-3999-4fdf-9769-a78e3879b1cf	id_CT_HOUM548BSSC20_BSSC02	{"pos_x": 0, "pos_y": 0, "pos_z": 0}	{"rot_yaw": 0, "rot_roll": 0, "rot_pitch": 0}	active	\N	Line_Library/ProdLine/L_HST_Module/Machine/id_CT_HOUM548BSSC20_BSSC02.usd	2026-05-26 07:25:31.427188+00	2026-05-26 08:21:19.186139+00	f
1697044b-79a9-4d43-abba-f2156bb5ef64	40d45bff-c344-4aaa-b797-10667c1c4c63	21cbb821-00f4-4159-8a33-785487e4974b	id_GY09C_G01	{"pos_x": 0, "pos_y": 0, "pos_z": 0}	{"rot_yaw": 0, "rot_roll": 0, "rot_pitch": 0}	active	\N	Line_Library/ProdLine/L_MBD_SMT_B/Machine/id_GY09C_G01.usd	2026-05-07 09:42:09.436986+00	2026-05-21 10:55:16.093253+00	f
16a6765e-b00e-4355-9cc8-2a26d6c957e1	45b53c2d-c97c-46b5-a975-194fbd58865b	f31efd21-1b1c-4e05-b9f3-c1ed4f634e8e	id_CSM_JTAG_CS08	{"pos_x": 0, "pos_y": 0, "pos_z": 0}	{"rot_yaw": 0, "rot_roll": 0, "rot_pitch": 0}	active	\N	Line_Library/ProdLine/L_MBD_MMC/Machine/id_CSM_JTAG_CS08.usd	2026-05-21 07:43:10.705354+00	2026-05-21 10:55:16.093253+00	f
16e4982c-3640-43a7-a533-c917b0dd12a9	f26ba798-71f4-48d0-a896-d13366b857a3	61f54a0c-eaf5-4729-a336-ddf66403748f	id_V810i_S2_XLT_BX01	{"pos_x": 0, "pos_y": 0, "pos_z": 0}	{"rot_yaw": 0, "rot_roll": 0, "rot_pitch": 0}	active	\N	Line_Library/ProdLine/L_SMT_Bianca_Xray/Machine/id_V810i_S2_XLT_BX01.usd	2026-05-26 07:25:31.427188+00	2026-05-26 08:21:19.186139+00	f
16e85625-e6b1-4e30-9a98-f217f1967b61	34b9b409-d832-4a5d-b434-235984cf391c	c612f740-3638-47ab-a08e-fb1dbbc98549	id_Table_TAB07	{"pos_x": 0, "pos_y": 0, "pos_z": 0}	{"rot_yaw": 0, "rot_roll": 0, "rot_pitch": 0}	active	\N	Line_Library/ProdLine/L_MBD_SMT_B_2_NEW/Machine/id_Table_TAB07.usd	2026-05-07 09:36:37.983483+00	2026-05-21 10:55:16.093253+00	f
16f8fe2b-68f2-426e-b589-df4180bbd4fb	4020acff-2746-4f0b-a2f1-a03bdd11b567	be433db9-bb61-44a4-b255-321a4476c6f6	id_BorderLoading_BL01	{"pos_x": 0, "pos_y": 0, "pos_z": 0}	{"rot_yaw": 0, "rot_roll": 0, "rot_pitch": 0}	active	\N	Line_Library/ProdLine/L_MBD_Orichid/Machine/id_BorderLoading_BL01.usd	2026-05-21 10:55:16.093253+00	2026-05-21 10:55:16.093253+00	f
171ec734-e525-4177-b0ac-6ca33401e5b6	45b53c2d-c97c-46b5-a975-194fbd58865b	c065e82d-3c02-409b-84b1-ffa9f03af1be	id_CT_SORTCV_CV04	{"pos_x": 0, "pos_y": 0, "pos_z": 0}	{"rot_yaw": 0, "rot_roll": 0, "rot_pitch": 0}	active	\N	Line_Library/ProdLine/L_MBD_MMC/Machine/id_CT_SORTCV_CV04.usd	2026-05-21 10:55:16.093253+00	2026-05-21 10:55:16.093253+00	f
17211248-f036-4c92-9d5d-edaf2d207829	34b9b409-d832-4a5d-b434-235984cf391c	c612f740-3638-47ab-a08e-fb1dbbc98549	id_Hand_Table_6MM_TAB02	{"pos_x": 0, "pos_y": 0, "pos_z": 0}	{"rot_yaw": 0, "rot_roll": 0, "rot_pitch": 0}	active	\N	Line_Library/ProdLine/L_MBD_SMT_B_2_NEW/Machine/id_Hand_Table_6MM_TAB02.usd	2026-05-07 09:23:04.073135+00	2026-05-21 10:55:16.093253+00	f
1777c944-992f-4ed4-9728-73a0a0055c82	ba4d5f1a-9589-4cc2-801a-d0d969c4372d	c612f740-3638-47ab-a08e-fb1dbbc98549	id_Hand_Table_6MM_TAB05	{"pos_x": 0, "pos_y": 0, "pos_z": 0}	{"rot_yaw": 0, "rot_roll": 0, "rot_pitch": 0}	active	\N	Line_Library/ProdLine/L_MBD_SMT_B_2/Machine/id_Hand_Table_6MM_TAB05.usd	2026-05-07 09:49:48.806362+00	2026-05-21 10:55:16.093253+00	f
17941779-7da1-43a1-bd93-8586566f2ea2	2d1c9953-49bf-46a3-b378-671b6d81aa39	d2f661be-2dda-4b3f-a624-e2d4676f8e7d	id_CT_SORTTABLE_TAB08	{"pos_x": 0, "pos_y": 0, "pos_z": 0}	{"rot_yaw": 0, "rot_roll": 0, "rot_pitch": 0}	active	\N	Line_Library/ProdLine/L_MBD_MMC_2/Machine/id_CT_SORTTABLE_TAB08.usd	2026-05-07 09:23:04.073135+00	2026-05-21 10:55:16.093253+00	f
1803286a-bae8-42cc-a5ae-04240839123c	2d1c9953-49bf-46a3-b378-671b6d81aa39	c065e82d-3c02-409b-84b1-ffa9f03af1be	id_CT_SORTCV_CV03	{"pos_x": 0, "pos_y": 0, "pos_z": 0}	{"rot_yaw": 0, "rot_roll": 0, "rot_pitch": 0}	active	\N	Line_Library/ProdLine/L_MBD_MMC_2/Machine/id_CT_SORTCV_CV03.usd	2026-05-07 09:42:09.436986+00	2026-05-21 10:55:16.093253+00	f
181f25f3-1532-4980-a4a3-d29204ec6f8b	f26ba798-71f4-48d0-a896-d13366b857a3	61f54a0c-eaf5-4729-a336-ddf66403748f	id_V810i_S2_XLT_BX03	{"pos_x": 0, "pos_y": 0, "pos_z": 0}	{"rot_yaw": 0, "rot_roll": 0, "rot_pitch": 0}	active	\N	Line_Library/ProdLine/L_SMT_Bianca_Xray/Machine/id_V810i_S2_XLT_BX03.usd	2026-05-26 08:21:19.186139+00	2026-05-26 08:21:19.186139+00	f
182e0c9e-a04c-47a5-af34-6e6773c4c80c	5e868af6-988e-4fca-ad2c-32c6466ba368	2a87557b-47a4-478e-b53c-80b7ace2b609	id_NPM_WX_CART_CART02	{"pos_x": 0, "pos_y": 0, "pos_z": 0}	{"rot_yaw": 0, "rot_roll": 0, "rot_pitch": 0}	active	\N	Line_Library/ProdLine/L_MBD_SMT_A/Machine/id_NPM_WX_CART_CART02.usd	2026-05-07 09:36:37.983483+00	2026-05-21 10:55:16.093253+00	f
1883fcb0-82a2-4b62-9d75-68de76935a34	4020acff-2746-4f0b-a2f1-a03bdd11b567	7af58fb0-2ea2-4b7f-a16f-847be75d5ad8	id_SFG_DFL02_SFG03	{"pos_x": 0, "pos_y": 0, "pos_z": 0}	{"rot_yaw": 0, "rot_roll": 0, "rot_pitch": 0}	active	\N	Line_Library/ProdLine/L_MBD_Orichid/Machine/id_SFG_DFL02_SFG03.usd	2026-05-07 09:49:48.806362+00	2026-05-21 10:55:16.093253+00	f
18bcd754-dc5e-4a6c-8d6f-94831a72bc54	2d1c9953-49bf-46a3-b378-671b6d81aa39	d040abfd-6528-42aa-8c2b-65a4af7d0213	id_MMC_MMC13	{"pos_x": 0, "pos_y": 0, "pos_z": 0}	{"rot_yaw": 0, "rot_roll": 0, "rot_pitch": 0}	active	\N	Line_Library/ProdLine/L_MBD_MMC_2/Machine/id_MMC_MMC13.usd	2026-05-21 07:43:10.705354+00	2026-05-21 10:55:16.093253+00	f
18e2679d-bda7-4d3e-be9c-892683f8e1b2	40d45bff-c344-4aaa-b797-10667c1c4c63	c612f740-3638-47ab-a08e-fb1dbbc98549	id_Table_TAB10	{"pos_x": 0, "pos_y": 0, "pos_z": 0}	{"rot_yaw": 0, "rot_roll": 0, "rot_pitch": 0}	active	\N	Line_Library/ProdLine/L_MBD_SMT_B/Machine/id_Table_TAB10.usd	2026-05-08 01:01:06.751421+00	2026-05-21 10:55:16.093253+00	f
1905cbf3-758c-4816-813e-5a13b6c9f15f	2d1c9953-49bf-46a3-b378-671b6d81aa39	c065e82d-3c02-409b-84b1-ffa9f03af1be	id_CT_SORTCV_CV06	{"pos_x": 0, "pos_y": 0, "pos_z": 0}	{"rot_yaw": 0, "rot_roll": 0, "rot_pitch": 0}	active	\N	Line_Library/ProdLine/L_MBD_MMC_2/Machine/id_CT_SORTCV_CV06.usd	2026-05-07 09:49:48.806362+00	2026-05-21 10:55:16.093253+00	f
19399d59-13c7-4806-9721-7b54a714a9f2	fab31a7c-7b3a-4f1a-9461-daad8130beaf	85ed7c11-3d4e-44b7-9c89-ff29c69e11db	id_E02_TOPELSFP_AS03	{"pos_x": 0, "pos_y": 0, "pos_z": 0}	{"rot_yaw": 0, "rot_roll": 0, "rot_pitch": 0}	active	\N	Line_Library/ProdLine/L_MBD_6S/Machine/id_E02_TOPELSFP_AS03.usd	2026-05-21 10:55:16.093253+00	2026-05-21 10:55:16.093253+00	f
193ab0fd-97e8-4e55-8d2f-de92840b3538	17b6c640-8167-45d0-8790-df512eb54264	a3c67e95-8c39-45df-8d79-d850381a7313	id_Panasonic_NPM_W2_PP16	{"pos_x": 0, "pos_y": 0, "pos_z": 0}	{"rot_yaw": 0, "rot_roll": 0, "rot_pitch": 0}	active	\N	Line_Library/ProdLine/L_SMT_HST/Machine/id_Panasonic_NPM_W2_PP16.usd	2026-05-26 07:25:31.427188+00	2026-05-26 08:21:19.186139+00	f
194a402f-8369-4b38-ac58-0d548d40509b	40d45bff-c344-4aaa-b797-10667c1c4c63	c612f740-3638-47ab-a08e-fb1dbbc98549	id_Table_TAB07	{"pos_x": 0, "pos_y": 0, "pos_z": 0}	{"rot_yaw": 0, "rot_roll": 0, "rot_pitch": 0}	active	\N	Line_Library/ProdLine/L_MBD_SMT_B/Machine/id_Table_TAB07.usd	2026-05-21 07:43:10.705354+00	2026-05-21 10:55:16.093253+00	f
196290b0-a429-4eed-b5bb-a11c81e45f31	2d1c9953-49bf-46a3-b378-671b6d81aa39	d040abfd-6528-42aa-8c2b-65a4af7d0213	id_MMC_MMC16	{"pos_x": 0, "pos_y": 0, "pos_z": 0}	{"rot_yaw": 0, "rot_roll": 0, "rot_pitch": 0}	active	\N	Line_Library/ProdLine/L_MBD_MMC_2/Machine/id_MMC_MMC16.usd	2026-05-07 09:42:09.436986+00	2026-05-21 10:55:16.093253+00	f
1a2d4263-4532-4dae-9ecf-60b18c6756dd	17b6c640-8167-45d0-8790-df512eb54264	5806257f-1824-4c1e-a371-6711284d48d1	id_SBC_200A_CONV020	{"pos_x": 0, "pos_y": 0, "pos_z": 0}	{"rot_yaw": 0, "rot_roll": 0, "rot_pitch": 0}	active	\N	Line_Library/ProdLine/L_SMT_HST/Machine/id_SBC_200A_CONV020.usd	2026-05-26 08:21:19.186139+00	2026-05-26 08:21:19.186139+00	f
1a7802d2-b24c-4afc-af80-dda2a8ab5b32	ff5d37ef-d29e-4a11-9bcb-4ab0ffb5ff2f	f31efd21-1b1c-4e05-b9f3-c1ed4f634e8e	id_CSM_JTAG_CS02	{"pos_x": 0, "pos_y": 0, "pos_z": 0}	{"rot_yaw": 0, "rot_roll": 0, "rot_pitch": 0}	active	\N	Line_Library/ProdLine/L_MBD_CS/Machine/id_CSM_JTAG_CS02.usd	2026-05-07 09:45:04.179442+00	2026-05-21 10:55:16.093253+00	f
1a7a0f17-915a-4a1e-99b5-250532748d16	410f00fb-11bf-4668-bcc1-42b86d4f24ca	7af58fb0-2ea2-4b7f-a16f-847be75d5ad8	id_SFG_DFL02_SFG03	{"pos_x": 0, "pos_y": 0, "pos_z": 0}	{"rot_yaw": 0, "rot_roll": 0, "rot_pitch": 0}	active	\N	Line_Library/ProdLine/L_MBD_OrichidBay/Machine/id_SFG_DFL02_SFG03.usd	2026-05-08 01:01:06.751421+00	2026-05-21 10:55:16.093253+00	f
1a7f886b-573d-4379-bfc1-5b03d79f4a50	ef88adc1-1759-4b42-8338-f36a5a1c710c	34c3636e-76cc-4437-903c-d936f168327f	id_CT_HOUM548ZPRL_01_ZPRL01	{"pos_x": 0, "pos_y": 0, "pos_z": 0}	{"rot_yaw": 0, "rot_roll": 0, "rot_pitch": 0}	active	\N	Line_Library/ProdLine/L_HST_Module/Machine/id_CT_HOUM548ZPRL_01_ZPRL01.usd	2026-05-26 08:21:19.186139+00	2026-05-26 08:21:19.186139+00	f
1a8a775b-df6c-40bc-a37e-994f5282a36f	410f00fb-11bf-4668-bcc1-42b86d4f24ca	9e477691-c191-40ad-93e9-d58f439d9a2c	id_SFG_IGR_SFG01	{"pos_x": 0, "pos_y": 0, "pos_z": 0}	{"rot_yaw": 0, "rot_roll": 0, "rot_pitch": 0}	active	\N	Line_Library/ProdLine/L_MBD_OrichidBay/Machine/id_SFG_IGR_SFG01.usd	2026-05-07 09:36:37.983483+00	2026-05-21 10:55:16.093253+00	f
1aac0ff4-5128-4b18-98b6-bba8c0bbe07e	5e868af6-988e-4fca-ad2c-32c6466ba368	c612f740-3638-47ab-a08e-fb1dbbc98549	id_Hand_Table_6MM_TAB03	{"pos_x": 0, "pos_y": 0, "pos_z": 0}	{"rot_yaw": 0, "rot_roll": 0, "rot_pitch": 0}	active	\N	Line_Library/ProdLine/L_MBD_SMT_A/Machine/id_Hand_Table_6MM_TAB03.usd	2026-05-21 09:22:15.150086+00	2026-05-21 10:55:16.093253+00	f
1aad62ab-4c09-4423-84e6-73d71ef56813	21d5711b-b698-4404-bc1d-5793006c32b0	4728d326-362e-450e-a4a2-4b8ef2df19a2	id_roll_06_RO09	{"pos_x": 0, "pos_y": 0, "pos_z": 0}	{"rot_yaw": 0, "rot_roll": 0, "rot_pitch": 0}	active	\N	Line_Library/ProdLine/L_MBD_PACKING01/Machine/id_roll_06_RO09.usd	2026-05-21 09:26:42.97166+00	2026-05-21 10:55:16.093253+00	f
1b6c5608-f0da-47c8-a0bb-2f688d213e63	17b6c640-8167-45d0-8790-df512eb54264	5806257f-1824-4c1e-a371-6711284d48d1	id_SBC_200A_CONV09	{"pos_x": 0, "pos_y": 0, "pos_z": 0}	{"rot_yaw": 0, "rot_roll": 0, "rot_pitch": 0}	active	\N	Line_Library/ProdLine/L_SMT_HST/Machine/id_SBC_200A_CONV09.usd	2026-05-26 08:21:19.186139+00	2026-05-26 08:21:19.186139+00	f
1b80ef68-34ae-4cb7-ab23-0e0a6b226914	17b6c640-8167-45d0-8790-df512eb54264	f7249a4d-ce46-411f-bbcf-69fb16474d5c	id_SBL_820A_CONV08	{"pos_x": 0, "pos_y": 0, "pos_z": 0}	{"rot_yaw": 0, "rot_roll": 0, "rot_pitch": 0}	active	\N	Line_Library/ProdLine/L_SMT_HST/Machine/id_SBL_820A_CONV08.usd	2026-05-26 08:21:19.186139+00	2026-05-26 08:21:19.186139+00	f
1b8e877a-babe-4fec-a1f2-4c14b430298e	40d45bff-c344-4aaa-b797-10667c1c4c63	c612f740-3638-47ab-a08e-fb1dbbc98549	id_Hand_Table_6MM_TAB13	{"pos_x": 0, "pos_y": 0, "pos_z": 0}	{"rot_yaw": 0, "rot_roll": 0, "rot_pitch": 0}	active	\N	Line_Library/ProdLine/L_MBD_SMT_B/Machine/id_Hand_Table_6MM_TAB13.usd	2026-05-07 09:46:53.746337+00	2026-05-21 10:55:16.093253+00	f
1c5d15cb-57fe-4211-b940-a8d66e810865	45b53c2d-c97c-46b5-a975-194fbd58865b	f31efd21-1b1c-4e05-b9f3-c1ed4f634e8e	id_CSM_JTAG_CS07	{"pos_x": 0, "pos_y": 0, "pos_z": 0}	{"rot_yaw": 0, "rot_roll": 0, "rot_pitch": 0}	active	\N	Line_Library/ProdLine/L_MBD_MMC/Machine/id_CSM_JTAG_CS07.usd	2026-05-21 07:43:10.705354+00	2026-05-21 10:55:16.093253+00	f
1c696d89-e72e-4d61-86ab-c63191eafa99	45b53c2d-c97c-46b5-a975-194fbd58865b	e5727683-65d4-4e57-b3cc-ec8d12e4cfb1	id_CS_MIDDLE_MID05	{"pos_x": 0, "pos_y": 0, "pos_z": 0}	{"rot_yaw": 0, "rot_roll": 0, "rot_pitch": 0}	active	\N	Line_Library/ProdLine/L_MBD_MMC/Machine/id_CS_MIDDLE_MID05.usd	2026-05-07 09:45:04.179442+00	2026-05-21 10:55:16.093253+00	f
1c86535a-5b64-4536-956e-4f3b406dc9dc	ef88adc1-1759-4b42-8338-f36a5a1c710c	b0266bf8-d800-4ca7-84a8-f6a00a40730b	id_CT_HOUM548ZPRL_02_ZPRL02	{"pos_x": 0, "pos_y": 0, "pos_z": 0}	{"rot_yaw": 0, "rot_roll": 0, "rot_pitch": 0}	active	\N	Line_Library/ProdLine/L_HST_Module/Machine/id_CT_HOUM548ZPRL_02_ZPRL02.usd	2026-05-26 08:21:19.186139+00	2026-05-26 08:21:19.186139+00	f
1caf6341-5d8d-4d92-ba64-ee67d83a91fb	410f00fb-11bf-4668-bcc1-42b86d4f24ca	be433db9-bb61-44a4-b255-321a4476c6f6	id_BorderLoading_BL01	{"pos_x": 0, "pos_y": 0, "pos_z": 0}	{"rot_yaw": 0, "rot_roll": 0, "rot_pitch": 0}	active	\N	Line_Library/ProdLine/L_MBD_OrichidBay/Machine/id_BorderLoading_BL01.usd	2026-05-21 09:22:15.150086+00	2026-05-21 10:55:16.093253+00	f
1cc8a987-ebfa-4f38-ba8d-2ae002f8bd6c	40d45bff-c344-4aaa-b797-10667c1c4c63	c612f740-3638-47ab-a08e-fb1dbbc98549	id_Table_TAB08	{"pos_x": 0, "pos_y": 0, "pos_z": 0}	{"rot_yaw": 0, "rot_roll": 0, "rot_pitch": 0}	active	\N	Line_Library/ProdLine/L_MBD_SMT_B/Machine/id_Table_TAB08.usd	2026-05-21 07:43:10.705354+00	2026-05-21 10:55:16.093253+00	f
1d0456ed-88a6-4ad0-ad4f-9601cd4c1bf8	17b6c640-8167-45d0-8790-df512eb54264	4bd6993b-8d20-4d28-b798-4e8a89623789	id_AUI_4000L_D_ROUT01	{"pos_x": 0, "pos_y": 0, "pos_z": 0}	{"rot_yaw": 0, "rot_roll": 0, "rot_pitch": 0}	active	\N	Line_Library/ProdLine/L_SMT_HST/Machine/id_AUI_4000L_D_ROUT01.usd	2026-05-26 07:25:31.427188+00	2026-05-26 08:21:19.186139+00	f
1d60548d-baaf-4eea-b590-b380607d590b	17b6c640-8167-45d0-8790-df512eb54264	a3c67e95-8c39-45df-8d79-d850381a7313	id_Panasonic_NPM_W2_PP09	{"pos_x": 0, "pos_y": 0, "pos_z": 0}	{"rot_yaw": 0, "rot_roll": 0, "rot_pitch": 0}	active	\N	Line_Library/ProdLine/L_SMT_HST/Machine/id_Panasonic_NPM_W2_PP09.usd	2026-05-26 07:25:31.427188+00	2026-05-26 08:21:19.186139+00	f
1d7a713b-9691-43af-a570-059d50c9de6e	ef88adc1-1759-4b42-8338-f36a5a1c710c	4327f21e-1a87-4f1b-9fd3-896687de76da	id_CT_HOUM548YH11_YH01	{"pos_x": 0, "pos_y": 0, "pos_z": 0}	{"rot_yaw": 0, "rot_roll": 0, "rot_pitch": 0}	active	\N	Line_Library/ProdLine/L_HST_Module/Machine/id_CT_HOUM548YH11_YH01.usd	2026-05-26 07:25:31.427188+00	2026-05-26 08:21:19.186139+00	f
1d9a5f68-248d-42de-923f-3b3e704405f4	21d5711b-b698-4404-bc1d-5793006c32b0	bcb91b63-51d2-4ee2-aacb-34fb2e681ff9	id_Packing_09_PACK10	{"pos_x": 0, "pos_y": 0, "pos_z": 0}	{"rot_yaw": 0, "rot_roll": 0, "rot_pitch": 0}	active	\N	Line_Library/ProdLine/L_MBD_PACKING01/Machine/id_Packing_09_PACK10.usd	2026-05-07 09:42:09.436986+00	2026-05-21 10:55:16.093253+00	f
1e407c2c-d990-416e-aa84-38d38c5635a9	21d5711b-b698-4404-bc1d-5793006c32b0	9a27b510-c73f-4df9-9c23-7b41d6e472b9	id_Packing_02_PACK02	{"pos_x": 0, "pos_y": 0, "pos_z": 0}	{"rot_yaw": 0, "rot_roll": 0, "rot_pitch": 0}	active	\N	Line_Library/ProdLine/L_MBD_PACKING01/Machine/id_Packing_02_PACK02.usd	2026-05-21 10:55:16.093253+00	2026-05-21 10:55:16.093253+00	f
1e413aab-62ae-47c4-afdb-03654112cea9	bc02465d-c0c4-4c04-8640-613acaf593a6	2a87557b-47a4-478e-b53c-80b7ace2b609	id_NPM_WX_CART_CART03	{"pos_x": 0, "pos_y": 0, "pos_z": 0}	{"rot_yaw": 0, "rot_roll": 0, "rot_pitch": 0}	active	\N	Line_Library/ProdLine/L_MBD_SMT/Machine/id_NPM_WX_CART_CART03.usd	2026-05-21 07:43:10.705354+00	2026-05-21 10:55:16.093253+00	f
1eb49caf-94ac-4a53-b20d-a1130cd3de42	2d1c9953-49bf-46a3-b378-671b6d81aa39	d2f661be-2dda-4b3f-a624-e2d4676f8e7d	id_CT_SORTTABLE_TAB02	{"pos_x": 0, "pos_y": 0, "pos_z": 0}	{"rot_yaw": 0, "rot_roll": 0, "rot_pitch": 0}	active	\N	Line_Library/ProdLine/L_MBD_MMC_2/Machine/id_CT_SORTTABLE_TAB02.usd	2026-05-07 09:49:48.806362+00	2026-05-21 10:55:16.093253+00	f
1ed75460-e1a7-426d-876b-e30209dccc5d	ba4d5f1a-9589-4cc2-801a-d0d969c4372d	c612f740-3638-47ab-a08e-fb1dbbc98549	id_Table_TAB10	{"pos_x": 0, "pos_y": 0, "pos_z": 0}	{"rot_yaw": 0, "rot_roll": 0, "rot_pitch": 0}	active	\N	Line_Library/ProdLine/L_MBD_SMT_B_2/Machine/id_Table_TAB10.usd	2026-05-08 01:01:06.751421+00	2026-05-21 10:55:16.093253+00	f
1f35ebe8-eb67-489b-9d7b-138d2f3600c8	21d5711b-b698-4404-bc1d-5793006c32b0	e52ed1f2-872c-4ff5-a26f-60a1b5cb8aac	id_roll_04_RO06	{"pos_x": 0, "pos_y": 0, "pos_z": 0}	{"rot_yaw": 0, "rot_roll": 0, "rot_pitch": 0}	active	\N	Line_Library/ProdLine/L_MBD_PACKING01/Machine/id_roll_04_RO06.usd	2026-05-07 09:23:04.073135+00	2026-05-21 10:55:16.093253+00	f
1fff3a2c-d3d3-4c2a-b0ce-4571d33b588c	21d5711b-b698-4404-bc1d-5793006c32b0	cc38493a-6e4c-45b8-b519-de1f4d2e01ef	id_Packing_08_PACK09	{"pos_x": 0, "pos_y": 0, "pos_z": 0}	{"rot_yaw": 0, "rot_roll": 0, "rot_pitch": 0}	active	\N	Line_Library/ProdLine/L_MBD_PACKING01/Machine/id_Packing_08_PACK09.usd	2026-05-21 10:55:16.093253+00	2026-05-21 10:55:16.093253+00	f
20088675-c4e5-40ab-a2a6-1505f7469ad8	8e51d14a-b6ca-4e5f-8e45-60690cdd51fa	8d56a91f-b16f-4381-8979-1dde2d7c459d	id_CT_HOPBHM_HM03	{"pos_x": 0, "pos_y": 0, "pos_z": 0}	{"rot_yaw": 0, "rot_roll": 0, "rot_pitch": 0}	active	\N	Line_Library/ProdLine/L_HST_PACK/Machine/id_CT_HOPBHM_HM03.usd	2026-05-26 06:55:40.18724+00	2026-05-26 06:55:40.18724+00	f
2018ed92-3f74-4fad-88bf-3e527454fcfb	45b53c2d-c97c-46b5-a975-194fbd58865b	e5727683-65d4-4e57-b3cc-ec8d12e4cfb1	id_CS_MIDDLE_MID03	{"pos_x": 0, "pos_y": 0, "pos_z": 0}	{"rot_yaw": 0, "rot_roll": 0, "rot_pitch": 0}	active	\N	Line_Library/ProdLine/L_MBD_MMC/Machine/id_CS_MIDDLE_MID03.usd	2026-05-08 01:01:06.751421+00	2026-05-21 10:55:16.093253+00	f
2052094a-14a5-4102-9e51-879c71a492ce	45b53c2d-c97c-46b5-a975-194fbd58865b	f31efd21-1b1c-4e05-b9f3-c1ed4f634e8e	id_CSM_JTAG_CS05	{"pos_x": 0, "pos_y": 0, "pos_z": 0}	{"rot_yaw": 0, "rot_roll": 0, "rot_pitch": 0}	active	\N	Line_Library/ProdLine/L_MBD_MMC/Machine/id_CSM_JTAG_CS05.usd	2026-05-07 09:49:48.806362+00	2026-05-21 10:55:16.093253+00	f
20a805b4-b8d9-49a1-8d2f-4a2ccade06f9	ef88adc1-1759-4b42-8338-f36a5a1c710c	81451407-bbf6-4287-b218-498266b09834	id_CT_HOUM548DRJ2_DRJ08	{"pos_x": 0, "pos_y": 0, "pos_z": 0}	{"rot_yaw": 0, "rot_roll": 0, "rot_pitch": 0}	active	\N	Line_Library/ProdLine/L_HST_Module/Machine/id_CT_HOUM548DRJ2_DRJ08.usd	2026-05-26 06:55:40.18724+00	2026-05-26 08:21:19.186139+00	f
2110b44e-65d0-40f6-b8fc-b6a7ccc68872	bc02465d-c0c4-4c04-8640-613acaf593a6	2a87557b-47a4-478e-b53c-80b7ace2b609	id_NPM_WX_CART_CART06	{"pos_x": 0, "pos_y": 0, "pos_z": 0}	{"rot_yaw": 0, "rot_roll": 0, "rot_pitch": 0}	active	\N	Line_Library/ProdLine/L_MBD_SMT/Machine/id_NPM_WX_CART_CART06.usd	2026-05-07 09:42:09.436986+00	2026-05-21 10:55:16.093253+00	f
212d0336-6acf-4de4-a178-39cedbf8bcdb	2d1c9953-49bf-46a3-b378-671b6d81aa39	a1e7f600-f6af-45c2-b059-8cf48cb0208e	id_X8VFICassettes_VFI04	{"pos_x": 0, "pos_y": 0, "pos_z": 0}	{"rot_yaw": 0, "rot_roll": 0, "rot_pitch": 0}	active	\N	Line_Library/ProdLine/L_MBD_MMC_2/Machine/id_X8VFICassettes_VFI04.usd	2026-05-08 01:01:06.751421+00	2026-05-21 10:55:16.093253+00	f
213a3db6-66d3-476e-b77c-807cf7669935	17b6c640-8167-45d0-8790-df512eb54264	83cda1a4-499c-444f-a005-b13f2c3756c5	id_NeoHorizon_03ix_SP01	{"pos_x": 0, "pos_y": 0, "pos_z": 0}	{"rot_yaw": 0, "rot_roll": 0, "rot_pitch": 0}	active	\N	Line_Library/ProdLine/L_SMT_HST/Machine/id_NeoHorizon_03ix_SP01.usd	2026-05-26 07:25:31.427188+00	2026-05-26 08:21:19.186139+00	f
214153f8-d7cf-4370-bc3a-e10488a9de25	21d5711b-b698-4404-bc1d-5793006c32b0	12b9d84f-0869-4162-b0dd-818dba829fef	id_Packing_06_PACK06	{"pos_x": 0, "pos_y": 0, "pos_z": 0}	{"rot_yaw": 0, "rot_roll": 0, "rot_pitch": 0}	active	\N	Line_Library/ProdLine/L_MBD_PACKING01/Machine/id_Packing_06_PACK06.usd	2026-05-21 10:55:16.093253+00	2026-05-21 10:55:16.093253+00	f
21624003-cc1b-4d9f-90eb-4a081528039f	40d45bff-c344-4aaa-b797-10667c1c4c63	7f1cd83c-bf21-42a7-b64b-15c6fda162ad	id_VT_360SAM_P_VT02	{"pos_x": 0, "pos_y": 0, "pos_z": 0}	{"rot_yaw": 0, "rot_roll": 0, "rot_pitch": 0}	active	\N	Line_Library/ProdLine/L_MBD_SMT_B/Machine/id_VT_360SAM_P_VT02.usd	2026-05-21 07:43:10.705354+00	2026-05-21 10:55:16.093253+00	f
2171cf7e-92f0-4d96-89a8-fd3849243c22	45b53c2d-c97c-46b5-a975-194fbd58865b	e5727683-65d4-4e57-b3cc-ec8d12e4cfb1	id_CS_MIDDLE_MID02	{"pos_x": 0, "pos_y": 0, "pos_z": 0}	{"rot_yaw": 0, "rot_roll": 0, "rot_pitch": 0}	active	\N	Line_Library/ProdLine/L_MBD_MMC/Machine/id_CS_MIDDLE_MID02.usd	2026-05-21 07:43:10.705354+00	2026-05-21 10:55:16.093253+00	f
21834ddd-a70f-4785-8e2d-d40d7620f2a3	ef88adc1-1759-4b42-8338-f36a5a1c710c	81451407-bbf6-4287-b218-498266b09834	id_CT_HOUM548DRJ2_DRJ01	{"pos_x": 0, "pos_y": 0, "pos_z": 0}	{"rot_yaw": 0, "rot_roll": 0, "rot_pitch": 0}	active	\N	Line_Library/ProdLine/L_HST_Module/Machine/id_CT_HOUM548DRJ2_DRJ01.usd	2026-05-26 07:25:31.427188+00	2026-05-26 08:21:19.186139+00	f
219cef4c-8aa0-46c2-a97c-f2d997fd49c7	45b53c2d-c97c-46b5-a975-194fbd58865b	c065e82d-3c02-409b-84b1-ffa9f03af1be	id_CT_SORTCV_CV05	{"pos_x": 0, "pos_y": 0, "pos_z": 0}	{"rot_yaw": 0, "rot_roll": 0, "rot_pitch": 0}	active	\N	Line_Library/ProdLine/L_MBD_MMC/Machine/id_CT_SORTCV_CV05.usd	2026-05-21 07:43:10.705354+00	2026-05-21 10:55:16.093253+00	f
21d324a6-0f31-4b60-ae03-d58067bc8c72	21d5711b-b698-4404-bc1d-5793006c32b0	e52ed1f2-872c-4ff5-a26f-60a1b5cb8aac	id_roll_04_RO04	{"pos_x": 0, "pos_y": 0, "pos_z": 0}	{"rot_yaw": 0, "rot_roll": 0, "rot_pitch": 0}	active	\N	Line_Library/ProdLine/L_MBD_PACKING01/Machine/id_roll_04_RO04.usd	2026-05-07 09:42:09.436986+00	2026-05-21 10:55:16.093253+00	f
21dc0d5b-f59c-4fef-adff-db98d695af96	2d1c9953-49bf-46a3-b378-671b6d81aa39	c065e82d-3c02-409b-84b1-ffa9f03af1be	id_CT_SORTCV_CV04	{"pos_x": 0, "pos_y": 0, "pos_z": 0}	{"rot_yaw": 0, "rot_roll": 0, "rot_pitch": 0}	active	\N	Line_Library/ProdLine/L_MBD_MMC_2/Machine/id_CT_SORTCV_CV04.usd	2026-05-08 01:01:06.751421+00	2026-05-21 10:55:16.093253+00	f
226763a0-3ce8-40c8-bcdd-cde61acb1283	17b6c640-8167-45d0-8790-df512eb54264	a3c67e95-8c39-45df-8d79-d850381a7313	id_Panasonic_NPM_W2_PP17	{"pos_x": 0, "pos_y": 0, "pos_z": 0}	{"rot_yaw": 0, "rot_roll": 0, "rot_pitch": 0}	active	\N	Line_Library/ProdLine/L_SMT_HST/Machine/id_Panasonic_NPM_W2_PP17.usd	2026-05-26 08:21:19.186139+00	2026-05-26 08:21:19.186139+00	f
22701b06-84a6-4b30-84d8-b0a1856b09d3	ef88adc1-1759-4b42-8338-f36a5a1c710c	4f33015a-306a-4362-b43b-c70fb840c7d7	id_CT_HOUM548PCB_PCB01	{"pos_x": 0, "pos_y": 0, "pos_z": 0}	{"rot_yaw": 0, "rot_roll": 0, "rot_pitch": 0}	active	\N	Line_Library/ProdLine/L_HST_Module/Machine/id_CT_HOUM548PCB_PCB01.usd	2026-05-26 08:21:19.186139+00	2026-05-26 08:21:19.186139+00	f
234a2da0-3834-47a6-94e0-2d50e90a754f	45b53c2d-c97c-46b5-a975-194fbd58865b	d040abfd-6528-42aa-8c2b-65a4af7d0213	id_MMC_MMC02	{"pos_x": 0, "pos_y": 0, "pos_z": 0}	{"rot_yaw": 0, "rot_roll": 0, "rot_pitch": 0}	active	\N	Line_Library/ProdLine/L_MBD_MMC/Machine/id_MMC_MMC02.usd	2026-05-07 09:17:38.945902+00	2026-05-21 10:55:16.093253+00	f
2376686f-ec9a-4a10-8534-18343779b792	17b6c640-8167-45d0-8790-df512eb54264	a3c67e95-8c39-45df-8d79-d850381a7313	id_Panasonic_NPM_W2_PP02	{"pos_x": 0, "pos_y": 0, "pos_z": 0}	{"rot_yaw": 0, "rot_roll": 0, "rot_pitch": 0}	active	\N	Line_Library/ProdLine/L_SMT_HST/Machine/id_Panasonic_NPM_W2_PP02.usd	2026-05-26 08:21:19.186139+00	2026-05-26 08:21:19.186139+00	f
23b5810d-90b9-487e-bf8c-c15ac0b1179f	2d1c9953-49bf-46a3-b378-671b6d81aa39	d2f661be-2dda-4b3f-a624-e2d4676f8e7d	id_CT_SORTTABLE_TAB14	{"pos_x": 0, "pos_y": 0, "pos_z": 0}	{"rot_yaw": 0, "rot_roll": 0, "rot_pitch": 0}	active	\N	Line_Library/ProdLine/L_MBD_MMC_2/Machine/id_CT_SORTTABLE_TAB14.usd	2026-05-08 01:01:06.751421+00	2026-05-21 10:55:16.093253+00	f
241a1ae2-20da-484d-93e2-8a206dad68dd	45b53c2d-c97c-46b5-a975-194fbd58865b	b3b239da-a72c-489f-9251-207720232ee5	id_MPOMMCVFI_VFI03	{"pos_x": 0, "pos_y": 0, "pos_z": 0}	{"rot_yaw": 0, "rot_roll": 0, "rot_pitch": 0}	active	\N	Line_Library/ProdLine/L_MBD_MMC/Machine/id_MPOMMCVFI_VFI03.usd	2026-05-07 09:49:48.806362+00	2026-05-21 10:55:16.093253+00	f
2434e50c-3a70-4c5e-bfb7-d9bf590f959d	17b6c640-8167-45d0-8790-df512eb54264	d9a4e774-00c5-4e6f-b48a-ebfca8ded56a	id_YSF_VEX6_YSF_VEX7_VX01	{"pos_x": 0, "pos_y": 0, "pos_z": 0}	{"rot_yaw": 0, "rot_roll": 0, "rot_pitch": 0}	active	\N	Line_Library/ProdLine/L_SMT_HST/Machine/id_YSF_VEX6_YSF_VEX7_VX01.usd	2026-05-26 07:25:31.427188+00	2026-05-26 08:21:19.186139+00	f
2462e944-5420-47c8-a8b9-f5f3a7313a13	2d1c9953-49bf-46a3-b378-671b6d81aa39	d040abfd-6528-42aa-8c2b-65a4af7d0213	id_MMC_MMC06	{"pos_x": 0, "pos_y": 0, "pos_z": 0}	{"rot_yaw": 0, "rot_roll": 0, "rot_pitch": 0}	active	\N	Line_Library/ProdLine/L_MBD_MMC_2/Machine/id_MMC_MMC06.usd	2026-05-21 07:43:10.705354+00	2026-05-21 10:55:16.093253+00	f
24637238-1101-43e6-97e1-88748a0e810b	34b9b409-d832-4a5d-b434-235984cf391c	c612f740-3638-47ab-a08e-fb1dbbc98549	id_Table_TAB10	{"pos_x": 0, "pos_y": 0, "pos_z": 0}	{"rot_yaw": 0, "rot_roll": 0, "rot_pitch": 0}	active	\N	Line_Library/ProdLine/L_MBD_SMT_B_2_NEW/Machine/id_Table_TAB10.usd	2026-05-07 09:46:53.746337+00	2026-05-21 10:55:16.093253+00	f
2510c106-2529-45d0-bdd2-bbbf46c43661	45b53c2d-c97c-46b5-a975-194fbd58865b	d2f661be-2dda-4b3f-a624-e2d4676f8e7d	id_CT_SORTTABLE_TAB02	{"pos_x": 0, "pos_y": 0, "pos_z": 0}	{"rot_yaw": 0, "rot_roll": 0, "rot_pitch": 0}	active	\N	Line_Library/ProdLine/L_MBD_MMC/Machine/id_CT_SORTTABLE_TAB02.usd	2026-05-07 09:36:37.983483+00	2026-05-21 10:55:16.093253+00	f
25548a0f-22b0-4b43-8510-50558e2d9281	45b53c2d-c97c-46b5-a975-194fbd58865b	c065e82d-3c02-409b-84b1-ffa9f03af1be	id_CT_SORTCV_CV11	{"pos_x": 0, "pos_y": 0, "pos_z": 0}	{"rot_yaw": 0, "rot_roll": 0, "rot_pitch": 0}	active	\N	Line_Library/ProdLine/L_MBD_MMC/Machine/id_CT_SORTCV_CV11.usd	2026-05-07 09:36:37.983483+00	2026-05-21 10:55:16.093253+00	f
256ade80-f425-4b76-8bde-2e96c312fc88	45b53c2d-c97c-46b5-a975-194fbd58865b	c065e82d-3c02-409b-84b1-ffa9f03af1be	id_CT_SORTCV_CV01	{"pos_x": 0, "pos_y": 0, "pos_z": 0}	{"rot_yaw": 0, "rot_roll": 0, "rot_pitch": 0}	active	\N	Line_Library/ProdLine/L_MBD_MMC/Machine/id_CT_SORTCV_CV01.usd	2026-05-08 01:01:06.751421+00	2026-05-21 10:55:16.093253+00	f
25907ba9-5809-4f8f-8572-cac1d0bc9cec	ef88adc1-1759-4b42-8338-f36a5a1c710c	306a8265-3999-4fdf-9769-a78e3879b1cf	id_CT_HOUM548BSSC20_BSSC01	{"pos_x": 0, "pos_y": 0, "pos_z": 0}	{"rot_yaw": 0, "rot_roll": 0, "rot_pitch": 0}	active	\N	Line_Library/ProdLine/L_HST_Module/Machine/id_CT_HOUM548BSSC20_BSSC01.usd	2026-05-26 06:55:40.18724+00	2026-05-26 08:21:19.186139+00	f
25e0e0d8-00a7-47ae-ae43-451904d0f71a	45b53c2d-c97c-46b5-a975-194fbd58865b	b3b239da-a72c-489f-9251-207720232ee5	id_VFI_VFI01	{"pos_x": 0, "pos_y": 0, "pos_z": 0}	{"rot_yaw": 0, "rot_roll": 0, "rot_pitch": 0}	active	\N	Line_Library/ProdLine/L_MBD_MMC/Machine/id_VFI_VFI01.usd	2026-05-07 09:42:09.436986+00	2026-05-21 10:55:16.093253+00	f
269621fb-7de7-4014-bd7c-df641696b6b8	45b53c2d-c97c-46b5-a975-194fbd58865b	f31efd21-1b1c-4e05-b9f3-c1ed4f634e8e	id_CSM_JTAG_CS12	{"pos_x": 0, "pos_y": 0, "pos_z": 0}	{"rot_yaw": 0, "rot_roll": 0, "rot_pitch": 0}	active	\N	Line_Library/ProdLine/L_MBD_MMC/Machine/id_CSM_JTAG_CS12.usd	2026-05-21 07:43:10.705354+00	2026-05-21 10:55:16.093253+00	f
27219040-3f27-434f-8e3c-09318cfc9e0e	e24f112b-036b-4435-9117-ade3c6d73c59	e52ed1f2-872c-4ff5-a26f-60a1b5cb8aac	id_Roll_04_RO05	{"pos_x": 0, "pos_y": 0, "pos_z": 0}	{"rot_yaw": 0, "rot_roll": 0, "rot_pitch": 0}	active	\N	Line_Library/ProdLine/L_MBD_PACKING/Machine/id_Roll_04_RO05.usd	2026-05-07 09:36:37.983483+00	2026-05-21 10:55:16.093253+00	f
273bb001-8a59-490e-96c0-4d8c9c82c8da	ba4d5f1a-9589-4cc2-801a-d0d969c4372d	8752e4b4-417b-4db8-9572-a36b8c5140a3	id_IJETC7L_JET02	{"pos_x": 0, "pos_y": 0, "pos_z": 0}	{"rot_yaw": 0, "rot_roll": 0, "rot_pitch": 0}	active	\N	Line_Library/ProdLine/L_MBD_SMT_B_2/Machine/id_IJETC7L_JET02.usd	2026-05-05 10:10:28.952584+00	2026-05-21 10:55:16.093253+00	f
277778d2-f1c4-45c6-9adb-291bb872924b	ef88adc1-1759-4b42-8338-f36a5a1c710c	81451407-bbf6-4287-b218-498266b09834	id_CT_HOUM548DRJ2_DRJ06	{"pos_x": 0, "pos_y": 0, "pos_z": 0}	{"rot_yaw": 0, "rot_roll": 0, "rot_pitch": 0}	active	\N	Line_Library/ProdLine/L_HST_Module/Machine/id_CT_HOUM548DRJ2_DRJ06.usd	2026-05-26 07:25:31.427188+00	2026-05-26 08:21:19.186139+00	f
27bb8c99-9607-42ed-9694-fba435b70f1e	5e868af6-988e-4fca-ad2c-32c6466ba368	285499b0-c983-4e4d-aa6b-3cf89a2f499e	id_SPI_FAG_OWL_AOI01	{"pos_x": 0, "pos_y": 0, "pos_z": 0}	{"rot_yaw": 0, "rot_roll": 0, "rot_pitch": 0}	active	\N	Line_Library/ProdLine/L_MBD_SMT_A/Machine/id_SPI_FAG_OWL_AOI01.usd	2026-05-07 09:46:53.746337+00	2026-05-21 10:55:16.093253+00	f
27d291a6-90f3-4392-ad43-bb90b9ceaf18	ef88adc1-1759-4b42-8338-f36a5a1c710c	def2400a-e6c6-4531-bf62-a372b0ac6d47	id_CT_HOUM548HM_HM02	{"pos_x": 0, "pos_y": 0, "pos_z": 0}	{"rot_yaw": 0, "rot_roll": 0, "rot_pitch": 0}	active	\N	Line_Library/ProdLine/L_HST_Module/Machine/id_CT_HOUM548HM_HM02.usd	2026-05-26 08:21:19.186139+00	2026-05-26 08:21:19.186139+00	f
27df6a45-a73b-4d03-bd2d-dfee41b77f17	2d1c9953-49bf-46a3-b378-671b6d81aa39	d2f661be-2dda-4b3f-a624-e2d4676f8e7d	id_CT_SORTTABLE_TAB01	{"pos_x": 0, "pos_y": 0, "pos_z": 0}	{"rot_yaw": 0, "rot_roll": 0, "rot_pitch": 0}	active	\N	Line_Library/ProdLine/L_MBD_MMC_2/Machine/id_CT_SORTTABLE_TAB01.usd	2026-05-07 09:17:38.945902+00	2026-05-21 10:55:16.093253+00	f
27ee75ff-e347-4721-841e-f6c549fc4259	45b53c2d-c97c-46b5-a975-194fbd58865b	d040abfd-6528-42aa-8c2b-65a4af7d0213	id_MMC_MMC06	{"pos_x": 0, "pos_y": 0, "pos_z": 0}	{"rot_yaw": 0, "rot_roll": 0, "rot_pitch": 0}	active	\N	Line_Library/ProdLine/L_MBD_MMC/Machine/id_MMC_MMC06.usd	2026-05-21 09:22:15.150086+00	2026-05-21 10:55:16.093253+00	f
27f95c5e-e042-4db7-a04d-67b4b9cd5317	e24f112b-036b-4435-9117-ade3c6d73c59	e52ed1f2-872c-4ff5-a26f-60a1b5cb8aac	id_Roll_04_RO04	{"pos_x": 0, "pos_y": 0, "pos_z": 0}	{"rot_yaw": 0, "rot_roll": 0, "rot_pitch": 0}	active	\N	Line_Library/ProdLine/L_MBD_PACKING/Machine/id_Roll_04_RO04.usd	2026-05-07 09:45:04.179442+00	2026-05-21 10:55:16.093253+00	f
2836486c-ddf5-4204-8d3d-ab5449d6eaf5	2d1c9953-49bf-46a3-b378-671b6d81aa39	d040abfd-6528-42aa-8c2b-65a4af7d0213	id_MMC_MMC03	{"pos_x": 0, "pos_y": 0, "pos_z": 0}	{"rot_yaw": 0, "rot_roll": 0, "rot_pitch": 0}	active	\N	Line_Library/ProdLine/L_MBD_MMC_2/Machine/id_MMC_MMC03.usd	2026-05-07 09:46:53.746337+00	2026-05-21 10:55:16.093253+00	f
2847c284-9dcb-4716-b4a2-6c4decfd41dc	17b6c640-8167-45d0-8790-df512eb54264	a3c67e95-8c39-45df-8d79-d850381a7313	id_Panasonic_NPM_W2_PP11	{"pos_x": 0, "pos_y": 0, "pos_z": 0}	{"rot_yaw": 0, "rot_roll": 0, "rot_pitch": 0}	active	\N	Line_Library/ProdLine/L_SMT_HST/Machine/id_Panasonic_NPM_W2_PP11.usd	2026-05-26 07:25:31.427188+00	2026-05-26 08:21:19.186139+00	f
285ee78b-56ab-449f-8b77-e7e5122ae198	4020acff-2746-4f0b-a2f1-a03bdd11b567	ba2e1ff8-e441-4e28-9339-0bbd44d1017c	id_PCBA_ScrewFastening_PS02	{"pos_x": 0, "pos_y": 0, "pos_z": 0}	{"rot_yaw": 0, "rot_roll": 0, "rot_pitch": 0}	active	\N	Line_Library/ProdLine/L_MBD_Orichid/Machine/id_PCBA_ScrewFastening_PS02.usd	2026-05-21 09:22:15.150086+00	2026-05-21 10:55:16.093253+00	f
286d4be2-f5f8-4d0e-b38a-10230d57ff91	bc02465d-c0c4-4c04-8640-613acaf593a6	c612f740-3638-47ab-a08e-fb1dbbc98549	id_Hand_Table_6MM_TAB06	{"pos_x": 0, "pos_y": 0, "pos_z": 0}	{"rot_yaw": 0, "rot_roll": 0, "rot_pitch": 0}	active	\N	Line_Library/ProdLine/L_MBD_SMT/Machine/id_Hand_Table_6MM_TAB06.usd	2026-05-07 09:23:04.073135+00	2026-05-21 10:55:16.093253+00	f
28d12a87-a4a9-4fc6-ab6e-99378cf4ea52	45b53c2d-c97c-46b5-a975-194fbd58865b	d040abfd-6528-42aa-8c2b-65a4af7d0213	id_MMC_MMC03	{"pos_x": 0, "pos_y": 0, "pos_z": 0}	{"rot_yaw": 0, "rot_roll": 0, "rot_pitch": 0}	active	\N	Line_Library/ProdLine/L_MBD_MMC/Machine/id_MMC_MMC03.usd	2026-05-07 09:36:37.983483+00	2026-05-21 10:55:16.093253+00	f
28e8b7b6-4c1f-4a92-badc-59d025eea185	4020acff-2746-4f0b-a2f1-a03bdd11b567	70b75038-48ea-4fc4-8a58-7eb2347c71e9	id_PCB_BOARD_AOI_AOI01	{"pos_x": 0, "pos_y": 0, "pos_z": 0}	{"rot_yaw": 0, "rot_roll": 0, "rot_pitch": 0}	active	\N	Line_Library/ProdLine/L_MBD_Orichid/Machine/id_PCB_BOARD_AOI_AOI01.usd	2026-05-07 09:45:04.179442+00	2026-05-21 10:55:16.093253+00	f
28f928ba-8f43-4d3d-95cf-4166ffcaa1e5	ef88adc1-1759-4b42-8338-f36a5a1c710c	6a829ebc-3ebd-4afd-830d-b55ba4a68373	id_CT_HOUM548TPSL_R_BF01	{"pos_x": 0, "pos_y": 0, "pos_z": 0}	{"rot_yaw": 0, "rot_roll": 0, "rot_pitch": 0}	active	\N	Line_Library/ProdLine/L_HST_Module/Machine/id_CT_HOUM548TPSL_R_BF01.usd	2026-05-26 07:25:31.427188+00	2026-05-26 08:21:19.186139+00	f
292d69db-9404-410e-bdfd-5285dd93fd80	5e868af6-988e-4fca-ad2c-32c6466ba368	ea965d8b-4ad7-44c3-b3b5-422beacfaac1	id_G_Ace500_ACE01	{"pos_x": 0, "pos_y": 0, "pos_z": 0}	{"rot_yaw": 0, "rot_roll": 0, "rot_pitch": 0}	active	\N	Line_Library/ProdLine/L_MBD_SMT_A/Machine/id_G_Ace500_ACE01.usd	2026-05-07 09:42:09.436986+00	2026-05-21 10:55:16.093253+00	f
29525e64-587e-4090-9cb6-2804b025304b	21d5711b-b698-4404-bc1d-5793006c32b0	dc219ba6-70b0-4596-b7f4-a5da3f5cf094	id_Packing_07_PACK07	{"pos_x": 0, "pos_y": 0, "pos_z": 0}	{"rot_yaw": 0, "rot_roll": 0, "rot_pitch": 0}	active	\N	Line_Library/ProdLine/L_MBD_PACKING01/Machine/id_Packing_07_PACK07.usd	2026-05-07 09:45:04.179442+00	2026-05-21 10:55:16.093253+00	f
2996edf7-95b3-4750-93cc-77eb5f3ef379	fab31a7c-7b3a-4f1a-9461-daad8130beaf	4e138e53-3fc2-4621-9d08-16b7620cf689	id_FCCATMH100_TAKE01	{"pos_x": 0, "pos_y": 0, "pos_z": 0}	{"rot_yaw": 0, "rot_roll": 0, "rot_pitch": 0}	active	\N	Line_Library/ProdLine/L_MBD_6S/Machine/id_FCCATMH100_TAKE01.usd	2026-05-21 07:43:10.705354+00	2026-05-21 10:55:16.093253+00	f
29a6a8ce-17c6-4f0a-b3a4-ddea0bf1984c	bc02465d-c0c4-4c04-8640-613acaf593a6	c612f740-3638-47ab-a08e-fb1dbbc98549	id_Hand_Table_6MM_TAB05	{"pos_x": 0, "pos_y": 0, "pos_z": 0}	{"rot_yaw": 0, "rot_roll": 0, "rot_pitch": 0}	active	\N	Line_Library/ProdLine/L_MBD_SMT/Machine/id_Hand_Table_6MM_TAB05.usd	2026-05-21 09:26:42.97166+00	2026-05-21 10:55:16.093253+00	f
2a826656-1c57-43a5-979e-00c4dec9c226	5e868af6-988e-4fca-ad2c-32c6466ba368	be80fd6e-8e10-4686-8e56-16b0875d798a	id_EMA2064_EM01	{"pos_x": 0, "pos_y": 0, "pos_z": 0}	{"rot_yaw": 0, "rot_roll": 0, "rot_pitch": 0}	active	\N	Line_Library/ProdLine/L_MBD_SMT_A/Machine/id_EMA2064_EM01.usd	2026-05-21 10:55:16.093253+00	2026-05-21 10:55:16.093253+00	f
2aff0860-0b25-4901-aa16-1702b0fc706c	4020acff-2746-4f0b-a2f1-a03bdd11b567	ee0f943c-6521-4c8c-a95c-3edc1d1a476f	id_BoardLoading_PCBA_BL01	{"pos_x": 0, "pos_y": 0, "pos_z": 0}	{"rot_yaw": 0, "rot_roll": 0, "rot_pitch": 0}	active	\N	Line_Library/ProdLine/L_MBD_Orichid/Machine/id_BoardLoading_PCBA_BL01.usd	2026-05-07 09:17:38.945902+00	2026-05-21 10:55:16.093253+00	f
2b71c34b-804a-4aa3-97c0-8bc8738010f9	17b6c640-8167-45d0-8790-df512eb54264	4099a90c-4677-4b7d-ab1d-be76b7a694c0	id_SWT_200A_CONV021	{"pos_x": 0, "pos_y": 0, "pos_z": 0}	{"rot_yaw": 0, "rot_roll": 0, "rot_pitch": 0}	active	\N	Line_Library/ProdLine/L_SMT_HST/Machine/id_SWT_200A_CONV021.usd	2026-05-26 07:25:31.427188+00	2026-05-26 08:21:19.186139+00	f
2cc9074f-4189-4741-92b4-f4891b1cb4a3	17b6c640-8167-45d0-8790-df512eb54264	4099a90c-4677-4b7d-ab1d-be76b7a694c0	id_SWT_200A_CONV05	{"pos_x": 0, "pos_y": 0, "pos_z": 0}	{"rot_yaw": 0, "rot_roll": 0, "rot_pitch": 0}	active	\N	Line_Library/ProdLine/L_SMT_HST/Machine/id_SWT_200A_CONV05.usd	2026-05-26 07:25:31.427188+00	2026-05-26 08:21:19.186139+00	f
2d421bdf-0511-4b01-96c0-c432c5125da2	8e51d14a-b6ca-4e5f-8e45-60690cdd51fa	8d56a91f-b16f-4381-8979-1dde2d7c459d	id_CT_HOPBHM_HM04	{"pos_x": 0, "pos_y": 0, "pos_z": 0}	{"rot_yaw": 0, "rot_roll": 0, "rot_pitch": 0}	active	\N	Line_Library/ProdLine/L_HST_PACK/Machine/id_CT_HOPBHM_HM04.usd	2026-05-19 07:55:43.363664+00	2026-05-26 06:55:40.18724+00	f
2d58c685-7cd4-4600-ac39-da211da4a791	2d1c9953-49bf-46a3-b378-671b6d81aa39	d040abfd-6528-42aa-8c2b-65a4af7d0213	id_MMC_MMC01	{"pos_x": 0, "pos_y": 0, "pos_z": 0}	{"rot_yaw": 0, "rot_roll": 0, "rot_pitch": 0}	active	\N	Line_Library/ProdLine/L_MBD_MMC_2/Machine/id_MMC_MMC01.usd	2026-05-07 09:42:09.436986+00	2026-05-21 10:55:16.093253+00	f
2d6134e5-f993-48e8-a6be-10782bcab866	ef88adc1-1759-4b42-8338-f36a5a1c710c	4327f21e-1a87-4f1b-9fd3-896687de76da	id_CT_HOUM548YH11_YH02	{"pos_x": 0, "pos_y": 0, "pos_z": 0}	{"rot_yaw": 0, "rot_roll": 0, "rot_pitch": 0}	active	\N	Line_Library/ProdLine/L_HST_Module/Machine/id_CT_HOUM548YH11_YH02.usd	2026-05-26 08:21:19.186139+00	2026-05-26 08:21:19.186139+00	f
2dfd2eef-7883-405f-9124-119b1be1b874	45b53c2d-c97c-46b5-a975-194fbd58865b	c065e82d-3c02-409b-84b1-ffa9f03af1be	id_CT_SORTCV_CV08	{"pos_x": 0, "pos_y": 0, "pos_z": 0}	{"rot_yaw": 0, "rot_roll": 0, "rot_pitch": 0}	active	\N	Line_Library/ProdLine/L_MBD_MMC/Machine/id_CT_SORTCV_CV08.usd	2026-05-07 09:42:09.436986+00	2026-05-21 10:55:16.093253+00	f
2e4275e5-06d1-4627-9b7e-17bead649855	21d5711b-b698-4404-bc1d-5793006c32b0	01c6dec0-b409-46be-b683-c6a9294ad9cb	id_roll_01_RO01	{"pos_x": 0, "pos_y": 0, "pos_z": 0}	{"rot_yaw": 0, "rot_roll": 0, "rot_pitch": 0}	active	\N	Line_Library/ProdLine/L_MBD_PACKING01/Machine/id_roll_01_RO01.usd	2026-05-07 09:42:09.436986+00	2026-05-21 10:55:16.093253+00	f
2ee99023-cac2-4c90-ac57-3343ff478330	5e868af6-988e-4fca-ad2c-32c6466ba368	c612f740-3638-47ab-a08e-fb1dbbc98549	id_Hand_Table_6MM_TAB07	{"pos_x": 0, "pos_y": 0, "pos_z": 0}	{"rot_yaw": 0, "rot_roll": 0, "rot_pitch": 0}	active	\N	Line_Library/ProdLine/L_MBD_SMT_A/Machine/id_Hand_Table_6MM_TAB07.usd	2026-05-07 09:46:53.746337+00	2026-05-21 10:55:16.093253+00	f
2eed06ff-483b-445a-b309-cc8b10f99a5f	8e51d14a-b6ca-4e5f-8e45-60690cdd51fa	01d17246-4188-47d6-ab4c-faedad2b6dcf	id_CT_HOPBHM_C_HM06	{"pos_x": 0, "pos_y": 0, "pos_z": 0}	{"rot_yaw": 0, "rot_roll": 0, "rot_pitch": 0}	active	\N	Line_Library/ProdLine/L_HST_PACK/Machine/id_CT_HOPBHM_C_HM06.usd	2026-05-19 08:13:41.028526+00	2026-05-26 06:55:40.18724+00	f
2f0cd68e-116a-408c-a8b4-67fccfa66199	ef88adc1-1759-4b42-8338-f36a5a1c710c	81451407-bbf6-4287-b218-498266b09834	id_CT_HOUM548DRJ2_DRJ03	{"pos_x": 0, "pos_y": 0, "pos_z": 0}	{"rot_yaw": 0, "rot_roll": 0, "rot_pitch": 0}	active	\N	Line_Library/ProdLine/L_HST_Module/Machine/id_CT_HOUM548DRJ2_DRJ03.usd	2026-05-26 08:21:19.186139+00	2026-05-26 08:21:19.186139+00	f
2f345690-ae0e-41a4-992e-c4a9fbfb4182	40d45bff-c344-4aaa-b797-10667c1c4c63	268de675-728f-48d8-9fc7-556c6214107a	id_FLYTAKE_TAKE01	{"pos_x": 0, "pos_y": 0, "pos_z": 0}	{"rot_yaw": 0, "rot_roll": 0, "rot_pitch": 0}	active	\N	Line_Library/ProdLine/L_MBD_SMT_B/Machine/id_FLYTAKE_TAKE01.usd	2026-05-07 09:42:09.436986+00	2026-05-21 10:55:16.093253+00	f
2f4ecd21-cd03-4985-902f-78d9fcefbf2e	45b53c2d-c97c-46b5-a975-194fbd58865b	c065e82d-3c02-409b-84b1-ffa9f03af1be	id_CT_SORTCV_CV12	{"pos_x": 0, "pos_y": 0, "pos_z": 0}	{"rot_yaw": 0, "rot_roll": 0, "rot_pitch": 0}	active	\N	Line_Library/ProdLine/L_MBD_MMC/Machine/id_CT_SORTCV_CV12.usd	2026-05-07 09:45:04.179442+00	2026-05-21 10:55:16.093253+00	f
300d2cac-70aa-4dbe-89fb-fa03b48f480e	17b6c640-8167-45d0-8790-df512eb54264	a3c67e95-8c39-45df-8d79-d850381a7313	id_Panasonic_NPM_W2_PP08	{"pos_x": 0, "pos_y": 0, "pos_z": 0}	{"rot_yaw": 0, "rot_roll": 0, "rot_pitch": 0}	active	\N	Line_Library/ProdLine/L_SMT_HST/Machine/id_Panasonic_NPM_W2_PP08.usd	2026-05-26 08:21:19.186139+00	2026-05-26 08:21:19.186139+00	f
30bc45ad-580b-46e3-8ea1-f14da9ba69da	8e51d14a-b6ca-4e5f-8e45-60690cdd51fa	93d64d07-df75-4f3a-a3f3-20d88e47a3fc	id_CT_HST_Pack_Trolley_TR02	{"pos_x": 0, "pos_y": 0, "pos_z": 0}	{"rot_yaw": 0, "rot_roll": 0, "rot_pitch": 0}	active	\N	Line_Library/ProdLine/L_HST_PACK/Machine/id_CT_HST_Pack_Trolley_TR02.usd	2026-05-19 07:55:43.363664+00	2026-05-26 06:55:40.18724+00	f
30cd4b30-689f-4910-b597-519d05318ea5	e24f112b-036b-4435-9117-ade3c6d73c59	cc38493a-6e4c-45b8-b519-de1f4d2e01ef	id_Packing_08_PACK09	{"pos_x": 0, "pos_y": 0, "pos_z": 0}	{"rot_yaw": 0, "rot_roll": 0, "rot_pitch": 0}	active	\N	Line_Library/ProdLine/L_MBD_PACKING/Machine/id_Packing_08_PACK09.usd	2026-05-07 09:45:04.179442+00	2026-05-21 10:55:16.093253+00	f
3244a4b2-f455-49c5-a439-cc1b47bd3741	410f00fb-11bf-4668-bcc1-42b86d4f24ca	689103e9-1d26-411b-9cf3-d1a5cbbff757	id_AOI_IF_AOI01	{"pos_x": 0, "pos_y": 0, "pos_z": 0}	{"rot_yaw": 0, "rot_roll": 0, "rot_pitch": 0}	active	\N	Line_Library/ProdLine/L_MBD_OrichidBay/Machine/id_AOI_IF_AOI01.usd	2026-05-21 10:55:16.093253+00	2026-05-21 10:55:16.093253+00	f
32d0f704-a401-4ca8-8d3e-2b7682c46dda	ef88adc1-1759-4b42-8338-f36a5a1c710c	81451407-bbf6-4287-b218-498266b09834	id_CT_HOUM548DRJ2_DRJ07	{"pos_x": 0, "pos_y": 0, "pos_z": 0}	{"rot_yaw": 0, "rot_roll": 0, "rot_pitch": 0}	active	\N	Line_Library/ProdLine/L_HST_Module/Machine/id_CT_HOUM548DRJ2_DRJ07.usd	2026-05-26 07:25:31.427188+00	2026-05-26 08:21:19.186139+00	f
332e1423-350b-4b46-ac30-5c5310f025dd	fab31a7c-7b3a-4f1a-9461-daad8130beaf	3cf3b9ad-2c5b-4fc7-ba44-a5aa4aa279ea	id_E03_BRACKET_AS04	{"pos_x": 0, "pos_y": 0, "pos_z": 0}	{"rot_yaw": 0, "rot_roll": 0, "rot_pitch": 0}	active	\N	Line_Library/ProdLine/L_MBD_6S/Machine/id_E03_BRACKET_AS04.usd	2026-05-07 09:36:37.983483+00	2026-05-21 10:55:16.093253+00	f
333bb7c5-e7b8-4465-9946-0ae50f1c193c	410f00fb-11bf-4668-bcc1-42b86d4f24ca	ce2cf1c1-6108-42af-b13b-c5b2d4819645	id_FPC_Assembly_FA01	{"pos_x": 0, "pos_y": 0, "pos_z": 0}	{"rot_yaw": 0, "rot_roll": 0, "rot_pitch": 0}	active	\N	Line_Library/ProdLine/L_MBD_OrichidBay/Machine/id_FPC_Assembly_FA01.usd	2026-05-08 01:01:06.751421+00	2026-05-21 10:55:16.093253+00	f
33adec01-2fc2-4469-9a0e-33a4d8d9c2b1	45b53c2d-c97c-46b5-a975-194fbd58865b	85ed7c11-3d4e-44b7-9c89-ff29c69e11db	id_ELSFP_ELSFP03	{"pos_x": 0, "pos_y": 0, "pos_z": 0}	{"rot_yaw": 0, "rot_roll": 0, "rot_pitch": 0}	active	\N	Line_Library/ProdLine/L_MBD_MMC/Machine/id_ELSFP_ELSFP03.usd	2026-05-21 09:22:15.150086+00	2026-05-21 10:55:16.093253+00	f
33b747e8-7096-45b3-a9c0-5568dc6424b0	34b9b409-d832-4a5d-b434-235984cf391c	c612f740-3638-47ab-a08e-fb1dbbc98549	id_Table_TAB08	{"pos_x": 0, "pos_y": 0, "pos_z": 0}	{"rot_yaw": 0, "rot_roll": 0, "rot_pitch": 0}	active	\N	Line_Library/ProdLine/L_MBD_SMT_B_2_NEW/Machine/id_Table_TAB08.usd	2026-05-07 09:45:04.179442+00	2026-05-21 10:55:16.093253+00	f
33cb7db4-bb0b-454f-a9a6-17f356ab5217	8e51d14a-b6ca-4e5f-8e45-60690cdd51fa	c5f8e759-fa1a-4f94-8da8-77869a73ea44	id_CT_HOPBWST_W01	{"pos_x": 0, "pos_y": 0, "pos_z": 0}	{"rot_yaw": 0, "rot_roll": 0, "rot_pitch": 0}	active	\N	Line_Library/ProdLine/L_HST_PACK/Machine/id_CT_HOPBWST_W01.usd	2026-05-26 06:55:40.18724+00	2026-05-26 06:55:40.18724+00	f
33f8ef9c-fd3c-49db-a40c-500a2ac63cfa	ef88adc1-1759-4b42-8338-f36a5a1c710c	81451407-bbf6-4287-b218-498266b09834	id_CT_HOUM548DRJ2_DRJ04	{"pos_x": 0, "pos_y": 0, "pos_z": 0}	{"rot_yaw": 0, "rot_roll": 0, "rot_pitch": 0}	active	\N	Line_Library/ProdLine/L_HST_Module/Machine/id_CT_HOUM548DRJ2_DRJ04.usd	2026-05-26 08:21:19.186139+00	2026-05-26 08:21:19.186139+00	f
33fc6f37-25b1-4e31-9388-c1ce75bd488d	fab31a7c-7b3a-4f1a-9461-daad8130beaf	4d6b0eae-071b-4dc3-8e80-069b9d675eac	id_E05_BOTTOMPLATE_AS06	{"pos_x": 0, "pos_y": 0, "pos_z": 0}	{"rot_yaw": 0, "rot_roll": 0, "rot_pitch": 0}	active	\N	Line_Library/ProdLine/L_MBD_6S/Machine/id_E05_BOTTOMPLATE_AS06.usd	2026-05-21 10:55:16.093253+00	2026-05-21 10:55:16.093253+00	f
349856b1-5431-4e32-92d6-41b907c94ba5	ef88adc1-1759-4b42-8338-f36a5a1c710c	81451407-bbf6-4287-b218-498266b09834	id_CT_HOUM548DRJ2_DRJ10	{"pos_x": 0, "pos_y": 0, "pos_z": 0}	{"rot_yaw": 0, "rot_roll": 0, "rot_pitch": 0}	active	\N	Line_Library/ProdLine/L_HST_Module/Machine/id_CT_HOUM548DRJ2_DRJ10.usd	2026-05-26 08:21:19.186139+00	2026-05-26 08:21:19.186139+00	f
35ceda4d-1694-4f37-b002-ca531e433a3d	8e51d14a-b6ca-4e5f-8e45-60690cdd51fa	3894b1ed-71fd-499c-8f95-c57ebd8c780e	id_CT_HST_PACK_TARGAOI_AOI02	{"pos_x": 0, "pos_y": 0, "pos_z": 0}	{"rot_yaw": 0, "rot_roll": 0, "rot_pitch": 0}	active	\N	Line_Library/ProdLine/L_HST_PACK/Machine/id_CT_HST_PACK_TARGAOI_AOI02.usd	2026-05-26 06:55:40.18724+00	2026-05-26 06:55:40.18724+00	f
36eefbf5-a284-43ce-87ad-dccc7b56b56b	fab31a7c-7b3a-4f1a-9461-daad8130beaf	367b81ec-d8d4-42b8-a7b6-c29958aecac3	id_Fibertray_AS01	{"pos_x": 0, "pos_y": 0, "pos_z": 0}	{"rot_yaw": 0, "rot_roll": 0, "rot_pitch": 0}	active	\N	Line_Library/ProdLine/L_MBD_6S/Machine/id_Fibertray_AS01.usd	2026-05-07 09:49:48.806362+00	2026-05-21 10:55:16.093253+00	f
393d7c7c-ce6d-489b-81a9-42bc9bdec6fe	8e51d14a-b6ca-4e5f-8e45-60690cdd51fa	8d56a91f-b16f-4381-8979-1dde2d7c459d	id_CT_HOPBHM_HM06	{"pos_x": 0, "pos_y": 0, "pos_z": 0}	{"rot_yaw": 0, "rot_roll": 0, "rot_pitch": 0}	active	\N	Line_Library/ProdLine/L_HST_PACK/Machine/id_CT_HOPBHM_HM06.usd	2026-05-26 06:55:40.18724+00	2026-05-26 06:55:40.18724+00	f
39dd72ef-27b6-41da-b1f6-04fa82f19b4a	21d5711b-b698-4404-bc1d-5793006c32b0	ac1143e8-1150-46f5-9e7a-2c9fdc09d23f	id_Packing_04_PACK04	{"pos_x": 0, "pos_y": 0, "pos_z": 0}	{"rot_yaw": 0, "rot_roll": 0, "rot_pitch": 0}	active	\N	Line_Library/ProdLine/L_MBD_PACKING01/Machine/id_Packing_04_PACK04.usd	2026-05-07 09:23:04.073135+00	2026-05-21 10:55:16.093253+00	f
3b378aaa-32ee-4236-8a28-f28606666585	410f00fb-11bf-4668-bcc1-42b86d4f24ca	8a08190c-1141-4c4e-b58f-3889bb213e45	id_Front_FA_FFA01	{"pos_x": 0, "pos_y": 0, "pos_z": 0}	{"rot_yaw": 0, "rot_roll": 0, "rot_pitch": 0}	active	\N	Line_Library/ProdLine/L_MBD_OrichidBay/Machine/id_Front_FA_FFA01.usd	2026-05-07 09:36:37.983483+00	2026-05-21 10:55:16.093253+00	f
3c9f761c-634d-411d-926c-7f8ed542e4bc	21d5711b-b698-4404-bc1d-5793006c32b0	a3866a55-5500-431c-9ea1-81a03db212f7	id_roll_02_RO07	{"pos_x": 0, "pos_y": 0, "pos_z": 0}	{"rot_yaw": 0, "rot_roll": 0, "rot_pitch": 0}	active	\N	Line_Library/ProdLine/L_MBD_PACKING01/Machine/id_roll_02_RO07.usd	2026-05-07 09:46:53.746337+00	2026-05-21 10:55:16.093253+00	f
3ca4de34-ecbf-4831-8182-a86d39f6f1a6	4020acff-2746-4f0b-a2f1-a03bdd11b567	dca91fec-84b1-46e9-961d-08f594142c9b	id_ManualStation_MS01	{"pos_x": 0, "pos_y": 0, "pos_z": 0}	{"rot_yaw": 0, "rot_roll": 0, "rot_pitch": 0}	active	\N	Line_Library/ProdLine/L_MBD_Orichid/Machine/id_ManualStation_MS01.usd	2026-05-21 07:43:10.705354+00	2026-05-21 10:55:16.093253+00	f
3d7234d8-952f-4f04-8a2d-c65e5154cd13	17b6c640-8167-45d0-8790-df512eb54264	a3c67e95-8c39-45df-8d79-d850381a7313	id_Panasonic_NPM_W2_PP12	{"pos_x": 0, "pos_y": 0, "pos_z": 0}	{"rot_yaw": 0, "rot_roll": 0, "rot_pitch": 0}	active	\N	Line_Library/ProdLine/L_SMT_HST/Machine/id_Panasonic_NPM_W2_PP12.usd	2026-05-26 07:25:31.427188+00	2026-05-26 08:21:19.186139+00	f
3e161e9b-3213-4e40-8d3a-5ba59cb18146	17b6c640-8167-45d0-8790-df512eb54264	eff332e7-674b-443a-ba34-baeeec54c94e	id_SGC_160B_CONV017	{"pos_x": 0, "pos_y": 0, "pos_z": 0}	{"rot_yaw": 0, "rot_roll": 0, "rot_pitch": 0}	active	\N	Line_Library/ProdLine/L_SMT_HST/Machine/id_SGC_160B_CONV017.usd	2026-05-26 07:25:31.427188+00	2026-05-26 08:21:19.186139+00	f
3e5e0e22-1a3f-4f2c-b761-9cdc5d5b58e2	8e51d14a-b6ca-4e5f-8e45-60690cdd51fa	2369a745-d9c7-4158-be6a-5492158c5be8	id_CT_HOPBYZ_CV03	{"pos_x": 0, "pos_y": 0, "pos_z": 0}	{"rot_yaw": 0, "rot_roll": 0, "rot_pitch": 0}	active	\N	Line_Library/ProdLine/L_HST_PACK/Machine/id_CT_HOPBYZ_CV03.usd	2026-05-19 07:55:43.363664+00	2026-05-26 06:55:40.18724+00	f
3ed6f971-b491-4cb2-936f-68d15823c8d2	21d5711b-b698-4404-bc1d-5793006c32b0	ec1af1a2-17ba-47b2-845e-c63f4494c798	id_Packing_03_PACK03	{"pos_x": 0, "pos_y": 0, "pos_z": 0}	{"rot_yaw": 0, "rot_roll": 0, "rot_pitch": 0}	active	\N	Line_Library/ProdLine/L_MBD_PACKING01/Machine/id_Packing_03_PACK03.usd	2026-05-21 07:43:10.705354+00	2026-05-21 10:55:16.093253+00	f
3f3865ad-0456-4c04-af9c-b092b974250c	fab31a7c-7b3a-4f1a-9461-daad8130beaf	10831070-e881-43ad-8220-5ecd2fbb2f74	id_E04_BOTTOMELSFP_AS05	{"pos_x": 0, "pos_y": 0, "pos_z": 0}	{"rot_yaw": 0, "rot_roll": 0, "rot_pitch": 0}	active	\N	Line_Library/ProdLine/L_MBD_6S/Machine/id_E04_BOTTOMELSFP_AS05.usd	2026-05-21 10:55:16.093253+00	2026-05-21 10:55:16.093253+00	f
3fc61491-6ba4-494c-832c-851274cf5b14	40d45bff-c344-4aaa-b797-10667c1c4c63	8752e4b4-417b-4db8-9572-a36b8c5140a3	id_IJETC7L_JET01	{"pos_x": 0, "pos_y": 0, "pos_z": 0}	{"rot_yaw": 0, "rot_roll": 0, "rot_pitch": 0}	active	\N	Line_Library/ProdLine/L_MBD_SMT_B/Machine/id_IJETC7L_JET01.usd	2026-05-08 01:01:06.751421+00	2026-05-21 10:55:16.093253+00	f
3fe89092-33f5-4864-8d3e-c62a08219fc0	40d45bff-c344-4aaa-b797-10667c1c4c63	9e7e6310-3495-468f-ade2-28583542079e	id_TR7500L_SIII_TR01	{"pos_x": 0, "pos_y": 0, "pos_z": 0}	{"rot_yaw": 0, "rot_roll": 0, "rot_pitch": 0}	active	\N	Line_Library/ProdLine/L_MBD_SMT_B/Machine/id_TR7500L_SIII_TR01.usd	2026-05-08 01:01:06.751421+00	2026-05-21 10:55:16.093253+00	f
40b60faa-f980-4dbb-99fb-67c29775763f	f26ba798-71f4-48d0-a896-d13366b857a3	61f54a0c-eaf5-4729-a336-ddf66403748f	id_V810i_S2_XLT_BX04	{"pos_x": 0, "pos_y": 0, "pos_z": 0}	{"rot_yaw": 0, "rot_roll": 0, "rot_pitch": 0}	active	\N	Line_Library/ProdLine/L_SMT_Bianca_Xray/Machine/id_V810i_S2_XLT_BX04.usd	2026-05-26 08:21:19.186139+00	2026-05-26 08:21:19.186139+00	f
4253220d-784c-4d6d-9670-f8bee3013a41	2d1c9953-49bf-46a3-b378-671b6d81aa39	a1e7f600-f6af-45c2-b059-8cf48cb0208e	id_X8VFICassettes_VFI05	{"pos_x": 0, "pos_y": 0, "pos_z": 0}	{"rot_yaw": 0, "rot_roll": 0, "rot_pitch": 0}	active	\N	Line_Library/ProdLine/L_MBD_MMC_2/Machine/id_X8VFICassettes_VFI05.usd	2026-05-21 09:22:15.150086+00	2026-05-21 10:55:16.093253+00	f
42d1323e-3a53-45bf-9d2d-a4cf9c2f10aa	8e51d14a-b6ca-4e5f-8e45-60690cdd51fa	8b84516e-8114-45f5-b83e-d80ffaf2f768	id_CT_HOPBFWX2_X02	{"pos_x": 0, "pos_y": 0, "pos_z": 0}	{"rot_yaw": 0, "rot_roll": 0, "rot_pitch": 0}	active	\N	Line_Library/ProdLine/L_HST_PACK/Machine/id_CT_HOPBFWX2_X02.usd	2026-05-19 07:55:43.363664+00	2026-05-26 06:55:40.18724+00	f
44cc6072-6d51-4e4a-a025-61984b67074a	17b6c640-8167-45d0-8790-df512eb54264	a3c67e95-8c39-45df-8d79-d850381a7313	id_Panasonic_NPM_W2_PP14	{"pos_x": 0, "pos_y": 0, "pos_z": 0}	{"rot_yaw": 0, "rot_roll": 0, "rot_pitch": 0}	active	\N	Line_Library/ProdLine/L_SMT_HST/Machine/id_Panasonic_NPM_W2_PP14.usd	2026-05-26 07:25:31.427188+00	2026-05-26 08:21:19.186139+00	f
4550e837-8a28-4767-890b-a0ed7b615f49	17b6c640-8167-45d0-8790-df512eb54264	d8fa875d-1d8f-47f3-8ff3-ffc337639fff	id_SIV_200_CONV012	{"pos_x": 0, "pos_y": 0, "pos_z": 0}	{"rot_yaw": 0, "rot_roll": 0, "rot_pitch": 0}	active	\N	Line_Library/ProdLine/L_SMT_HST/Machine/id_SIV_200_CONV012.usd	2026-05-26 08:21:19.186139+00	2026-05-26 08:21:19.186139+00	f
457c5699-7c40-4e32-b308-e0aff46e06b8	40d45bff-c344-4aaa-b797-10667c1c4c63	51661fc6-df78-4aa5-b86c-fab9cbf20fb3	id_VT_610M_II_VT03	{"pos_x": 0, "pos_y": 0, "pos_z": 0}	{"rot_yaw": 0, "rot_roll": 0, "rot_pitch": 0}	active	\N	Line_Library/ProdLine/L_MBD_SMT_B/Machine/id_VT_610M_II_VT03.usd	2026-05-21 09:26:42.97166+00	2026-05-21 10:55:16.093253+00	f
46456bce-f914-4d2b-a6ba-c10085e90a3b	8e51d14a-b6ca-4e5f-8e45-60690cdd51fa	8d56a91f-b16f-4381-8979-1dde2d7c459d	id_CT_HOPBHM_HM08	{"pos_x": 0, "pos_y": 0, "pos_z": 0}	{"rot_yaw": 0, "rot_roll": 0, "rot_pitch": 0}	active	\N	Line_Library/ProdLine/L_HST_PACK/Machine/id_CT_HOPBHM_HM08.usd	2026-05-19 08:13:41.028526+00	2026-05-26 06:55:40.18724+00	f
475825f1-c9d3-4d7d-a3da-0eee1d1cd14a	8e51d14a-b6ca-4e5f-8e45-60690cdd51fa	e2a0ce71-e0ab-4f6f-aaea-a821dbe0e473	id_CT_HOPBLSJ_LD02	{"pos_x": 0, "pos_y": 0, "pos_z": 0}	{"rot_yaw": 0, "rot_roll": 0, "rot_pitch": 0}	active	\N	Line_Library/ProdLine/L_HST_PACK/Machine/id_CT_HOPBLSJ_LD02.usd	2026-05-19 08:13:41.028526+00	2026-05-26 06:55:40.18724+00	f
4783168a-47d5-42c8-af6f-410ce6b33369	17b6c640-8167-45d0-8790-df512eb54264	a3c67e95-8c39-45df-8d79-d850381a7313	id_Panasonic_NPM_W2_PP04	{"pos_x": 0, "pos_y": 0, "pos_z": 0}	{"rot_yaw": 0, "rot_roll": 0, "rot_pitch": 0}	active	\N	Line_Library/ProdLine/L_SMT_HST/Machine/id_Panasonic_NPM_W2_PP04.usd	2026-05-26 08:21:19.186139+00	2026-05-26 08:21:19.186139+00	f
48bce613-9e5c-4e64-8a4e-71f85fef56f5	8e51d14a-b6ca-4e5f-8e45-60690cdd51fa	2f3c43b3-9a3b-4983-947c-c0336953dd61	id_CT_HOPBHM_A_HM01	{"pos_x": 0, "pos_y": 0, "pos_z": 0}	{"rot_yaw": 0, "rot_roll": 0, "rot_pitch": 0}	active	\N	Line_Library/ProdLine/L_HST_PACK/Machine/id_CT_HOPBHM_A_HM01.usd	2026-05-19 07:55:43.363664+00	2026-05-26 06:55:40.18724+00	f
49f8aac8-fbd0-4e0e-980d-70363319aebf	45b53c2d-c97c-46b5-a975-194fbd58865b	e5727683-65d4-4e57-b3cc-ec8d12e4cfb1	id_CS_MIDDLE_MID04	{"pos_x": 0, "pos_y": 0, "pos_z": 0}	{"rot_yaw": 0, "rot_roll": 0, "rot_pitch": 0}	active	\N	Line_Library/ProdLine/L_MBD_MMC/Machine/id_CS_MIDDLE_MID04.usd	2026-05-07 09:49:48.806362+00	2026-05-21 10:55:16.093253+00	f
4cea62dc-4735-44f2-a8f1-4fca4d259aea	410f00fb-11bf-4668-bcc1-42b86d4f24ca	6703a59a-b2de-49bd-bb8c-4f5414256a40	id_FSP_ScrewFastening_FS02	{"pos_x": 0, "pos_y": 0, "pos_z": 0}	{"rot_yaw": 0, "rot_roll": 0, "rot_pitch": 0}	active	\N	Line_Library/ProdLine/L_MBD_OrichidBay/Machine/id_FSP_ScrewFastening_FS02.usd	2026-05-07 09:49:48.806362+00	2026-05-21 10:55:16.093253+00	f
4dcc3c23-53fa-4179-b3f4-3f87cf840e98	8e51d14a-b6ca-4e5f-8e45-60690cdd51fa	e2a0ce71-e0ab-4f6f-aaea-a821dbe0e473	id_CT_HOPBLSJ_LD01	{"pos_x": 0, "pos_y": 0, "pos_z": 0}	{"rot_yaw": 0, "rot_roll": 0, "rot_pitch": 0}	active	\N	Line_Library/ProdLine/L_HST_PACK/Machine/id_CT_HOPBLSJ_LD01.usd	2026-05-26 06:55:40.18724+00	2026-05-26 06:55:40.18724+00	f
4e36855c-0e8a-4d6c-bc14-9c4ab80527ad	ef88adc1-1759-4b42-8338-f36a5a1c710c	81451407-bbf6-4287-b218-498266b09834	id_CT_HOUM548DRJ2_DRJ09	{"pos_x": 0, "pos_y": 0, "pos_z": 0}	{"rot_yaw": 0, "rot_roll": 0, "rot_pitch": 0}	active	\N	Line_Library/ProdLine/L_HST_Module/Machine/id_CT_HOUM548DRJ2_DRJ09.usd	2026-05-26 07:25:31.427188+00	2026-05-26 08:21:19.186139+00	f
4ed6897a-0322-43d7-87ac-1daaa603b9a8	8e51d14a-b6ca-4e5f-8e45-60690cdd51fa	8d56a91f-b16f-4381-8979-1dde2d7c459d	id_CT_HOPBHM_HM02	{"pos_x": 0, "pos_y": 0, "pos_z": 0}	{"rot_yaw": 0, "rot_roll": 0, "rot_pitch": 0}	active	\N	Line_Library/ProdLine/L_HST_PACK/Machine/id_CT_HOPBHM_HM02.usd	2026-05-19 07:55:43.363664+00	2026-05-26 06:55:40.18724+00	f
51463bf7-e81e-408d-b5af-99c9023e6d05	17b6c640-8167-45d0-8790-df512eb54264	5806257f-1824-4c1e-a371-6711284d48d1	id_SBC_200A_CONV015	{"pos_x": 0, "pos_y": 0, "pos_z": 0}	{"rot_yaw": 0, "rot_roll": 0, "rot_pitch": 0}	active	\N	Line_Library/ProdLine/L_SMT_HST/Machine/id_SBC_200A_CONV015.usd	2026-05-26 07:25:31.427188+00	2026-05-26 08:21:19.186139+00	f
5239a61c-cb38-44df-96f7-5847cc617337	17b6c640-8167-45d0-8790-df512eb54264	9e7e6310-3495-468f-ade2-28583542079e	id_TR7500L_SIII_AOI02	{"pos_x": 0, "pos_y": 0, "pos_z": 0}	{"rot_yaw": 0, "rot_roll": 0, "rot_pitch": 0}	active	\N	Line_Library/ProdLine/L_SMT_HST/Machine/id_TR7500L_SIII_AOI02.usd	2026-05-26 07:25:31.427188+00	2026-05-26 08:21:19.186139+00	f
53740a9a-1a2f-45e5-bfa2-7fdc3b6d45cc	ef88adc1-1759-4b42-8338-f36a5a1c710c	81451407-bbf6-4287-b218-498266b09834	id_CT_HOUM548DRJ2_DRJ02	{"pos_x": 0, "pos_y": 0, "pos_z": 0}	{"rot_yaw": 0, "rot_roll": 0, "rot_pitch": 0}	active	\N	Line_Library/ProdLine/L_HST_Module/Machine/id_CT_HOUM548DRJ2_DRJ02.usd	2026-05-26 06:55:40.18724+00	2026-05-26 08:21:19.186139+00	f
547d6020-e208-4d74-8441-8e6b245c557d	21d5711b-b698-4404-bc1d-5793006c32b0	e52ed1f2-872c-4ff5-a26f-60a1b5cb8aac	id_roll_04_RO05	{"pos_x": 0, "pos_y": 0, "pos_z": 0}	{"rot_yaw": 0, "rot_roll": 0, "rot_pitch": 0}	active	\N	Line_Library/ProdLine/L_MBD_PACKING01/Machine/id_roll_04_RO05.usd	2026-05-07 09:45:04.179442+00	2026-05-21 10:55:16.093253+00	f
56f64970-8ce6-4361-9ed7-2f0ef7819d18	5e868af6-988e-4fca-ad2c-32c6466ba368	2a87557b-47a4-478e-b53c-80b7ace2b609	id_NPM_WX_CART_CART05	{"pos_x": 0, "pos_y": 0, "pos_z": 0}	{"rot_yaw": 0, "rot_roll": 0, "rot_pitch": 0}	active	\N	Line_Library/ProdLine/L_MBD_SMT_A/Machine/id_NPM_WX_CART_CART05.usd	2026-05-21 10:55:16.093253+00	2026-05-21 10:55:16.093253+00	f
5a6b4c58-c424-4618-b207-b9a2505882e4	8e51d14a-b6ca-4e5f-8e45-60690cdd51fa	01d17246-4188-47d6-ab4c-faedad2b6dcf	id_CT_HOPBHM_C_HM05	{"pos_x": 0, "pos_y": 0, "pos_z": 0}	{"rot_yaw": 0, "rot_roll": 0, "rot_pitch": 0}	active	\N	Line_Library/ProdLine/L_HST_PACK/Machine/id_CT_HOPBHM_C_HM05.usd	2026-05-26 06:55:40.18724+00	2026-05-26 06:55:40.18724+00	f
5aea9738-eba8-4547-becc-565b93d0107f	f26ba798-71f4-48d0-a896-d13366b857a3	ebcc693b-7fdf-4308-90e5-ed202cebc125	id_MEP_8TL_PF03	{"pos_x": 0, "pos_y": 0, "pos_z": 0}	{"rot_yaw": 0, "rot_roll": 0, "rot_pitch": 0}	active	\N	Line_Library/ProdLine/L_SMT_Bianca_Xray/Machine/id_MEP_8TL_PF03.usd	2026-05-26 08:21:19.186139+00	2026-05-26 08:21:19.186139+00	f
5f6f7fee-a286-4119-9e56-47c1ab44cf8d	ef88adc1-1759-4b42-8338-f36a5a1c710c	859c2325-c63d-4daf-a40b-fadc63464f70	id_CT_HOUM548TPSL_L_BF03	{"pos_x": 0, "pos_y": 0, "pos_z": 0}	{"rot_yaw": 0, "rot_roll": 0, "rot_pitch": 0}	active	\N	Line_Library/ProdLine/L_HST_Module/Machine/id_CT_HOUM548TPSL_L_BF03.usd	2026-05-26 07:25:31.427188+00	2026-05-26 08:21:19.186139+00	f
5fd55949-1017-48a8-887f-a955edb9fefa	ef88adc1-1759-4b42-8338-f36a5a1c710c	c68293d0-fcba-4b46-ae16-7f8390991bfd	id_CT_HOUM548TS1_TS01	{"pos_x": 0, "pos_y": 0, "pos_z": 0}	{"rot_yaw": 0, "rot_roll": 0, "rot_pitch": 0}	active	\N	Line_Library/ProdLine/L_HST_Module/Machine/id_CT_HOUM548TS1_TS01.usd	2026-05-26 06:55:40.18724+00	2026-05-26 08:21:19.186139+00	f
60ed9ea2-a53b-4bfa-a731-07b0842d073d	ef88adc1-1759-4b42-8338-f36a5a1c710c	db927a1f-84c8-4062-8583-70cdafab4f08	id_CT_HOUM548CNTSC12_CNTSC03	{"pos_x": 0, "pos_y": 0, "pos_z": 0}	{"rot_yaw": 0, "rot_roll": 0, "rot_pitch": 0}	active	\N	Line_Library/ProdLine/L_HST_Module/Machine/id_CT_HOUM548CNTSC12_CNTSC03.usd	2026-05-26 06:55:40.18724+00	2026-05-26 08:21:19.186139+00	f
630b7d99-4c7d-4e77-9f40-6ee11a35c6c4	17b6c640-8167-45d0-8790-df512eb54264	bbd6d007-184d-4149-89f1-72f2da39bf1e	id_SVP_750_CONV01	{"pos_x": 0, "pos_y": 0, "pos_z": 0}	{"rot_yaw": 0, "rot_roll": 0, "rot_pitch": 0}	active	\N	Line_Library/ProdLine/L_SMT_HST/Machine/id_SVP_750_CONV01.usd	2026-05-26 07:25:31.427188+00	2026-05-26 08:21:19.186139+00	f
632ce0c8-ec6a-4933-9a77-dc113f014391	17b6c640-8167-45d0-8790-df512eb54264	5806257f-1824-4c1e-a371-6711284d48d1	id_SBC_200A_CONV03	{"pos_x": 0, "pos_y": 0, "pos_z": 0}	{"rot_yaw": 0, "rot_roll": 0, "rot_pitch": 0}	active	\N	Line_Library/ProdLine/L_SMT_HST/Machine/id_SBC_200A_CONV03.usd	2026-05-26 08:21:19.186139+00	2026-05-26 08:21:19.186139+00	f
63db86e3-d12a-4660-a98b-b2ecfd740a84	ef88adc1-1759-4b42-8338-f36a5a1c710c	def2400a-e6c6-4531-bf62-a372b0ac6d47	id_CT_HOUM548HM_HM01	{"pos_x": 0, "pos_y": 0, "pos_z": 0}	{"rot_yaw": 0, "rot_roll": 0, "rot_pitch": 0}	active	\N	Line_Library/ProdLine/L_HST_Module/Machine/id_CT_HOUM548HM_HM01.usd	2026-05-26 06:55:40.18724+00	2026-05-26 08:21:19.186139+00	f
65c4e129-ef49-4d8a-ad20-491475c2d4be	34b9b409-d832-4a5d-b434-235984cf391c	85880acd-78c7-466c-9773-d13d966a3564	id_JET8800TB27_TB01	{"pos_x": 0, "pos_y": 0, "pos_z": 0}	{"rot_yaw": 0, "rot_roll": 0, "rot_pitch": 0}	active	\N	Line_Library/ProdLine/L_MBD_SMT_B_2_NEW/Machine/id_JET8800TB27_TB01.usd	2026-05-21 09:22:15.150086+00	2026-05-21 10:55:16.093253+00	f
67429892-f247-4c6d-87b9-72bdc3e51515	ef88adc1-1759-4b42-8338-f36a5a1c710c	160ba40c-91e5-4b81-ae52-107e6ba36ffd	id_CT_HOUM548SFL_SFL01	{"pos_x": 0, "pos_y": 0, "pos_z": 0}	{"rot_yaw": 0, "rot_roll": 0, "rot_pitch": 0}	active	\N	Line_Library/ProdLine/L_HST_Module/Machine/id_CT_HOUM548SFL_SFL01.usd	2026-05-26 08:21:19.186139+00	2026-05-26 08:21:19.186139+00	f
67534e45-3436-46bd-ab3a-d6f63a837dcc	ef88adc1-1759-4b42-8338-f36a5a1c710c	859c2325-c63d-4daf-a40b-fadc63464f70	id_CT_HOUM548TPSL_L_BF04	{"pos_x": 0, "pos_y": 0, "pos_z": 0}	{"rot_yaw": 0, "rot_roll": 0, "rot_pitch": 0}	active	\N	Line_Library/ProdLine/L_HST_Module/Machine/id_CT_HOUM548TPSL_L_BF04.usd	2026-05-26 08:21:19.186139+00	2026-05-26 08:21:19.186139+00	f
6849839b-18b1-48fd-a9a4-6fd3ef22d6a3	17b6c640-8167-45d0-8790-df512eb54264	f7249a4d-ce46-411f-bbcf-69fb16474d5c	id_SBL_820A_CONV013	{"pos_x": 0, "pos_y": 0, "pos_z": 0}	{"rot_yaw": 0, "rot_roll": 0, "rot_pitch": 0}	active	\N	Line_Library/ProdLine/L_SMT_HST/Machine/id_SBL_820A_CONV013.usd	2026-05-26 07:25:31.427188+00	2026-05-26 08:21:19.186139+00	f
6895354a-a4b4-455c-86ba-2463ee84c8f0	17b6c640-8167-45d0-8790-df512eb54264	a3c67e95-8c39-45df-8d79-d850381a7313	id_Panasonic_NPM_W2_PP01	{"pos_x": 0, "pos_y": 0, "pos_z": 0}	{"rot_yaw": 0, "rot_roll": 0, "rot_pitch": 0}	active	\N	Line_Library/ProdLine/L_SMT_HST/Machine/id_Panasonic_NPM_W2_PP01.usd	2026-05-26 08:21:19.186139+00	2026-05-26 08:21:19.186139+00	f
6df63a9f-054e-4762-9059-60bae1d00a76	17b6c640-8167-45d0-8790-df512eb54264	4099a90c-4677-4b7d-ab1d-be76b7a694c0	id_SWT_200A_CONV010	{"pos_x": 0, "pos_y": 0, "pos_z": 0}	{"rot_yaw": 0, "rot_roll": 0, "rot_pitch": 0}	active	\N	Line_Library/ProdLine/L_SMT_HST/Machine/id_SWT_200A_CONV010.usd	2026-05-26 07:25:31.427188+00	2026-05-26 08:21:19.186139+00	f
70715187-d644-462a-865f-0aa38b749fd0	17b6c640-8167-45d0-8790-df512eb54264	a3c67e95-8c39-45df-8d79-d850381a7313	id_Panasonic_NPM_W2_PP07	{"pos_x": 0, "pos_y": 0, "pos_z": 0}	{"rot_yaw": 0, "rot_roll": 0, "rot_pitch": 0}	active	\N	Line_Library/ProdLine/L_SMT_HST/Machine/id_Panasonic_NPM_W2_PP07.usd	2026-05-26 07:25:31.427188+00	2026-05-26 08:21:19.186139+00	f
713ea5c3-a11b-4ec4-bd12-533564633e5d	f26ba798-71f4-48d0-a896-d13366b857a3	61f54a0c-eaf5-4729-a336-ddf66403748f	id_V810i_S2_XLT_BX05	{"pos_x": 0, "pos_y": 0, "pos_z": 0}	{"rot_yaw": 0, "rot_roll": 0, "rot_pitch": 0}	active	\N	Line_Library/ProdLine/L_SMT_Bianca_Xray/Machine/id_V810i_S2_XLT_BX05.usd	2026-05-26 08:21:19.186139+00	2026-05-26 08:21:19.186139+00	f
7392ce97-3053-4623-bc8e-df60263435ba	8e51d14a-b6ca-4e5f-8e45-60690cdd51fa	10b35032-6a4c-463f-8f1f-c749eec1a950	id_CT_HOPBHM_B_HM03	{"pos_x": 0, "pos_y": 0, "pos_z": 0}	{"rot_yaw": 0, "rot_roll": 0, "rot_pitch": 0}	active	\N	Line_Library/ProdLine/L_HST_PACK/Machine/id_CT_HOPBHM_B_HM03.usd	2026-05-19 08:13:41.028526+00	2026-05-26 06:55:40.18724+00	f
74092d44-d29c-408b-ab8c-d169cd7fe1f5	ef88adc1-1759-4b42-8338-f36a5a1c710c	c83b8d5a-dfee-454c-9396-a0591bf6c635	id_CT_HOUM548FM_FM01	{"pos_x": 0, "pos_y": 0, "pos_z": 0}	{"rot_yaw": 0, "rot_roll": 0, "rot_pitch": 0}	active	\N	Line_Library/ProdLine/L_HST_Module/Machine/id_CT_HOUM548FM_FM01.usd	2026-05-26 08:21:19.186139+00	2026-05-26 08:21:19.186139+00	f
753c664e-b3dd-4155-8481-596ed228dff1	ef88adc1-1759-4b42-8338-f36a5a1c710c	db927a1f-84c8-4062-8583-70cdafab4f08	id_CT_HOUM548CNTSC12_CNTSC01	{"pos_x": 0, "pos_y": 0, "pos_z": 0}	{"rot_yaw": 0, "rot_roll": 0, "rot_pitch": 0}	active	\N	Line_Library/ProdLine/L_HST_Module/Machine/id_CT_HOUM548CNTSC12_CNTSC01.usd	2026-05-26 08:21:19.186139+00	2026-05-26 08:21:19.186139+00	f
7a82e97a-ca11-4cb9-82bb-392fcd3c5453	17b6c640-8167-45d0-8790-df512eb54264	4099a90c-4677-4b7d-ab1d-be76b7a694c0	id_SWT_200A_CONV018	{"pos_x": 0, "pos_y": 0, "pos_z": 0}	{"rot_yaw": 0, "rot_roll": 0, "rot_pitch": 0}	active	\N	Line_Library/ProdLine/L_SMT_HST/Machine/id_SWT_200A_CONV018.usd	2026-05-26 07:25:31.427188+00	2026-05-26 08:21:19.186139+00	f
7b0c5c69-ea09-4b20-9487-bb079e720a59	8e51d14a-b6ca-4e5f-8e45-60690cdd51fa	2369a745-d9c7-4158-be6a-5492158c5be8	id_CT_HOPBYZ_CV01	{"pos_x": 0, "pos_y": 0, "pos_z": 0}	{"rot_yaw": 0, "rot_roll": 0, "rot_pitch": 0}	active	\N	Line_Library/ProdLine/L_HST_PACK/Machine/id_CT_HOPBYZ_CV01.usd	2026-05-19 07:55:43.363664+00	2026-05-26 06:55:40.18724+00	f
7e8c3a37-5244-4b3f-b183-205f4a2e30a5	17b6c640-8167-45d0-8790-df512eb54264	0c0415fd-b3ad-4816-8b65-91f12239edf8	id_TR7700L_QE_AOI03	{"pos_x": 0, "pos_y": 0, "pos_z": 0}	{"rot_yaw": 0, "rot_roll": 0, "rot_pitch": 0}	active	\N	Line_Library/ProdLine/L_SMT_HST/Machine/id_TR7700L_QE_AOI03.usd	2026-05-26 07:25:31.427188+00	2026-05-26 08:21:19.186139+00	f
7fc3d470-85ea-4dbe-af97-a059ba636acf	8e51d14a-b6ca-4e5f-8e45-60690cdd51fa	2c0f0746-a451-4fc4-ab96-cd30be851d31	id_CT_HOPBCRO_CV02	{"pos_x": 0, "pos_y": 0, "pos_z": 0}	{"rot_yaw": 0, "rot_roll": 0, "rot_pitch": 0}	active	\N	Line_Library/ProdLine/L_HST_PACK/Machine/id_CT_HOPBCRO_CV02.usd	2026-05-19 08:13:41.028526+00	2026-05-26 06:55:40.18724+00	f
82ba37fd-26ca-48e2-9076-6e44a4b41196	17b6c640-8167-45d0-8790-df512eb54264	d8fa875d-1d8f-47f3-8ff3-ffc337639fff	id_SIV_200_CONV022	{"pos_x": 0, "pos_y": 0, "pos_z": 0}	{"rot_yaw": 0, "rot_roll": 0, "rot_pitch": 0}	active	\N	Line_Library/ProdLine/L_SMT_HST/Machine/id_SIV_200_CONV022.usd	2026-05-26 07:25:31.427188+00	2026-05-26 08:21:19.186139+00	f
847b8f8b-6ee6-4ff3-86fe-250a9b2f5371	17b6c640-8167-45d0-8790-df512eb54264	d8fa875d-1d8f-47f3-8ff3-ffc337639fff	id_SIV_200_CONV02	{"pos_x": 0, "pos_y": 0, "pos_z": 0}	{"rot_yaw": 0, "rot_roll": 0, "rot_pitch": 0}	active	\N	Line_Library/ProdLine/L_SMT_HST/Machine/id_SIV_200_CONV02.usd	2026-05-26 07:25:31.427188+00	2026-05-26 08:21:19.186139+00	f
85423859-6705-4e81-827c-a34d3fdca834	8e51d14a-b6ca-4e5f-8e45-60690cdd51fa	3546080d-2c22-4d3d-86b8-e5e9b13f1688	id_CT_HOPBWXXZ_XZ01	{"pos_x": 0, "pos_y": 0, "pos_z": 0}	{"rot_yaw": 0, "rot_roll": 0, "rot_pitch": 0}	active	\N	Line_Library/ProdLine/L_HST_PACK/Machine/id_CT_HOPBWXXZ_XZ01.usd	2026-05-26 06:55:40.18724+00	2026-05-26 06:55:40.18724+00	f
869fe121-2848-4b30-a704-d2ce2ce1fa7a	8e51d14a-b6ca-4e5f-8e45-60690cdd51fa	93d64d07-df75-4f3a-a3f3-20d88e47a3fc	id_CT_HST_Pack_Trolley_TR01	{"pos_x": 0, "pos_y": 0, "pos_z": 0}	{"rot_yaw": 0, "rot_roll": 0, "rot_pitch": 0}	active	\N	Line_Library/ProdLine/L_HST_PACK/Machine/id_CT_HST_Pack_Trolley_TR01.usd	2026-05-19 07:55:43.363664+00	2026-05-26 06:55:40.18724+00	f
87ba43ea-a68e-4c84-899b-e188139241b4	17b6c640-8167-45d0-8790-df512eb54264	a3c67e95-8c39-45df-8d79-d850381a7313	id_Panasonic_NPM_W2_PP20	{"pos_x": 0, "pos_y": 0, "pos_z": 0}	{"rot_yaw": 0, "rot_roll": 0, "rot_pitch": 0}	active	\N	Line_Library/ProdLine/L_SMT_HST/Machine/id_Panasonic_NPM_W2_PP20.usd	2026-05-26 07:25:31.427188+00	2026-05-26 08:21:19.186139+00	f
89323101-9428-40b2-b23a-f5c7099aa804	17b6c640-8167-45d0-8790-df512eb54264	a3c67e95-8c39-45df-8d79-d850381a7313	id_Panasonic_NPM_W2_PP10	{"pos_x": 0, "pos_y": 0, "pos_z": 0}	{"rot_yaw": 0, "rot_roll": 0, "rot_pitch": 0}	active	\N	Line_Library/ProdLine/L_SMT_HST/Machine/id_Panasonic_NPM_W2_PP10.usd	2026-05-26 08:21:19.186139+00	2026-05-26 08:21:19.186139+00	f
8fb9e7cb-b89f-4209-809e-4a78b1bdf858	8e51d14a-b6ca-4e5f-8e45-60690cdd51fa	ca445e3a-4acc-476b-9b49-4b0e0742bfc7	id_CT_HOPBFWX1_X01	{"pos_x": 0, "pos_y": 0, "pos_z": 0}	{"rot_yaw": 0, "rot_roll": 0, "rot_pitch": 0}	active	\N	Line_Library/ProdLine/L_HST_PACK/Machine/id_CT_HOPBFWX1_X01.usd	2026-05-19 08:13:41.028526+00	2026-05-26 06:55:40.18724+00	f
92228356-f1ed-4fbf-ae0e-5222ead3b797	17b6c640-8167-45d0-8790-df512eb54264	a3c67e95-8c39-45df-8d79-d850381a7313	id_Panasonic_NPM_W2_PP06	{"pos_x": 0, "pos_y": 0, "pos_z": 0}	{"rot_yaw": 0, "rot_roll": 0, "rot_pitch": 0}	active	\N	Line_Library/ProdLine/L_SMT_HST/Machine/id_Panasonic_NPM_W2_PP06.usd	2026-05-26 08:21:19.186139+00	2026-05-26 08:21:19.186139+00	f
9472aab9-79c4-49f7-8719-6c3d54dca97b	17b6c640-8167-45d0-8790-df512eb54264	9fd8794c-1631-45d9-9c8d-96d744035db1	id_HOTFLOW_3_26_XL_RF01	{"pos_x": 0, "pos_y": 0, "pos_z": 0}	{"rot_yaw": 0, "rot_roll": 0, "rot_pitch": 0}	active	\N	Line_Library/ProdLine/L_SMT_HST/Machine/id_HOTFLOW_3_26_XL_RF01.usd	2026-05-26 07:25:31.427188+00	2026-05-26 08:21:19.186139+00	f
94baee96-5ae6-42dd-b8f5-5b13ec9dede7	8e51d14a-b6ca-4e5f-8e45-60690cdd51fa	10b35032-6a4c-463f-8f1f-c749eec1a950	id_CT_HOPBHM_B_HM04	{"pos_x": 0, "pos_y": 0, "pos_z": 0}	{"rot_yaw": 0, "rot_roll": 0, "rot_pitch": 0}	active	\N	Line_Library/ProdLine/L_HST_PACK/Machine/id_CT_HOPBHM_B_HM04.usd	2026-05-26 06:55:40.18724+00	2026-05-26 06:55:40.18724+00	f
9b876b0b-14b9-4156-867c-828c35c455c9	17b6c640-8167-45d0-8790-df512eb54264	09e715d8-a019-4db8-a8fe-c3bb50b16ce8	id_CAC_670_PR03	{"pos_x": 0, "pos_y": 0, "pos_z": 0}	{"rot_yaw": 0, "rot_roll": 0, "rot_pitch": 0}	active	\N	Line_Library/ProdLine/L_SMT_HST/Machine/id_CAC_670_PR03.usd	2026-05-26 08:21:19.186139+00	2026-05-26 08:21:19.186139+00	f
a478694c-383b-49e8-922b-b3cce1083939	17b6c640-8167-45d0-8790-df512eb54264	dbb2f993-0015-4b99-b75e-399c4d6ddf8c	id_TR7007L_SII_Plus_SPI02	{"pos_x": 0, "pos_y": 0, "pos_z": 0}	{"rot_yaw": 0, "rot_roll": 0, "rot_pitch": 0}	active	\N	Line_Library/ProdLine/L_SMT_HST/Machine/id_TR7007L_SII_Plus_SPI02.usd	2026-05-26 07:25:31.427188+00	2026-05-26 08:21:19.186139+00	f
a7651d1d-18b4-4447-a6b7-9d0166dfe67e	f26ba798-71f4-48d0-a896-d13366b857a3	61f54a0c-eaf5-4729-a336-ddf66403748f	id_V810i_S2_XLT_BX06	{"pos_x": 0, "pos_y": 0, "pos_z": 0}	{"rot_yaw": 0, "rot_roll": 0, "rot_pitch": 0}	active	\N	Line_Library/ProdLine/L_SMT_Bianca_Xray/Machine/id_V810i_S2_XLT_BX06.usd	2026-05-26 07:25:31.427188+00	2026-05-26 08:21:19.186139+00	f
a81a0acd-6324-4daa-945f-102530076e9b	8e51d14a-b6ca-4e5f-8e45-60690cdd51fa	8d56a91f-b16f-4381-8979-1dde2d7c459d	id_CT_HOPBHM_HM05	{"pos_x": 0, "pos_y": 0, "pos_z": 0}	{"rot_yaw": 0, "rot_roll": 0, "rot_pitch": 0}	active	\N	Line_Library/ProdLine/L_HST_PACK/Machine/id_CT_HOPBHM_HM05.usd	2026-05-26 06:55:40.18724+00	2026-05-26 06:55:40.18724+00	f
a9c584f9-269f-4a97-87fd-7ab3e5a83000	17b6c640-8167-45d0-8790-df512eb54264	9fd8794c-1631-45d9-9c8d-96d744035db1	id_HOTFLOW_3_26_XL_RF02	{"pos_x": 0, "pos_y": 0, "pos_z": 0}	{"rot_yaw": 0, "rot_roll": 0, "rot_pitch": 0}	active	\N	Line_Library/ProdLine/L_SMT_HST/Machine/id_HOTFLOW_3_26_XL_RF02.usd	2026-05-26 07:25:31.427188+00	2026-05-26 08:21:19.186139+00	f
adbe373f-3216-4871-8548-32c463aac86f	17b6c640-8167-45d0-8790-df512eb54264	a3c67e95-8c39-45df-8d79-d850381a7313	id_Panasonic_NPM_W2_PP05	{"pos_x": 0, "pos_y": 0, "pos_z": 0}	{"rot_yaw": 0, "rot_roll": 0, "rot_pitch": 0}	active	\N	Line_Library/ProdLine/L_SMT_HST/Machine/id_Panasonic_NPM_W2_PP05.usd	2026-05-26 08:21:19.186139+00	2026-05-26 08:21:19.186139+00	f
b22db9ce-d483-4901-b39d-e288e6652861	17b6c640-8167-45d0-8790-df512eb54264	a3c67e95-8c39-45df-8d79-d850381a7313	id_Panasonic_NPM_W2_PP03	{"pos_x": 0, "pos_y": 0, "pos_z": 0}	{"rot_yaw": 0, "rot_roll": 0, "rot_pitch": 0}	active	\N	Line_Library/ProdLine/L_SMT_HST/Machine/id_Panasonic_NPM_W2_PP03.usd	2026-05-26 07:25:31.427188+00	2026-05-26 08:21:19.186139+00	f
b2bdc5f6-ae5b-4a45-a2ba-30e7c27244a9	17b6c640-8167-45d0-8790-df512eb54264	578d3e70-19d1-4efc-8220-e2b00fc309ca	id_TR7700L_SIII_AOI01	{"pos_x": 0, "pos_y": 0, "pos_z": 0}	{"rot_yaw": 0, "rot_roll": 0, "rot_pitch": 0}	active	\N	Line_Library/ProdLine/L_SMT_HST/Machine/id_TR7700L_SIII_AOI01.usd	2026-05-26 07:25:31.427188+00	2026-05-26 08:21:19.186139+00	f
b6ae653e-198e-41d4-895c-1651f9650610	f26ba798-71f4-48d0-a896-d13366b857a3	ebcc693b-7fdf-4308-90e5-ed202cebc125	id_MEP_8TL_PF02	{"pos_x": 0, "pos_y": 0, "pos_z": 0}	{"rot_yaw": 0, "rot_roll": 0, "rot_pitch": 0}	active	\N	Line_Library/ProdLine/L_SMT_Bianca_Xray/Machine/id_MEP_8TL_PF02.usd	2026-05-26 07:25:31.427188+00	2026-05-26 08:21:19.186139+00	f
b955e7f5-8c9e-493f-a097-03efba06b9a2	ef88adc1-1759-4b42-8338-f36a5a1c710c	06aaf9aa-57e7-4f8d-b273-4aead63ae0e7	id_CT_HOUM548BS_BS01	{"pos_x": 0, "pos_y": 0, "pos_z": 0}	{"rot_yaw": 0, "rot_roll": 0, "rot_pitch": 0}	active	\N	Line_Library/ProdLine/L_HST_Module/Machine/id_CT_HOUM548BS_BS01.usd	2026-05-26 06:55:40.18724+00	2026-05-26 08:21:19.186139+00	f
beb73ccb-1f6d-433b-9585-21fe7c5ad6e6	8e51d14a-b6ca-4e5f-8e45-60690cdd51fa	8d56a91f-b16f-4381-8979-1dde2d7c459d	id_CT_HOPBHM_HM07	{"pos_x": 0, "pos_y": 0, "pos_z": 0}	{"rot_yaw": 0, "rot_roll": 0, "rot_pitch": 0}	active	\N	Line_Library/ProdLine/L_HST_PACK/Machine/id_CT_HOPBHM_HM07.usd	2026-05-26 06:55:40.18724+00	2026-05-26 06:55:40.18724+00	f
c42b8580-5859-498e-8cdd-9948b669f6d0	17b6c640-8167-45d0-8790-df512eb54264	dbb2f993-0015-4b99-b75e-399c4d6ddf8c	id_TR7007L_SII_Plus_SPI01	{"pos_x": 0, "pos_y": 0, "pos_z": 0}	{"rot_yaw": 0, "rot_roll": 0, "rot_pitch": 0}	active	\N	Line_Library/ProdLine/L_SMT_HST/Machine/id_TR7007L_SII_Plus_SPI01.usd	2026-05-26 08:21:19.186139+00	2026-05-26 08:21:19.186139+00	f
c4e9c4e7-b90b-42cf-8a9e-fd9263391132	f26ba798-71f4-48d0-a896-d13366b857a3	ebcc693b-7fdf-4308-90e5-ed202cebc125	id_MEP_8TL_PF04	{"pos_x": 0, "pos_y": 0, "pos_z": 0}	{"rot_yaw": 0, "rot_roll": 0, "rot_pitch": 0}	active	\N	Line_Library/ProdLine/L_SMT_Bianca_Xray/Machine/id_MEP_8TL_PF04.usd	2026-05-26 08:21:19.186139+00	2026-05-26 08:21:19.186139+00	f
c5135048-031e-4dfa-abfe-1968c49ec5ec	17b6c640-8167-45d0-8790-df512eb54264	eff332e7-674b-443a-ba34-baeeec54c94e	id_SGC_160B_CONV06	{"pos_x": 0, "pos_y": 0, "pos_z": 0}	{"rot_yaw": 0, "rot_roll": 0, "rot_pitch": 0}	active	\N	Line_Library/ProdLine/L_SMT_HST/Machine/id_SGC_160B_CONV06.usd	2026-05-26 08:21:19.186139+00	2026-05-26 08:21:19.186139+00	f
d3244a82-22bb-441a-8b58-0019738660a9	17b6c640-8167-45d0-8790-df512eb54264	4099a90c-4677-4b7d-ab1d-be76b7a694c0	id_SWT_200A_CONV016	{"pos_x": 0, "pos_y": 0, "pos_z": 0}	{"rot_yaw": 0, "rot_roll": 0, "rot_pitch": 0}	active	\N	Line_Library/ProdLine/L_SMT_HST/Machine/id_SWT_200A_CONV016.usd	2026-05-26 07:25:31.427188+00	2026-05-26 08:21:19.186139+00	f
dd7be83b-09fb-4ad0-91c2-1932a152c00a	f26ba798-71f4-48d0-a896-d13366b857a3	61f54a0c-eaf5-4729-a336-ddf66403748f	id_V810i_S2_XLT_BX02	{"pos_x": 0, "pos_y": 0, "pos_z": 0}	{"rot_yaw": 0, "rot_roll": 0, "rot_pitch": 0}	active	\N	Line_Library/ProdLine/L_SMT_Bianca_Xray/Machine/id_V810i_S2_XLT_BX02.usd	2026-05-26 07:25:31.427188+00	2026-05-26 08:21:19.186139+00	f
ec90ff9d-4255-4841-8294-6e1133d3ab46	17b6c640-8167-45d0-8790-df512eb54264	a3c67e95-8c39-45df-8d79-d850381a7313	id_Panasonic_NPM_W2_PP13	{"pos_x": 0, "pos_y": 0, "pos_z": 0}	{"rot_yaw": 0, "rot_roll": 0, "rot_pitch": 0}	active	\N	Line_Library/ProdLine/L_SMT_HST/Machine/id_Panasonic_NPM_W2_PP13.usd	2026-05-26 07:25:31.427188+00	2026-05-26 08:21:19.186139+00	f
f295ee21-ebcd-4856-b4ca-2cd4434bb2ed	17b6c640-8167-45d0-8790-df512eb54264	9e7e6310-3495-468f-ade2-28583542079e	id_TR7500L_SIII_AOI04	{"pos_x": 0, "pos_y": 0, "pos_z": 0}	{"rot_yaw": 0, "rot_roll": 0, "rot_pitch": 0}	active	\N	Line_Library/ProdLine/L_SMT_HST/Machine/id_TR7500L_SIII_AOI04.usd	2026-05-26 08:21:19.186139+00	2026-05-26 08:21:19.186139+00	f
\.


--
-- Name: asset_categories asset_categories_pkey; Type: CONSTRAINT; Schema: public; Owner: postgres
--

ALTER TABLE ONLY public.asset_categories
    ADD CONSTRAINT asset_categories_pkey PRIMARY KEY (id);


--
-- Name: asset_type_dict asset_type_dict_pkey; Type: CONSTRAINT; Schema: public; Owner: postgres
--

ALTER TABLE ONLY public.asset_type_dict
    ADD CONSTRAINT asset_type_dict_pkey PRIMARY KEY (code);


--
-- Name: equipment_model_details equipment_model_details_pkey; Type: CONSTRAINT; Schema: public; Owner: postgres
--

ALTER TABLE ONLY public.equipment_model_details
    ADD CONSTRAINT equipment_model_details_pkey PRIMARY KEY (id);


--
-- Name: instance_asset_type_dict instance_asset_type_dict_pkey; Type: CONSTRAINT; Schema: public; Owner: postgres
--

ALTER TABLE ONLY public.instance_asset_type_dict
    ADD CONSTRAINT instance_asset_type_dict_pkey PRIMARY KEY (code);


--
-- Name: line_model_details line_model_details_pkey; Type: CONSTRAINT; Schema: public; Owner: postgres
--

ALTER TABLE ONLY public.line_model_details
    ADD CONSTRAINT line_model_details_pkey PRIMARY KEY (id);


--
-- Name: line_model_equipment_rel line_model_equipment_rel_pkey; Type: CONSTRAINT; Schema: public; Owner: postgres
--

ALTER TABLE ONLY public.line_model_equipment_rel
    ADD CONSTRAINT line_model_equipment_rel_pkey PRIMARY KEY (id);


--
-- Name: uq_line_model_equipment_rel_live; Type: INDEX; Schema: public; Owner: postgres
--

CREATE UNIQUE INDEX uq_line_model_equipment_rel_live ON public.line_model_equipment_rel USING btree (line_model_id, equipment_model_id, instance_name) WHERE (is_deleted = false);


--
-- Name: asset_categories asset_categories_type_fkey; Type: FK CONSTRAINT; Schema: public; Owner: postgres
--

ALTER TABLE ONLY public.asset_categories
    ADD CONSTRAINT asset_categories_type_fkey FOREIGN KEY (type) REFERENCES public.asset_type_dict(code) ON UPDATE CASCADE;


--
-- Name: line_model_equipment_rel line_model_equipment_rel_equipment_model_id_fkey; Type: FK CONSTRAINT; Schema: public; Owner: postgres
--

ALTER TABLE ONLY public.line_model_equipment_rel
    ADD CONSTRAINT line_model_equipment_rel_equipment_model_id_fkey FOREIGN KEY (equipment_model_id) REFERENCES public.equipment_model_details(id) ON DELETE CASCADE;


--
-- Name: line_model_equipment_rel line_model_equipment_rel_line_model_id_fkey; Type: FK CONSTRAINT; Schema: public; Owner: postgres
--

ALTER TABLE ONLY public.line_model_equipment_rel
    ADD CONSTRAINT line_model_equipment_rel_line_model_id_fkey FOREIGN KEY (line_model_id) REFERENCES public.line_model_details(id) ON DELETE CASCADE;


--
-- PostgreSQL database dump complete
--

\unrestrict rDOneWpkqHquGlsOvQ9RvXfHDStJTkltbmRQiqqIkFySLCE8vS1RHvQ2LOtkAgL

