id,name,code,type,parent_id,description,thumbnail_path,asset_total_count,is_deleted,created_at,updated_at
005ea1bb-ac2c-46ac-95bb-b89ffee0028a,CT_HBNCZSHMF,711849422664765441,equipment_model,fadd3b82-156e-49a2-a829-ab102d8975a7,,,0,f,2026-05-19 07:55:27.855028+00,2026-05-19 07:55:27.855028+00
029e7700-2ff6-4f65-b861-6c8ac5e751ac,CAC_670,711849422555713536,equipment_model,fadd3b82-156e-49a2-a829-ab102d8975a7,,,0,f,2026-05-19 07:55:27.855028+00,2026-05-19 07:55:27.855028+00
0414971d-f932-4cf7-8249-f9d6b4ecd54a,CT_HOPBHM_A,711833447613599744,equipment_model,fadd3b82-156e-49a2-a829-ab102d8975a7,,,0,f,2026-05-19 06:51:59.123683+00,2026-05-19 06:51:59.123683+00
04ca0a25-42fd-44f2-b13d-fe43464c34e9,CT_HOUM548ZPRL_01,711849422836731908,equipment_model,fadd3b82-156e-49a2-a829-ab102d8975a7,,,0,f,2026-05-19 07:55:27.855028+00,2026-05-19 07:55:27.855028+00
0505b206-1c59-49c0-a6da-42dfb549f8ff,CT_HCM548TS1_R,711849422752845824,equipment_model,fadd3b82-156e-49a2-a829-ab102d8975a7,,,0,f,2026-05-19 07:55:27.855028+00,2026-05-19 07:55:27.855028+00
08e38cb5-5848-4136-bf15-98dae0eeca4a,CT_HOUM548YH11,711849422836731904,equipment_model,fadd3b82-156e-49a2-a829-ab102d8975a7,,,0,f,2026-05-19 07:55:27.855028+00,2026-05-19 07:55:27.855028+00
09dde6c1-103a-474e-a898-65d1aced1a32,roll_zx01,707121977545986048,equipment_model,fadd3b82-156e-49a2-a829-ab102d8975a7,,,0,f,2026-05-06 06:50:11.27645+00,2026-05-06 06:50:11.27645+00
09fce04e-36e6-48ab-a443-461b25a6346d,CT_BNCCMYZJ,711849422568296448,equipment_model,fadd3b82-156e-49a2-a829-ab102d8975a7,,,0,f,2026-05-19 07:55:27.855028+00,2026-05-19 07:55:27.855028+00
0a0b24af-426c-4e6b-a399-663e304caa8e,ORCHIDBAY_ASSEMBLY,707520200890650624,equipment_model,fadd3b82-156e-49a2-a829-ab102d8975a7,,,0,f,2026-05-07 09:12:34.571504+00,2026-05-07 09:12:34.571504+00
0a472fef-6094-4caa-a017-b0ad9e75bfa8,L_MBD_SMT_B_2_NEW,707521479318704128,line_model,207f737a-5b1e-4b14-bf31-7932c4576271,,,0,f,2026-05-07 09:17:38.945902+00,2026-05-27 06:02:47.084121+00
0b84c8ab-cacb-4eaf-941f-5152a6da8f50,CT_HOP9YZJ,711838381255954433,equipment_model,fadd3b82-156e-49a2-a829-ab102d8975a7,,,0,f,2026-05-19 07:11:35.399963+00,2026-05-19 07:11:35.399963+00
0bba5d2d-b0f2-4630-94ce-e4b8d3837cbe,L_MBD_MMC,707521503570169856,line_model,7dfb83ad-1ec0-4ad9-8815-4af2b7ae6aea,,,0,f,2026-05-07 09:17:38.945902+00,2026-05-07 09:17:38.945902+00
0bc024f4-bfda-498f-8236-103d62c92559,CT_HOP9SSG,711838381251760132,equipment_model,fadd3b82-156e-49a2-a829-ab102d8975a7,,,0,f,2026-05-19 07:11:35.399963+00,2026-05-19 07:11:35.399963+00
0bdd6979-cf06-4813-a5d4-2e190615ecaa,Packing_01,707121975742435328,equipment_model,fadd3b82-156e-49a2-a829-ab102d8975a7,,,0,f,2026-05-06 06:50:11.27645+00,2026-05-06 06:50:11.27645+00
0ced258b-d512-42dc-9513-f1a8f5b44f73,CT_HCM548HM,711849422719291393,equipment_model,fadd3b82-156e-49a2-a829-ab102d8975a7,,,0,f,2026-05-19 07:55:27.855028+00,2026-05-19 07:55:27.855028+00
0dac43a3-194e-4e34-bf72-e2ac99c2bc2a,CT_HOPBCRO,711833447596822528,equipment_model,fadd3b82-156e-49a2-a829-ab102d8975a7,,,0,f,2026-05-19 06:51:59.123683+00,2026-05-19 06:51:59.123683+00
0ddc9a5f-441d-4d49-aac9-537c7b9cb8af,EMA2064,706705079834513408,equipment_model,fadd3b82-156e-49a2-a829-ab102d8975a7,,,0,f,2026-05-05 03:13:36.72587+00,2026-05-05 03:13:36.72587+00
0e340b04-9763-439e-9ac2-45b866d60bcc,VT_610M_II,706705080425910272,equipment_model,fadd3b82-156e-49a2-a829-ab102d8975a7,,,0,f,2026-05-05 03:13:36.72587+00,2026-05-05 03:13:36.72587+00
0e3791f7-af77-4e1a-890b-f41b0a1fc700,CT_HOUM548TS1,711849422832537602,equipment_model,fadd3b82-156e-49a2-a829-ab102d8975a7,,,0,f,2026-05-19 07:55:27.855028+00,2026-05-19 07:55:27.855028+00
0e3a4262-d58e-47aa-a305-ca4c76c291c7,roll_05,707121977353048064,equipment_model,fadd3b82-156e-49a2-a829-ab102d8975a7,,,0,f,2026-05-06 06:50:11.27645+00,2026-05-06 06:50:11.27645+00
0fc8b24a-e11a-4ec8-a832-ab6319498c32,CT_HBNCZSMD,711849422673154049,equipment_model,fadd3b82-156e-49a2-a829-ab102d8975a7,,,0,f,2026-05-19 07:55:27.855028+00,2026-05-19 07:55:27.855028+00
0ff19418-becd-4e95-bbc6-3834dab7a23e,BorderLoading,707520200320225280,equipment_model,fadd3b82-156e-49a2-a829-ab102d8975a7,,,0,f,2026-05-07 09:12:34.571504+00,2026-05-07 09:12:34.571504+00
1015375a-7926-4694-bfcd-9a8535d6efc4,SBC_200A,711849422933200901,equipment_model,fadd3b82-156e-49a2-a829-ab102d8975a7,,,0,f,2026-05-19 07:55:27.855028+00,2026-05-19 07:55:27.855028+00
103ab5fe-2a2b-44bb-ada3-89b5b6c4bb07,CT_BNCZSTPM,711849422631211009,equipment_model,fadd3b82-156e-49a2-a829-ab102d8975a7,,,0,f,2026-05-19 07:55:27.855028+00,2026-05-19 07:55:27.855028+00
10a183b7-4773-4f76-acd3-f93ebab7b8fb,SVP_750,711849422945783808,equipment_model,fadd3b82-156e-49a2-a829-ab102d8975a7,,,0,f,2026-05-19 07:55:27.855028+00,2026-05-19 07:55:27.855028+00
1180f35b-6f2b-470d-9a1a-9b2cc2f35bfc,Packing_07,707121976413523968,equipment_model,fadd3b82-156e-49a2-a829-ab102d8975a7,,,0,f,2026-05-06 06:50:11.27645+00,2026-05-06 06:50:11.27645+00
11cc0c9c-8bcc-4f80-a61e-d2b2adc2344f,CT_HOPBYZ,711833447630376962,equipment_model,fadd3b82-156e-49a2-a829-ab102d8975a7,,,0,f,2026-05-19 06:51:59.123683+00,2026-05-19 06:51:59.123683+00
1241cee7-9608-4da5-b4ea-4def5ecda283,X8VFICassettes,707124120705306624,equipment_model,fadd3b82-156e-49a2-a829-ab102d8975a7,,,0,f,2026-05-06 06:58:42.47232+00,2026-05-06 06:58:42.47232+00
12692cf0-d572-4e3c-b29f-57f94e1f09c0,CT_HOUM548SFL,711849422819954693,equipment_model,fadd3b82-156e-49a2-a829-ab102d8975a7,,,0,f,2026-05-19 07:55:27.855028+00,2026-05-19 07:55:27.855028+00
127c7c3c-5014-4a4f-b449-a34b7178ad50,CT_HOP9WTB,711849422782205953,equipment_model,fadd3b82-156e-49a2-a829-ab102d8975a7,,,0,f,2026-05-19 07:55:27.855028+00,2026-05-19 07:55:27.855028+00
12adb0a4-66f5-457d-9b3a-7666af177140,TR7007L_SII_Plus,711849422949978114,equipment_model,fadd3b82-156e-49a2-a829-ab102d8975a7,,,0,f,2026-05-19 07:55:27.855028+00,2026-05-19 07:55:27.855028+00
12b21e15-980a-4a06-9887-0e61a36d07d1,NPM_WX_CART,706705080094560256,equipment_model,47ce96f7-a6ed-494d-b109-b30982575720,,,0,f,2026-05-05 03:13:36.72587+00,2026-05-27 06:25:18.677323+00
14549505-5f40-4a9f-b63d-a60a2bacb485,CT_HBNCZSCP,711849422656376836,equipment_model,fadd3b82-156e-49a2-a829-ab102d8975a7,,,0,f,2026-05-19 07:55:27.855028+00,2026-05-19 07:55:27.855028+00
14cd8d98-ffba-4bbf-9fec-8190190c8ee3,CT_HBNCZSBP,711849422656376832,equipment_model,fadd3b82-156e-49a2-a829-ab102d8975a7,,,0,f,2026-05-19 07:55:27.855028+00,2026-05-19 07:55:27.855028+00
169bf05a-4294-4365-8ac1-ddde81bed460,HST_ASRS_FRAME,712630567891374080,equipment_model,fadd3b82-156e-49a2-a829-ab102d8975a7,,,0,f,2026-05-21 11:39:27.413971+00,2026-05-21 11:39:27.413971+00
16ce8805-3c2f-43c2-a871-e25db0b5e775,TR8100L_SII_INLINE,711849422970949633,equipment_model,fadd3b82-156e-49a2-a829-ab102d8975a7,,,0,f,2026-05-19 07:55:27.855028+00,2026-05-19 07:55:27.855028+00
17a21fda-264b-478a-8b12-ac2984061552,CT_HOUCCSCPSC,711834115913027584,equipment_model,fadd3b82-156e-49a2-a829-ab102d8975a7,,,0,f,2026-05-19 06:54:38.469855+00,2026-05-19 06:54:38.469855+00
1905498a-8087-4339-aa7a-67d74b383d91,CT_BNCZSPCBSC,711849422622822404,equipment_model,fadd3b82-156e-49a2-a829-ab102d8975a7,,,0,f,2026-05-19 07:55:27.855028+00,2026-05-19 07:55:27.855028+00
1b925fcf-d0f8-4892-a7b7-df4459f457ed,CT_HBNCZSIOBSC,711849422668959748,equipment_model,fadd3b82-156e-49a2-a829-ab102d8975a7,,,0,f,2026-05-19 07:55:27.855028+00,2026-05-19 07:55:27.855028+00
1bda69ad-1593-4ba3-95fd-a99a4e8cdde1,MYTSJH000,712630567895568384,equipment_model,fadd3b82-156e-49a2-a829-ab102d8975a7,,,0,f,2026-05-21 11:39:27.413971+00,2026-05-21 11:39:27.413971+00
1d4f92c4-156e-4009-8dfb-aaf7b35e66a3,CT_BNCZSSL,711849422627016706,equipment_model,fadd3b82-156e-49a2-a829-ab102d8975a7,,,0,f,2026-05-19 07:55:27.855028+00,2026-05-19 07:55:27.855028+00
1e2ab774-3f00-4fee-81e2-66bc39b0ebc5,PCT_RL,706705080153280512,equipment_model,fadd3b82-156e-49a2-a829-ab102d8975a7,,,0,f,2026-05-05 03:13:36.72587+00,2026-05-05 03:13:36.72587+00
1e35c0dc-99aa-4dbb-b495-e5cf2e1eee22,CT_HOUM548DRJBF,711849422803177476,equipment_model,fadd3b82-156e-49a2-a829-ab102d8975a7,,,0,f,2026-05-19 07:55:27.855028+00,2026-05-19 07:55:27.855028+00
1f2feb2a-db52-4533-8bf0-4fe5d67a602a,CT_HCM548SFL25_R,711849422744457216,equipment_model,fadd3b82-156e-49a2-a829-ab102d8975a7,,,0,f,2026-05-19 07:55:27.855028+00,2026-05-19 07:55:27.855028+00
2045e11e-3e5a-4c5e-8b2a-61999ec05e2d,CT_BNCZMCV_02,711849422576685060,equipment_model,fadd3b82-156e-49a2-a829-ab102d8975a7,,,0,f,2026-05-19 07:55:27.855028+00,2026-05-19 07:55:27.855028+00
207f737a-5b1e-4b14-bf31-7932c4576271,SMT-002,SMT-002,line_type,d2ff0103-d506-45bf-bc97-85b7bc00fe74,SMT-002,,0,f,2026-05-16 10:38:56.024923+00,2026-05-16 10:38:56.024923+00
20f7de72-ceef-45aa-b43a-8c4fcc71c579,CT_HOP9_IIZJ,711838381264343044,equipment_model,fadd3b82-156e-49a2-a829-ab102d8975a7,,,0,f,2026-05-19 07:11:35.399963+00,2026-05-19 07:11:35.399963+00
211018c2-ef34-4fff-b1e2-0b63034415bc,CT_HCM548DRJ2,711849422706708481,equipment_model,fadd3b82-156e-49a2-a829-ab102d8975a7,,,0,f,2026-05-19 07:55:27.855028+00,2026-05-19 07:55:27.855028+00
21dc36cc-8d02-4d14-9742-072cdf1ac162,CT_HCM548SFL25,711849422740262913,equipment_model,fadd3b82-156e-49a2-a829-ab102d8975a7,,,0,f,2026-05-19 07:55:27.855028+00,2026-05-19 07:55:27.855028+00
21f8cc63-a0bf-4ca5-b692-884165d6751b,CT_HCM548FM23_R,711849422715097090,equipment_model,fadd3b82-156e-49a2-a829-ab102d8975a7,,,0,f,2026-05-19 07:55:27.855028+00,2026-05-19 07:55:27.855028+00
221d565d-c935-4e3c-8dc7-a1bf458c38e1,PF_Machine,711849422908035073,equipment_model,fadd3b82-156e-49a2-a829-ab102d8975a7,,,0,f,2026-05-19 07:55:27.855028+00,2026-05-19 07:55:27.855028+00
2286bf63-d2a3-4f11-9d70-b625e0896d30,FLYTAKE,706705079897427968,equipment_model,47ce96f7-a6ed-494d-b109-b30982575720,,,0,f,2026-05-05 03:13:36.72587+00,2026-05-28 06:02:41.484113+00
23874995-0caa-4dce-b15d-5a98110b7659,Conveyor_80cm,711849422874480641,equipment_model,fadd3b82-156e-49a2-a829-ab102d8975a7,,,0,f,2026-05-19 07:55:27.855028+00,2026-05-19 07:55:27.855028+00
2452f932-b105-4bc3-b989-d53eb0ad4cc7,CSM_JTAG,707124119648342016,equipment_model,fadd3b82-156e-49a2-a829-ab102d8975a7,,,0,f,2026-05-06 06:58:42.47232+00,2026-05-06 06:58:42.47232+00
279c7cab-d299-4fe6-afd8-bbabbdee82f7,CT_BNCZSIOBSC,711849422614433795,equipment_model,fadd3b82-156e-49a2-a829-ab102d8975a7,,,0,f,2026-05-19 07:55:27.855028+00,2026-05-19 07:55:27.855028+00
28695da6-6e80-452c-a5f0-5c3668669698,CT_HBNCZSTPM,711849422681542656,equipment_model,fadd3b82-156e-49a2-a829-ab102d8975a7,,,0,f,2026-05-19 07:55:27.855028+00,2026-05-19 07:55:27.855028+00
28b9b19d-4788-4865-a612-3ba0452094fc,CT_PTH_RS_TBL,711838381268537346,equipment_model,fadd3b82-156e-49a2-a829-ab102d8975a7,,,0,f,2026-05-19 07:11:35.399963+00,2026-05-19 07:11:35.399963+00
29b590cf-d6d7-4140-9c92-ab2acb07cfc9,CT_HOPBFKB,711833447601016832,equipment_model,fadd3b82-156e-49a2-a829-ab102d8975a7,,,0,f,2026-05-19 06:51:59.123683+00,2026-05-19 06:51:59.123683+00
29c762e5-5cb1-4736-a17e-b0fdb05a3ff6,CT_HOP9ZZJ,711838381260148740,equipment_model,fadd3b82-156e-49a2-a829-ab102d8975a7,,,0,f,2026-05-19 07:11:35.399963+00,2026-05-19 07:11:35.399963+00
2a4fc684-6a59-4aaa-94d0-cb784d60e800,E01_2DETACHABLE,707124119811919872,equipment_model,fadd3b82-156e-49a2-a829-ab102d8975a7,,,0,f,2026-05-06 06:58:42.47232+00,2026-05-06 06:58:42.47232+00
2a86d7e8-acde-46a3-8119-590f87a2d2c0,8300_32SLC,711849422543130626,equipment_model,fadd3b82-156e-49a2-a829-ab102d8975a7,,,0,f,2026-05-19 07:55:27.855028+00,2026-05-19 07:55:27.855028+00
2ab6a6ef-b4d4-4af0-85fc-5f0a8d155b02,CT_HOP9SSJ,711849422778011648,equipment_model,fadd3b82-156e-49a2-a829-ab102d8975a7,,,0,f,2026-05-19 07:55:27.855028+00,2026-05-19 07:55:27.855028+00
2e0a4d20-5545-4390-a4e1-1b81dfc7c52e,LBSMMC5M,707124120260710400,equipment_model,fadd3b82-156e-49a2-a829-ab102d8975a7,,,0,f,2026-05-06 06:58:42.47232+00,2026-05-06 06:58:42.47232+00
2e68722d-7b88-4333-a474-7b4d8e90adb0,PCT_LR,PCT_LR,equipment_model,fadd3b82-156e-49a2-a829-ab102d8975a7,PCT_LR,,0,f,2026-05-05 03:13:36.72587+00,2026-05-16 10:51:39.684987+00
2ed9562d-eedd-4c9e-94f3-a7591a63b5b5,ManualStation_AWCPB,707518785615040512,equipment_model,fadd3b82-156e-49a2-a829-ab102d8975a7,,,0,f,2026-05-07 09:06:57.268981+00,2026-05-07 09:06:57.268981+00
2f36981a-0a4b-4c31-b28d-3427131ef5e7,YSF_VEX6_YSF_VEX7,711849422991921156,equipment_model,fadd3b82-156e-49a2-a829-ab102d8975a7,,,0,f,2026-05-19 07:55:27.855028+00,2026-05-19 07:55:27.855028+00
30320733-1de9-4ea6-b17a-69ae731e3e01,TR7600F3D_SII,711849422954172417,equipment_model,fadd3b82-156e-49a2-a829-ab102d8975a7,,,0,f,2026-05-19 07:55:27.855028+00,2026-05-19 07:55:27.855028+00
315646a3-0cc5-4a0d-85c6-5574a2ac6574,CT_HCM548BS18_R,711849422689931268,equipment_model,fadd3b82-156e-49a2-a829-ab102d8975a7,,,0,f,2026-05-19 07:55:27.855028+00,2026-05-19 07:55:27.855028+00
32ec7d44-5c26-48ed-87a1-b6843f02e990,Portwell_Rack_6U,711849422924812292,equipment_model,fadd3b82-156e-49a2-a829-ab102d8975a7,,,0,f,2026-05-19 07:55:27.855028+00,2026-05-19 07:55:27.855028+00
3485b8ff-36cb-4cc3-9d3e-e18b995d9ac5,E01_6S_MTCJ61256SCMSTRAY002,707124119862251520,equipment_model,fadd3b82-156e-49a2-a829-ab102d8975a7,,,0,f,2026-05-06 06:58:42.47232+00,2026-05-06 06:58:42.47232+00
35baedfb-0384-4225-a546-2bba18f28652,CT_BNCZSMD,711849422622822400,equipment_model,fadd3b82-156e-49a2-a829-ab102d8975a7,,,0,f,2026-05-19 07:55:27.855028+00,2026-05-19 07:55:27.855028+00
35e478fe-2a91-4050-a645-196bac1e89b1,CT_HOPBWXXZ,711833447626182660,equipment_model,fadd3b82-156e-49a2-a829-ab102d8975a7,,,0,f,2026-05-19 06:51:59.123683+00,2026-05-19 06:51:59.123683+00
37726d31-b7c3-43b3-ac88-6c72afce9e3a,X8CSMVFI,707124120680140800,equipment_model,fadd3b82-156e-49a2-a829-ab102d8975a7,,,0,f,2026-05-06 06:58:42.47232+00,2026-05-06 06:58:42.47232+00
39c628ab-fdd2-4064-967c-998e70ceff68,CT_HOUCCSCP,711834115904638976,equipment_model,fadd3b82-156e-49a2-a829-ab102d8975a7,,,0,f,2026-05-19 06:54:38.469855+00,2026-05-19 06:54:38.469855+00
3a66bb1c-8e1d-462b-a704-4cfddc4b566c,CT_BNCZSHMC,711849422610239488,equipment_model,fadd3b82-156e-49a2-a829-ab102d8975a7,,,0,f,2026-05-19 07:55:27.855028+00,2026-05-19 07:55:27.855028+00
3b045361-ba55-419e-8814-e8b046e72475,L_MBD_SMT,706699739474694144,line_model,207f737a-5b1e-4b14-bf31-7932c4576271,,,0,f,2026-05-05 02:52:22.686573+00,2026-05-27 06:02:24.278217+00
3b6ac295-98ea-46d3-aec1-7372bf0f8501,CT_HBNCZMULD,711849422652182530,equipment_model,fadd3b82-156e-49a2-a829-ab102d8975a7,,,0,f,2026-05-19 07:55:27.855028+00,2026-05-19 07:55:27.855028+00
3c7b88fe-17c1-4aca-b722-721dcf2ce7b0,MSS_L_T3F3,711849422899646464,equipment_model,fadd3b82-156e-49a2-a829-ab102d8975a7,,,0,f,2026-05-19 07:55:27.855028+00,2026-05-19 07:55:27.855028+00
3e67a6d3-2dad-4245-9af3-e4ce3b3c2abf,GTX28000000,712630567870402560,equipment_model,fadd3b82-156e-49a2-a829-ab102d8975a7,,,0,f,2026-05-21 11:39:27.413971+00,2026-05-21 11:39:27.413971+00
3f7bfca6-ddec-4938-a397-a25d1ab48c36,L_MBD_Orichid,707521515146448896,line_model,7dfb83ad-1ec0-4ad9-8815-4af2b7ae6aea,,,0,f,2026-05-07 09:17:38.945902+00,2026-05-07 09:17:38.945902+00
405ea1a9-ba71-499f-8c91-4bc058c30344,CT_HOPBFWX1,711833447605211136,equipment_model,fadd3b82-156e-49a2-a829-ab102d8975a7,,,0,f,2026-05-19 06:51:59.123683+00,2026-05-19 06:51:59.123683+00
4068c8ad-dfe2-4e50-b61f-f3ce1e7e292f,CT_BNCZSIOB,711849422610239492,equipment_model,fadd3b82-156e-49a2-a829-ab102d8975a7,,,0,f,2026-05-19 07:55:27.855028+00,2026-05-19 07:55:27.855028+00
4168876a-9d48-4b0c-858f-5bcd14c12e81,L_MBD_OrichidBay,707521516937416704,line_model,7dfb83ad-1ec0-4ad9-8815-4af2b7ae6aea,,,0,f,2026-05-07 09:17:38.945902+00,2026-05-07 09:17:38.945902+00
42ce90e7-c449-44bb-9114-b07e05a02e85,L_MBD_SMT_B_2,706699738124128256,line_model,207f737a-5b1e-4b14-bf31-7932c4576271,,,0,f,2026-05-05 02:52:22.686573+00,2026-05-27 06:02:30.363394+00
431a881c-0985-4a44-951d-178b0e0b0c99,Packing_04,707121976245751808,equipment_model,fadd3b82-156e-49a2-a829-ab102d8975a7,,,0,f,2026-05-06 06:50:11.27645+00,2026-05-06 06:50:11.27645+00
4400c183-2fab-404f-b9ee-8290384c347b,ISP_A2,711849422887063554,equipment_model,fadd3b82-156e-49a2-a829-ab102d8975a7,,,0,f,2026-05-19 07:55:27.855028+00,2026-05-19 07:55:27.855028+00
4478cd93-46ed-4f75-8d9c-70abb1e4b75a,CT_HOPBFWX2,711833447605211140,equipment_model,fadd3b82-156e-49a2-a829-ab102d8975a7,,,0,f,2026-05-19 06:51:59.123683+00,2026-05-19 06:51:59.123683+00
449e9d39-ab08-4cfc-9980-df508fac1c6d,CT_HOUCCSCX8,711834115913027588,equipment_model,fadd3b82-156e-49a2-a829-ab102d8975a7,,,0,f,2026-05-19 06:54:38.469855+00,2026-05-19 06:54:38.469855+00
4661b789-bfb1-48ee-9592-a7c66e69ad5e,CT_HOUCCSLD,711834115921416196,equipment_model,fadd3b82-156e-49a2-a829-ab102d8975a7,,,0,f,2026-05-19 06:54:38.469855+00,2026-05-19 06:54:38.469855+00
47ce96f7-a6ed-494d-b109-b30982575720,设备类型,SMT_Equipment,equipment_type,d2ff0103-d506-45bf-bc97-85b7bc00fe74,SMT_Equipment 类型,,0,f,2026-05-27 00:38:01.982564+00,2026-05-27 00:38:01.982564+00
4858dd60-536b-4d46-ae36-e35d22706687,PCBA_ScrewFastening,707518785770229760,equipment_model,fadd3b82-156e-49a2-a829-ab102d8975a7,,,0,f,2026-05-07 09:06:57.268981+00,2026-05-07 09:06:57.268981+00
485abeab-0315-4e63-bfd8-95bde785d477,CT_HOPBHM,711833447609405441,equipment_model,fadd3b82-156e-49a2-a829-ab102d8975a7,,,0,f,2026-05-19 06:51:59.123683+00,2026-05-19 06:51:59.123683+00
49605f72-436e-40d8-9006-dbd6c9c23621,LBS_MPO,707124120298459136,equipment_model,fadd3b82-156e-49a2-a829-ab102d8975a7,,,0,f,2026-05-06 06:58:42.47232+00,2026-05-06 06:58:42.47232+00
49b7e054-bb2b-459a-9a0c-387a3e978344,TR7700L_QH_SII,711849422958366723,equipment_model,fadd3b82-156e-49a2-a829-ab102d8975a7,,,0,f,2026-05-19 07:55:27.855028+00,2026-05-19 07:55:27.855028+00
49f07603-ae01-400d-9b1a-f31fb9045b0c,SBC_100A,711849422933200897,equipment_model,fadd3b82-156e-49a2-a829-ab102d8975a7,,,0,f,2026-05-19 07:55:27.855028+00,2026-05-19 07:55:27.855028+00
4b1fe4c0-4677-4dd8-ac1b-d565ab4ba103,L_HST_PACK,711849487861026816,line_model,7dfb83ad-1ec0-4ad9-8815-4af2b7ae6aea,,,0,f,2026-05-19 07:55:43.363664+00,2026-05-19 07:55:43.363664+00
4db38664-09db-42ed-81f9-ca59c4abc737,CT_TWNF10_07_A001,711838381272731648,equipment_model,fadd3b82-156e-49a2-a829-ab102d8975a7,,,0,f,2026-05-19 07:11:35.399963+00,2026-05-19 07:11:35.399963+00
4e72caa5-1a4a-44bc-aa75-c7eaa4719c3b,CT_HOUM548ZPRL_02,711849422840926209,equipment_model,fadd3b82-156e-49a2-a829-ab102d8975a7,,,0,f,2026-05-19 07:55:27.855028+00,2026-05-19 07:55:27.855028+00
4e935bc1-d7b2-4d2d-b891-c230b00c2486,Remove_Screws,707518786722336768,equipment_model,fadd3b82-156e-49a2-a829-ab102d8975a7,,,0,f,2026-05-07 09:06:57.268981+00,2026-05-07 09:06:57.268981+00
4f5fbfd1-284f-486d-a407-0bb79f5f2b41,CT_HOUM548PCBSC24,711849422819954689,equipment_model,fadd3b82-156e-49a2-a829-ab102d8975a7,,,0,f,2026-05-19 07:55:27.855028+00,2026-05-19 07:55:27.855028+00
51f77e70-cc45-4316-8c33-9c33419100ab,CT_HBNCZMCVF,711849422643793920,equipment_model,fadd3b82-156e-49a2-a829-ab102d8975a7,,,0,f,2026-05-19 07:55:27.855028+00,2026-05-19 07:55:27.855028+00
520fc09d-047a-4100-b642-fbbe31273d10,VFI,707124120625614848,equipment_model,fadd3b82-156e-49a2-a829-ab102d8975a7,,,0,f,2026-05-06 06:58:42.47232+00,2026-05-06 06:58:42.47232+00
524bd8be-3b32-427d-85ef-86a1b7d191d6,L_MBD_PACKING,706699736203137024,line_model,7dfb83ad-1ec0-4ad9-8815-4af2b7ae6aea,,,0,f,2026-05-05 02:52:22.686573+00,2026-05-05 02:52:22.686573+00
52764c51-fd69-4559-bac7-5488039a0b13,PG548_UT30_Test_Tray_Carrier_20250730,711849422920617985,equipment_model,fadd3b82-156e-49a2-a829-ab102d8975a7,,,0,f,2026-05-19 07:55:27.855028+00,2026-05-19 07:55:27.855028+00
5316471e-2ef5-43e6-8ed2-b39283dae0fd,CT_HOP9LSSJ_S,711838381247565826,equipment_model,fadd3b82-156e-49a2-a829-ab102d8975a7,,,0,f,2026-05-19 07:11:35.399963+00,2026-05-19 07:11:35.399963+00
5501953a-bdbe-4336-b252-01a17423caf7,ZM_XC1000A,711849423000309764,equipment_model,fadd3b82-156e-49a2-a829-ab102d8975a7,,,0,f,2026-05-19 07:55:27.855028+00,2026-05-19 07:55:27.855028+00
55592ab2-a0af-420e-a712-b17fc0050aba,YWD_550,711849423000309760,equipment_model,fadd3b82-156e-49a2-a829-ab102d8975a7,,,0,f,2026-05-19 07:55:27.855028+00,2026-05-19 07:55:27.855028+00
555b1a6f-b3a3-478b-9faf-23234297f389,CT_HBNCZSPCBSC,711849422673154053,equipment_model,fadd3b82-156e-49a2-a829-ab102d8975a7,,,0,f,2026-05-19 07:55:27.855028+00,2026-05-19 07:55:27.855028+00
55fdc731-68ff-4346-bbbc-27a48f2ced82,Remove_WCPAI,707518787267596288,equipment_model,fadd3b82-156e-49a2-a829-ab102d8975a7,,,0,f,2026-05-07 09:06:57.268981+00,2026-05-07 09:06:57.268981+00
5664db09-7395-4050-a6df-f1f676a83c65,L_HST_Module,714371120689582080,line_model,7dfb83ad-1ec0-4ad9-8815-4af2b7ae6aea,,,0,f,2026-05-26 06:55:40.18724+00,2026-05-26 06:55:40.18724+00
5699327f-aed0-4a19-9358-01285a82bf2b,CT_HOP9LSSJ_D_h,711838381243371520,equipment_model,fadd3b82-156e-49a2-a829-ab102d8975a7,,,0,f,2026-05-19 07:11:35.399963+00,2026-05-19 07:11:35.399963+00
56d6e99a-e086-44c2-a81d-c5335107694e,ManualStation,707520200819347456,equipment_model,fadd3b82-156e-49a2-a829-ab102d8975a7,,,0,f,2026-05-07 09:12:34.571504+00,2026-05-07 09:12:34.571504+00
56e46765-88a6-4c9b-9f74-b5fbf68b0f31,roll_03,707121977235607552,equipment_model,fadd3b82-156e-49a2-a829-ab102d8975a7,,,0,f,2026-05-06 06:50:11.27645+00,2026-05-06 06:50:11.27645+00
57ec9a34-d1b3-4858-9ddb-36ed3df36199,L_MBD_SMT_B,707521476755984384,line_model,207f737a-5b1e-4b14-bf31-7932c4576271,,,0,f,2026-05-07 09:17:38.945902+00,2026-05-27 06:02:44.302858+00
58c9789f-f8b9-4f32-8c9f-f8ec07129732,CT_HOP9LSSJ_D,711838381234982912,equipment_model,fadd3b82-156e-49a2-a829-ab102d8975a7,,,0,f,2026-05-19 07:11:35.399963+00,2026-05-19 07:11:35.399963+00
5aa46757-ecf8-4e69-badb-fa67fae06ec9,CT_HCM548YH11_R,711849422757040129,equipment_model,fadd3b82-156e-49a2-a829-ab102d8975a7,,,0,f,2026-05-19 07:55:27.855028+00,2026-05-19 07:55:27.855028+00
5cbc99d2-240d-40a9-adb5-02fce3ab051a,NeoHorizon_03ix,711849422899646468,equipment_model,fadd3b82-156e-49a2-a829-ab102d8975a7,,,0,f,2026-05-19 07:55:27.855028+00,2026-05-19 07:55:27.855028+00
5d5e14d8-cc15-4b9e-9416-71ee48c230bf,GY09C,706705079930982400,equipment_model,fadd3b82-156e-49a2-a829-ab102d8975a7,,,0,f,2026-05-05 03:13:36.72587+00,2026-05-05 03:13:36.72587+00
5ee03edf-bd9f-4671-a3d8-579f03894d33,CT_HCM548BSSC20,711849422694125569,equipment_model,fadd3b82-156e-49a2-a829-ab102d8975a7,,,0,f,2026-05-19 07:55:27.855028+00,2026-05-19 07:55:27.855028+00
5f8a2299-df27-4ff4-83b7-c8d3746a89b9,CT_TWNF09_15B,711849422857703424,equipment_model,fadd3b82-156e-49a2-a829-ab102d8975a7,,,0,f,2026-05-19 07:55:27.855028+00,2026-05-19 07:55:27.855028+00
6082c0cf-86d2-4ac9-97bc-d03d977c08d5,roll_zx02,707121977600512000,equipment_model,fadd3b82-156e-49a2-a829-ab102d8975a7,,,0,f,2026-05-06 06:50:11.27645+00,2026-05-06 06:50:11.27645+00
615f179c-d958-4f73-b439-781a50f65f5c,AOI_IF,707520200181813248,equipment_model,fadd3b82-156e-49a2-a829-ab102d8975a7,,,0,f,2026-05-07 09:12:34.571504+00,2026-05-07 09:12:34.571504+00
61ba2482-699f-4994-b070-d107bcb31567,VCO_C80L,706705080358801408,equipment_model,fadd3b82-156e-49a2-a829-ab102d8975a7,,,0,f,2026-05-05 03:13:36.72587+00,2026-05-05 03:13:36.72587+00
63b9d8b4-41e1-4a33-8fe3-68884b8e79c3,CT_TWNF10_10_00,711849422870286340,equipment_model,fadd3b82-156e-49a2-a829-ab102d8975a7,,,0,f,2026-05-19 07:55:27.855028+00,2026-05-19 07:55:27.855028+00
63bed8b4-b5f3-4593-9cb9-e56fca4312b1,CT_HCM548CNTSC12_R,711849422702514178,equipment_model,fadd3b82-156e-49a2-a829-ab102d8975a7,,,0,f,2026-05-19 07:55:27.855028+00,2026-05-19 07:55:27.855028+00
641e88ad-9cf5-49b5-a857-e05a015bd154,CT_BNCZSDRJ,711849422606045185,equipment_model,fadd3b82-156e-49a2-a829-ab102d8975a7,,,0,f,2026-05-19 07:55:27.855028+00,2026-05-19 07:55:27.855028+00
65a42eec-6136-4f3e-9b46-969cc687674d,CT_HOP9YZJ_D,711849422786400256,equipment_model,fadd3b82-156e-49a2-a829-ab102d8975a7,,,0,f,2026-05-19 07:55:27.855028+00,2026-05-19 07:55:27.855028+00
6660b46f-bcc0-4808-bcd6-111a73e614e6,CT_HOUM548SFL25_T,711849422824148995,equipment_model,fadd3b82-156e-49a2-a829-ab102d8975a7,,,0,f,2026-05-19 07:55:27.855028+00,2026-05-19 07:55:27.855028+00
66e171bc-036b-4b2f-948e-36766c844a5e,CT_HCM548PCBSC24_R,711849422736068610,equipment_model,fadd3b82-156e-49a2-a829-ab102d8975a7,,,0,f,2026-05-19 07:55:27.855028+00,2026-05-19 07:55:27.855028+00
6b33550c-d36f-44c7-a4c1-b99f3688f9e0,Packing_06,707121976363192320,equipment_model,fadd3b82-156e-49a2-a829-ab102d8975a7,,,0,f,2026-05-06 06:50:11.27645+00,2026-05-06 06:50:11.27645+00
6bd96962-1634-428b-9dee-200d609566b3,CT_TWNF09_14B,711849422853509121,equipment_model,fadd3b82-156e-49a2-a829-ab102d8975a7,,,0,f,2026-05-19 07:55:27.855028+00,2026-05-19 07:55:27.855028+00
6c2879bb-57ac-4193-a0ed-76b0473643f5,Packing_03,707121975994093568,equipment_model,fadd3b82-156e-49a2-a829-ab102d8975a7,,,0,f,2026-05-06 06:50:11.27645+00,2026-05-06 06:50:11.27645+00
6d0ac676-52af-4619-99a6-731fe2ae31d4,CT_HOUCCSIOBSC,711834115921416192,equipment_model,fadd3b82-156e-49a2-a829-ab102d8975a7,,,0,f,2026-05-19 06:54:38.469855+00,2026-05-19 06:54:38.469855+00
6d36b1cc-bb01-46c5-8234-9faa81502f85,VT_X750,706705080463659008,equipment_model,fadd3b82-156e-49a2-a829-ab102d8975a7,,,0,f,2026-05-05 03:13:36.72587+00,2026-05-05 03:13:36.72587+00
6decf66a-397c-4cd0-89f4-ada32fffd9fd,CT_HCM548HM_R,711849422723485698,equipment_model,fadd3b82-156e-49a2-a829-ab102d8975a7,,,0,f,2026-05-19 07:55:27.855028+00,2026-05-19 07:55:27.855028+00
6e441a72-b292-4213-9f43-f08d32dfe821,CT_BNCZSCP,711849422597656576,equipment_model,fadd3b82-156e-49a2-a829-ab102d8975a7,,,0,f,2026-05-19 07:55:27.855028+00,2026-05-19 07:55:27.855028+00
7377c4d9-a8c3-4870-9064-d804f889ad0b,V810i_S2_XLT,711849422987726849,equipment_model,fadd3b82-156e-49a2-a829-ab102d8975a7,,,0,f,2026-05-19 07:55:27.855028+00,2026-05-19 07:55:27.855028+00
74ae760c-e0ea-4d6f-ae42-beae8a3394e5,SFG_DFL02,707520201045839872,equipment_model,fadd3b82-156e-49a2-a829-ab102d8975a7,,,0,f,2026-05-07 09:12:34.571504+00,2026-05-07 09:12:34.571504+00
764311be-93c3-47a9-b0f7-689f361cf140,CT_HCM548ZPRL_R,711849422761234437,equipment_model,fadd3b82-156e-49a2-a829-ab102d8975a7,,,0,f,2026-05-19 07:55:27.855028+00,2026-05-19 07:55:27.855028+00
772ce86b-b312-4844-b256-3428cc22791a,CT_HBNCZTC,706705079725461504,equipment_model,fadd3b82-156e-49a2-a829-ab102d8975a7,,,0,f,2026-05-05 03:13:36.72587+00,2026-05-05 03:13:36.72587+00
7a40e99a-3e1b-424f-9e7a-10eecd40051f,E01_Fiber_Tray,706705079805153280,equipment_model,fadd3b82-156e-49a2-a829-ab102d8975a7,,,0,f,2026-05-05 03:13:36.72587+00,2026-05-05 03:13:36.72587+00
7be1bdf8-600f-4bf8-96be-712d111303f0,CT_HOUM548TPSL_R,711849422828343301,equipment_model,fadd3b82-156e-49a2-a829-ab102d8975a7,,,0,f,2026-05-19 07:55:27.855028+00,2026-05-19 07:55:27.855028+00
7bf753d8-8dfa-4b61-bbdb-c5acbe7e558f,CT_1055,711849422559907841,equipment_model,fadd3b82-156e-49a2-a829-ab102d8975a7,,,0,f,2026-05-19 07:55:27.855028+00,2026-05-19 07:55:27.855028+00
7d64cd6b-ac62-44bc-9527-69576b90bd15,Panasonic_NPM_W2,711849422924812288,equipment_model,fadd3b82-156e-49a2-a829-ab102d8975a7,,,0,f,2026-05-19 07:55:27.855028+00,2026-05-19 07:55:27.855028+00
7d8bb5fe-8322-4089-9dac-4966de717d8d,Fibertray,707124120218767360,equipment_model,fadd3b82-156e-49a2-a829-ab102d8975a7,,,0,f,2026-05-06 06:58:42.47232+00,2026-05-06 06:58:42.47232+00
7dfb83ad-1ec0-4ad9-8815-4af2b7ae6aea,Default_Line_Type,Default_Line_Type,line_type,a8e4232d-6c8c-44d5-a590-5092cf4a57a5,默认线体类型,,0,f,2026-05-05 02:42:06.17106+00,2026-05-05 02:42:06.17106+00
7f0be4c8-58ee-4e96-9f70-84ba5bc3ab99,CT_HST_Pack_Trolley,711833447642959872,equipment_model,fadd3b82-156e-49a2-a829-ab102d8975a7,,,0,f,2026-05-19 06:51:59.123683+00,2026-05-19 06:51:59.123683+00
7f6ad767-b63e-4c77-a7e5-a17628807c4e,CT_HOP9LSSJ_D2,711838381239177217,equipment_model,fadd3b82-156e-49a2-a829-ab102d8975a7,,,0,f,2026-05-19 07:11:35.399963+00,2026-05-19 07:11:35.399963+00
7ffb38e2-599e-405d-8586-33eebd7f6627,CT_HOP9PCBZZJ,711849422769623040,equipment_model,fadd3b82-156e-49a2-a829-ab102d8975a7,,,0,f,2026-05-19 07:55:27.855028+00,2026-05-19 07:55:27.855028+00
8120b127-e25f-47c1-a607-d51f828ffd27,SFG_IGR,707520201100365824,equipment_model,fadd3b82-156e-49a2-a829-ab102d8975a7,,,0,f,2026-05-07 09:12:34.571504+00,2026-05-07 09:12:34.571504+00
8128cfac-b457-4d0b-8fd6-672e74184064,CT_HST_PACK_TARGAOI,711833447638765568,equipment_model,fadd3b82-156e-49a2-a829-ab102d8975a7,,,0,f,2026-05-19 06:51:59.123683+00,2026-05-19 06:51:59.123683+00
81c6264d-dd84-4efa-89a0-89529bd05ab8,CT_HCM548CNTSC12,711849422698319876,equipment_model,fadd3b82-156e-49a2-a829-ab102d8975a7,,,0,f,2026-05-19 07:55:27.855028+00,2026-05-19 07:55:27.855028+00
81fbabac-eaba-4f3c-9f64-8c8fb1927647,L_SMT_Bianca_Xray,714378653940584448,line_model,7dfb83ad-1ec0-4ad9-8815-4af2b7ae6aea,,,0,f,2026-05-26 07:25:31.427188+00,2026-05-26 07:25:31.427188+00
82928855-5d8a-4132-8b6a-4c5094c3e6fa,MPOMMCVFI,707124120529145856,equipment_model,fadd3b82-156e-49a2-a829-ab102d8975a7,,,0,f,2026-05-06 06:58:42.47232+00,2026-05-06 06:58:42.47232+00
83cba01c-4b6b-4475-b2bc-f7d6e73f52a5,CT_HCM548BSSC20_R,711849422698319872,equipment_model,fadd3b82-156e-49a2-a829-ab102d8975a7,,,0,f,2026-05-19 07:55:27.855028+00,2026-05-19 07:55:27.855028+00
856072d7-7ea0-44fc-adbd-9a32b07ceeb6,Spring_Clip,707518787703803904,equipment_model,fadd3b82-156e-49a2-a829-ab102d8975a7,,,0,f,2026-05-07 09:06:57.268981+00,2026-05-07 09:06:57.268981+00
85675bbc-6569-4444-87a1-a9382045efa4,E01_1AOIScrewFasten,707124119774171136,equipment_model,fadd3b82-156e-49a2-a829-ab102d8975a7,,,0,f,2026-05-06 06:58:42.47232+00,2026-05-06 06:58:42.47232+00
85923f87-67e4-4d1b-8e80-763cfe51ec99,CT_TWNF10_08_00,711838381276925952,equipment_model,fadd3b82-156e-49a2-a829-ab102d8975a7,,,0,f,2026-05-19 07:11:35.399963+00,2026-05-19 07:11:35.399963+00
8618c850-0407-47b3-b467-aa05c0964fa5,CT_HCM548PCBSC24,711849422731874308,equipment_model,fadd3b82-156e-49a2-a829-ab102d8975a7,,,0,f,2026-05-19 07:55:27.855028+00,2026-05-19 07:55:27.855028+00
8774bda2-4336-4eea-ad9d-aeba52ed9691,TR7500L_SIII,706705080262332416,equipment_model,fadd3b82-156e-49a2-a829-ab102d8975a7,,,0,f,2026-05-05 03:13:36.72587+00,2026-05-05 03:13:36.72587+00
890d5e88-4767-4750-b378-27776007b78f,PG548_TEST_RACK,711849422916423680,equipment_model,fadd3b82-156e-49a2-a829-ab102d8975a7,,,0,f,2026-05-19 07:55:27.855028+00,2026-05-19 07:55:27.855028+00
89488ee6-b912-45c1-88ee-03b58f1bdd30,CT_HBNCZSIOB,711849422668959744,equipment_model,fadd3b82-156e-49a2-a829-ab102d8975a7,,,0,f,2026-05-19 07:55:27.855028+00,2026-05-19 07:55:27.855028+00
89e137c6-0632-441b-9937-5b61272c0121,Shuttle_1T,712630567895568388,equipment_model,fadd3b82-156e-49a2-a829-ab102d8975a7,,,0,f,2026-05-21 11:39:27.413971+00,2026-05-21 11:39:27.413971+00
8a15c0f5-e8a2-42b8-80e5-051728eb4840,r_S330IN_LINE_SL_XL,711849423004504066,equipment_model,fadd3b82-156e-49a2-a829-ab102d8975a7,,,0,f,2026-05-19 07:55:27.855028+00,2026-05-19 07:55:27.855028+00
8a8fdb5b-fc93-4d16-a43a-7ad64a1a406e,SWT_200A,711849422945783812,equipment_model,fadd3b82-156e-49a2-a829-ab102d8975a7,,,0,f,2026-05-19 07:55:27.855028+00,2026-05-19 07:55:27.855028+00
8ab4ac41-569b-45a2-aab4-cc4a8270d177,CT_BNCZMYZJ_02,711849422589267972,equipment_model,fadd3b82-156e-49a2-a829-ab102d8975a7,,,0,f,2026-05-19 07:55:27.855028+00,2026-05-19 07:55:27.855028+00
8adeecf3-a6c5-419a-9997-0e5fde57d005,PG548_TEST_TRAY,711849422916423684,equipment_model,fadd3b82-156e-49a2-a829-ab102d8975a7,,,0,f,2026-05-19 07:55:27.855028+00,2026-05-19 07:55:27.855028+00
8b066395-7a38-4a54-b85a-bf5eaf327b87,CT_HOUCCSSLYZ,711834115933999104,equipment_model,fadd3b82-156e-49a2-a829-ab102d8975a7,,,0,f,2026-05-19 06:54:38.469855+00,2026-05-19 06:54:38.469855+00
8bc2c453-b232-4717-ad02-ecaa5200c38a,CT_TWNF09_14,711849422849314817,equipment_model,fadd3b82-156e-49a2-a829-ab102d8975a7,,,0,f,2026-05-19 07:55:27.855028+00,2026-05-19 07:55:27.855028+00
8ccff300-1b90-4041-b5ff-bce16995a0c3,CT_HOUCCSPCBSC,711834115925610497,equipment_model,fadd3b82-156e-49a2-a829-ab102d8975a7,,,0,f,2026-05-19 06:54:38.469855+00,2026-05-19 06:54:38.469855+00
8e058c6f-aef0-4c3d-89e7-35d64f72f5aa,E05_BOTTOMPLATE,707124120122298368,equipment_model,fadd3b82-156e-49a2-a829-ab102d8975a7,,,0,f,2026-05-06 06:58:42.47232+00,2026-05-06 06:58:42.47232+00
8e3ecd43-650b-4b95-9a38-303de2ea8fc9,Front_FA,707520200613826560,equipment_model,fadd3b82-156e-49a2-a829-ab102d8975a7,,,0,f,2026-05-07 09:12:34.571504+00,2026-05-07 09:12:34.571504+00
8eb3e55f-1805-477a-8258-0e5ea202c7c9,CT_TWNF09_15_Magazine,711849422861897728,equipment_model,fadd3b82-156e-49a2-a829-ab102d8975a7,,,0,f,2026-05-19 07:55:27.855028+00,2026-05-19 07:55:27.855028+00
8f5072b2-91b8-4ed3-ad81-859d1ab50c62,roll_02,707121977176887296,equipment_model,fadd3b82-156e-49a2-a829-ab102d8975a7,,,0,f,2026-05-06 06:50:11.27645+00,2026-05-06 06:50:11.27645+00
8fa7060a-657f-4c89-a7b8-2a25d6e2138f,E02_TOPELSFP,707124119992274944,equipment_model,fadd3b82-156e-49a2-a829-ab102d8975a7,,,0,f,2026-05-06 06:58:42.47232+00,2026-05-06 06:58:42.47232+00
90011644-a7d4-4b3d-bd97-5d9fe0b81e3b,CT_SORTROLLB,712840848374501376,equipment_model,fadd3b82-156e-49a2-a829-ab102d8975a7,,,0,f,2026-05-22 01:35:02.194805+00,2026-05-22 01:35:02.194805+00
909d9aef-41b7-4bff-b4a7-80f8f2be6105,FL_1500L,711849422874480645,equipment_model,fadd3b82-156e-49a2-a829-ab102d8975a7,,,0,f,2026-05-19 07:55:27.855028+00,2026-05-19 07:55:27.855028+00
90aaaa9b-4859-41a3-b03b-cd7b6d6a86ad,CT_HBNCZMBUF,711849422639599618,equipment_model,fadd3b82-156e-49a2-a829-ab102d8975a7,,,0,f,2026-05-19 07:55:27.855028+00,2026-05-19 07:55:27.855028+00
90ae5e0c-b16e-4511-a8ac-03a8839ae397,orchid_sfg_px9oe_b00_asm,707518788156788736,equipment_model,fadd3b82-156e-49a2-a829-ab102d8975a7,,,0,f,2026-05-07 09:06:57.268981+00,2026-05-07 09:06:57.268981+00
90db598d-7484-45f6-b0e3-ffe1ce4c052e,CT_HBNCZMLD,711849422647988228,equipment_model,fadd3b82-156e-49a2-a829-ab102d8975a7,,,0,f,2026-05-19 07:55:27.855028+00,2026-05-19 07:55:27.855028+00
92267238-5c68-44bf-a05f-5c375fbd261c,roll_04,707121977290133504,equipment_model,fadd3b82-156e-49a2-a829-ab102d8975a7,,,0,f,2026-05-06 06:50:11.27645+00,2026-05-06 06:50:11.27645+00
934843bb-83d9-4235-b100-83275dbfa64d,E01_Flippingtray004,707124119962914816,equipment_model,fadd3b82-156e-49a2-a829-ab102d8975a7,,,0,f,2026-05-06 06:58:42.47232+00,2026-05-06 06:58:42.47232+00
9375c7ac-4b36-4c7d-a5c5-2c7e0d072c2d,PG548_GB300_Magazine_0910,711849422912229377,equipment_model,fadd3b82-156e-49a2-a829-ab102d8975a7,,,0,f,2026-05-19 07:55:27.855028+00,2026-05-19 07:55:27.855028+00
945a35c4-cbcf-404a-b8c3-8ae9c2d89947,Remove_Screws_Flip,707518787041103872,equipment_model,fadd3b82-156e-49a2-a829-ab102d8975a7,,,0,f,2026-05-07 09:06:57.268981+00,2026-05-07 09:06:57.268981+00
95a90d49-3f3d-449e-80f6-1f7ad54cbce9,CT_SORTROLLER,712840848378695682,equipment_model,fadd3b82-156e-49a2-a829-ab102d8975a7,,,0,f,2026-05-22 01:35:02.194805+00,2026-05-22 01:35:02.194805+00
95b4c6d5-7cf5-4efd-ab60-95b927394652,Packing_08,707121976740679680,equipment_model,fadd3b82-156e-49a2-a829-ab102d8975a7,,,0,f,2026-05-06 06:50:11.27645+00,2026-05-06 06:50:11.27645+00
96f9f986-e715-4468-b170-435c8647bf57,IJETC7L,IJETC7L,equipment_model,fadd3b82-156e-49a2-a829-ab102d8975a7,IJETC7L,,0,f,2026-05-05 03:13:36.72587+00,2026-05-16 10:52:15.281812+00
97c3eb6f-1369-40bf-b197-542f0a5790be,Table,706705080329441280,equipment_model,fadd3b82-156e-49a2-a829-ab102d8975a7,,,0,f,2026-05-05 03:13:36.72587+00,2026-05-05 03:13:36.72587+00
9a0a68aa-d07e-4627-b262-73e173d5bd2c,CT_HCM548DRJ2_R,711849422710902784,equipment_model,fadd3b82-156e-49a2-a829-ab102d8975a7,,,0,f,2026-05-19 07:55:27.855028+00,2026-05-19 07:55:27.855028+00
9c2d1afd-53e7-4dfc-82d7-fdb9302160ae,CT_HCM548TS1,711849422744457220,equipment_model,fadd3b82-156e-49a2-a829-ab102d8975a7,,,0,f,2026-05-19 07:55:27.855028+00,2026-05-19 07:55:27.855028+00
9d6ed249-52e0-4aa0-b4f8-e7371635e8da,FCCATM_H100,706705079872262144,equipment_model,47ce96f7-a6ed-494d-b109-b30982575720,,,0,f,2026-05-05 03:13:36.72587+00,2026-05-27 06:25:02.949337+00
9e2065ca-5958-4fd7-8bf0-de46e15456b9,MEP_8TL,711849422895452163,equipment_model,fadd3b82-156e-49a2-a829-ab102d8975a7,,,0,f,2026-05-19 07:55:27.855028+00,2026-05-19 07:55:27.855028+00
9f57032a-4544-42ed-a27b-c4e7c65fac0e,HVC_300,711849422882869252,equipment_model,fadd3b82-156e-49a2-a829-ab102d8975a7,,,0,f,2026-05-19 07:55:27.855028+00,2026-05-19 07:55:27.855028+00
a172dc4a-2530-4e4a-a97a-147f4446e029,CT_HOPBAOI,711833447563268096,equipment_model,fadd3b82-156e-49a2-a829-ab102d8975a7,,,0,f,2026-05-19 06:51:59.123683+00,2026-05-19 06:51:59.123683+00
a1a61536-c5f2-4f94-8ca2-de107bebb162,TR7700L_SIII,711849422962561027,equipment_model,fadd3b82-156e-49a2-a829-ab102d8975a7,,,0,f,2026-05-19 07:55:27.855028+00,2026-05-19 07:55:27.855028+00
a29dac01-daf5-4e19-a4ae-25406638d8a3,FPC_Assembly,707520200395722752,equipment_model,fadd3b82-156e-49a2-a829-ab102d8975a7,,,0,f,2026-05-07 09:12:34.571504+00,2026-05-07 09:12:34.571504+00
a2ed2777-3ed6-4366-bed8-6aed4ae8ef85,CT_HOP9LSSJ_M,711838381243371524,equipment_model,fadd3b82-156e-49a2-a829-ab102d8975a7,,,0,f,2026-05-19 07:11:35.399963+00,2026-05-19 07:11:35.399963+00
a2f7a33a-c25c-4557-8dc8-acc3b7c4876a,CT_HCM548TS1_Buffer,711849422748651522,equipment_model,fadd3b82-156e-49a2-a829-ab102d8975a7,,,0,f,2026-05-19 07:55:27.855028+00,2026-05-19 07:55:27.855028+00
a36efc11-06cb-486e-824d-4e92bbac20a0,LCD_VI_45L,711849422891257856,equipment_model,fadd3b82-156e-49a2-a829-ab102d8975a7,,,0,f,2026-05-19 07:55:27.855028+00,2026-05-19 07:55:27.855028+00
a3c4e45a-d189-459e-9900-856a0b140a32,packingpan,707121977072029696,equipment_model,fadd3b82-156e-49a2-a829-ab102d8975a7,,,0,f,2026-05-06 06:50:11.27645+00,2026-05-06 06:50:11.27645+00
a42d312c-a794-4ec6-9f50-221e344ea8b9,JET8800TB27,706705080056811520,equipment_model,47ce96f7-a6ed-494d-b109-b30982575720,,,0,f,2026-05-05 03:13:36.72587+00,2026-05-27 06:25:14.873214+00
a5aab84a-4c22-411c-a9dd-400c92b1c137,E04_BOTTOMELSFP,707124120092938240,equipment_model,fadd3b82-156e-49a2-a829-ab102d8975a7,,,0,f,2026-05-06 06:58:42.47232+00,2026-05-06 06:58:42.47232+00
a7467932-23c6-4422-82c6-9e13e7ad8aeb,S2_900,711849422929006593,equipment_model,fadd3b82-156e-49a2-a829-ab102d8975a7,,,0,f,2026-05-19 07:55:27.855028+00,2026-05-19 07:55:27.855028+00
a7d53a4f-7f33-4bdb-809e-7113f025a493,CS_MIDDLE,707124119694479360,equipment_model,fadd3b82-156e-49a2-a829-ab102d8975a7,,,0,f,2026-05-06 06:58:42.47232+00,2026-05-06 06:58:42.47232+00
a8e4232d-6c8c-44d5-a590-5092cf4a57a5,Default Library,Default Library,process,,Default 资产库 ，这里可以，用于临时存储上传的文件,thumbnails/default_process_thumbnail_picture.png,0,f,2026-04-30 09:57:38.293836+00,2026-05-16 10:04:19.110152+00
a938b627-0c69-4039-a458-b78ba94cd1f1,CT_HOUM548PCB,711849422815760387,equipment_model,fadd3b82-156e-49a2-a829-ab102d8975a7,,,0,f,2026-05-19 07:55:27.855028+00,2026-05-19 07:55:27.855028+00
aa992baa-e013-43e9-874f-29d24f989795,CT_BNCZMTC,711849422585073665,equipment_model,fadd3b82-156e-49a2-a829-ab102d8975a7,,,0,f,2026-05-19 07:55:27.855028+00,2026-05-19 07:55:27.855028+00
aae04254-9b50-48dd-a43a-5ee790af7bef,CT_BNCZSM2,711849422618628097,equipment_model,fadd3b82-156e-49a2-a829-ab102d8975a7,,,0,f,2026-05-19 07:55:27.855028+00,2026-05-19 07:55:27.855028+00
ab0e23d9-14c9-40af-87e1-bce72221164f,CT_HBNCZMCVRG,711849422647988224,equipment_model,fadd3b82-156e-49a2-a829-ab102d8975a7,,,0,f,2026-05-19 07:55:27.855028+00,2026-05-19 07:55:27.855028+00
abe46bd9-58dd-47cb-b3b0-54318be003a8,L_MBD_MMC_2,707521489519251456,line_model,7dfb83ad-1ec0-4ad9-8815-4af2b7ae6aea,,,0,f,2026-05-07 09:17:38.945902+00,2026-05-07 09:17:38.945902+00
ad8b5d36-640e-47b9-a4d2-ed380aebd653,CT_HCM548ZPRL,711849422761234433,equipment_model,fadd3b82-156e-49a2-a829-ab102d8975a7,,,0,f,2026-05-19 07:55:27.855028+00,2026-05-19 07:55:27.855028+00
ade2afb8-ffd5-4748-92f7-b0e755bed34d,PCB_BOARD_AOI,707518785925419008,equipment_model,fadd3b82-156e-49a2-a829-ab102d8975a7,,,0,f,2026-05-07 09:06:57.268981+00,2026-05-07 09:06:57.268981+00
afa69acf-e0fb-403b-9d30-f44a0ed6c13b,L_MBD_6S,706699739118178304,line_model,7dfb83ad-1ec0-4ad9-8815-4af2b7ae6aea,,,0,f,2026-05-05 02:52:22.686573+00,2026-05-05 02:52:22.686573+00
b033787a-394f-492d-8b2c-7ad484a1c8e8,Table_ManualWork,711849422983532544,equipment_model,fadd3b82-156e-49a2-a829-ab102d8975a7,,,0,f,2026-05-19 07:55:27.855028+00,2026-05-19 07:55:27.855028+00
b0671be9-b4f0-4919-abe9-78d2c6e46e9f,MMC,707124120466231296,equipment_model,fadd3b82-156e-49a2-a829-ab102d8975a7,,,0,f,2026-05-06 06:58:42.47232+00,2026-05-06 06:58:42.47232+00
b0bb68ff-b1cd-4f8d-802a-5e856597b1dc,CT_BNCZSYZ,711849422635405312,equipment_model,fadd3b82-156e-49a2-a829-ab102d8975a7,,,0,f,2026-05-19 07:55:27.855028+00,2026-05-19 07:55:27.855028+00
b1caeff9-df07-4ce6-854c-76c6f175a12c,Packing_02,707121975885041664,equipment_model,fadd3b82-156e-49a2-a829-ab102d8975a7,,,0,f,2026-05-06 06:50:11.27645+00,2026-05-06 06:50:11.27645+00
b6845b1e-c1b4-4e7f-9974-baa2b202792a,CT_HCM548FM23,711849422710902788,equipment_model,fadd3b82-156e-49a2-a829-ab102d8975a7,,,0,f,2026-05-19 07:55:27.855028+00,2026-05-19 07:55:27.855028+00
b9241298-9fc3-459b-b48c-c00640e53d30,XB_OTS_1300L,711849422991921152,equipment_model,fadd3b82-156e-49a2-a829-ab102d8975a7,,,0,f,2026-05-19 07:55:27.855028+00,2026-05-19 07:55:27.855028+00
b9664da6-4c1a-420d-81d0-0ebb3a49f58b,TR_8100_LV,711849422979338240,equipment_model,fadd3b82-156e-49a2-a829-ab102d8975a7,,,0,f,2026-05-19 07:55:27.855028+00,2026-05-19 07:55:27.855028+00
b9b540c6-bbef-4a39-b0c1-56ff26f1e360,BoardLoading_PCBA,707518785380159488,equipment_model,fadd3b82-156e-49a2-a829-ab102d8975a7,,,0,f,2026-05-07 09:06:57.268981+00,2026-05-07 09:06:57.268981+00
bab7d868-d34f-4c90-beb9-5f3a855daf48,CT_HCM548YH11,711849422752845828,equipment_model,fadd3b82-156e-49a2-a829-ab102d8975a7,,,0,f,2026-05-19 07:55:27.855028+00,2026-05-19 07:55:27.855028+00
bba2a0ca-8842-40bb-839d-1ffe74b1f27f,CT_HOUCCSYZ_2,711834115938193413,equipment_model,fadd3b82-156e-49a2-a829-ab102d8975a7,,,0,f,2026-05-19 06:54:38.469855+00,2026-05-19 06:54:38.469855+00
be33bb18-a93f-411d-8fae-6cf5a7bddf0e,HOTFLOW_3_26_XL,711849422882869248,equipment_model,fadd3b82-156e-49a2-a829-ab102d8975a7,,,0,f,2026-05-19 07:55:27.855028+00,2026-05-19 07:55:27.855028+00
bfa41729-cb45-4b58-82f1-5c245656773b,L_MBD_PACKING01,707521499749158912,line_model,7dfb83ad-1ec0-4ad9-8815-4af2b7ae6aea,,,0,f,2026-05-07 09:17:38.945902+00,2026-05-07 09:17:38.945902+00
bfcc681e-fa41-4404-a648-218159dbb5ac,CT_HOUM548DRJ2,711849422803177472,equipment_model,fadd3b82-156e-49a2-a829-ab102d8975a7,,,0,f,2026-05-19 07:55:27.855028+00,2026-05-19 07:55:27.855028+00
bff06457-4fdc-413c-97b3-fea109c4c381,CT_BNCZMCVF,711849422572490754,equipment_model,fadd3b82-156e-49a2-a829-ab102d8975a7,,,0,f,2026-05-19 07:55:27.855028+00,2026-05-19 07:55:27.855028+00
c0daaf58-e928-460d-b4b6-f599d5f2ad56,LZ2404013_02_00A,711849422891257860,equipment_model,fadd3b82-156e-49a2-a829-ab102d8975a7,,,0,f,2026-05-19 07:55:27.855028+00,2026-05-19 07:55:27.855028+00
c23f6517-1224-4297-92bd-a1dbd64b09af,CT_HOP_Stacking,711833447634571266,equipment_model,fadd3b82-156e-49a2-a829-ab102d8975a7,,,0,f,2026-05-19 06:51:59.123683+00,2026-05-19 06:51:59.123683+00
c40e332e-1900-4497-a216-e00e8535fdf7,TR7700QE_DL,711849422966755329,equipment_model,fadd3b82-156e-49a2-a829-ab102d8975a7,,,0,f,2026-05-19 07:55:27.855028+00,2026-05-19 07:55:27.855028+00
c66f6b2a-e65e-4ce9-862f-f4228f4819db,SPI_FAG_OWL,706705080207806464,equipment_model,47ce96f7-a6ed-494d-b109-b30982575720,,,0,f,2026-05-05 03:13:36.72587+00,2026-05-28 06:02:47.759367+00
c7c598a7-dfaa-4b2c-a3e5-c30eaa2e91d3,CT_BNCZMYZJ,711849422589267968,equipment_model,fadd3b82-156e-49a2-a829-ab102d8975a7,,,0,f,2026-05-19 07:55:27.855028+00,2026-05-19 07:55:27.855028+00
c810dd88-8b75-4335-9496-49d06a3fc62f,Packing_05,707121976300277760,equipment_model,fadd3b82-156e-49a2-a829-ab102d8975a7,,,0,f,2026-05-06 06:50:11.27645+00,2026-05-06 06:50:11.27645+00
c9838014-ebea-4165-9366-57734c60682c,E01_6S_SEMIFINISHED_PRODUCTCSMTray003,707124119916777472,equipment_model,fadd3b82-156e-49a2-a829-ab102d8975a7,,,0,f,2026-05-06 06:58:42.47232+00,2026-05-06 06:58:42.47232+00
ca0605e8-31b6-4edc-8c83-f1a38a5dbc1b,CT_HOP9SLJ,711838381251760128,equipment_model,fadd3b82-156e-49a2-a829-ab102d8975a7,,,0,f,2026-05-19 07:11:35.399963+00,2026-05-19 07:11:35.399963+00
cb3101dd-9a49-4332-a38d-35c00d131698,SPC6_CPO_ASSEMBLY,707124120583671808,equipment_model,fadd3b82-156e-49a2-a829-ab102d8975a7,,,0,f,2026-05-06 06:58:42.47232+00,2026-05-06 06:58:42.47232+00
cbcf45e0-cbfe-4287-bb2a-0cbf8460f6f5,CT_HOUCCSHMF,711834115917221889,equipment_model,fadd3b82-156e-49a2-a829-ab102d8975a7,,,0,f,2026-05-19 06:54:38.469855+00,2026-05-19 06:54:38.469855+00
cc046971-c440-4c9a-9992-eddd195a801d,Packing_09,707121976786817024,equipment_model,fadd3b82-156e-49a2-a829-ab102d8975a7,,,0,f,2026-05-06 06:50:11.27645+00,2026-05-06 06:50:11.27645+00
cc5ebc88-b6f4-4d67-8134-d64f3cc5b8b7,Fuzion_OF1_14,711849422878674946,equipment_model,fadd3b82-156e-49a2-a829-ab102d8975a7,,,0,f,2026-05-19 07:55:27.855028+00,2026-05-19 07:55:27.855028+00
cc7c2c5a-cf10-4eb1-98fe-9f07bb17cab7,YWD_400,711849422996115457,equipment_model,fadd3b82-156e-49a2-a829-ab102d8975a7,,,0,f,2026-05-19 07:55:27.855028+00,2026-05-19 07:55:27.855028+00
ce2d039e-6e01-4890-bd31-b78d61052629,20241_Du,711849422534742016,equipment_model,fadd3b82-156e-49a2-a829-ab102d8975a7,,,0,f,2026-05-19 07:55:27.855028+00,2026-05-19 07:55:27.855028+00
cfbba53e-1d17-438e-a663-788575580f15,Hand_Table_6MM,706705079993896960,equipment_model,fadd3b82-156e-49a2-a829-ab102d8975a7,,,0,f,2026-05-05 03:13:36.72587+00,2026-05-05 03:13:36.72587+00
d0998a62-f74d-4f15-a774-82c482e080c2,CT_BNCZSBP,711849422593462274,equipment_model,fadd3b82-156e-49a2-a829-ab102d8975a7,,,0,f,2026-05-19 07:55:27.855028+00,2026-05-19 07:55:27.855028+00
d10e8b8a-2455-40c8-a10f-c9ff8367c1a1,ELSFP,707124120176824320,equipment_model,fadd3b82-156e-49a2-a829-ab102d8975a7,,,0,f,2026-05-06 06:58:42.47232+00,2026-05-06 06:58:42.47232+00
d2aaae22-34b1-4744-898d-720065862ae7,CT_HCM548PCB10,711849422727680001,equipment_model,fadd3b82-156e-49a2-a829-ab102d8975a7,,,0,f,2026-05-19 07:55:27.855028+00,2026-05-19 07:55:27.855028+00
d2af78df-fdfd-4ded-abe1-6f02c0226b29,CT_TWNF10_09_00,711849422870286336,equipment_model,fadd3b82-156e-49a2-a829-ab102d8975a7,,,0,f,2026-05-19 07:55:27.855028+00,2026-05-19 07:55:27.855028+00
d2b7c5c6-90f0-404c-887c-baf3c549a285,CT_BNCCM,711849422564102144,equipment_model,fadd3b82-156e-49a2-a829-ab102d8975a7,,,0,f,2026-05-19 07:55:27.855028+00,2026-05-19 07:55:27.855028+00
d2ff0103-d506-45bf-bc97-85b7bc00fe74,SMT Library,SMT Library,process,,SMT 资产库,thumbnails/20260517-default_equipment_thumbnail_picture.png,0,f,2026-04-30 09:56:58.110563+00,2026-05-17 08:55:52.238344+00
d374407f-17eb-43bc-ad53-cc9e17dbe830,CT_HOPBHM_C,711833447617794049,equipment_model,fadd3b82-156e-49a2-a829-ab102d8975a7,,,0,f,2026-05-19 06:51:59.123683+00,2026-05-19 06:51:59.123683+00
d3a5f1cb-163c-4587-895e-b3071b5127f9,CT_TWNF10_07_A00_09,711849422861897732,equipment_model,fadd3b82-156e-49a2-a829-ab102d8975a7,,,0,f,2026-05-19 07:55:27.855028+00,2026-05-19 07:55:27.855028+00
d47b9c32-1430-4c1f-baea-2627d869b71b,CT_BNCZSCPSC1,711849422597656580,equipment_model,fadd3b82-156e-49a2-a829-ab102d8975a7,,,0,f,2026-05-19 07:55:27.855028+00,2026-05-19 07:55:27.855028+00
d4c7c31b-1985-4b40-97af-0168724deee4,FCCATMH100,707124120197795840,equipment_model,fadd3b82-156e-49a2-a829-ab102d8975a7,,,0,f,2026-05-06 06:58:42.47232+00,2026-05-06 06:58:42.47232+00
d57292bf-83c4-4431-83b3-c188bd44c87a,VT_360SAM_P,706705080396550144,equipment_model,fadd3b82-156e-49a2-a829-ab102d8975a7,,,0,f,2026-05-05 03:13:36.72587+00,2026-05-05 03:13:36.72587+00
d832319b-3fac-4eef-bd75-a22e1f1c0fc2,CT_HOPBHM_B,711833447613599748,equipment_model,fadd3b82-156e-49a2-a829-ab102d8975a7,,,0,f,2026-05-19 06:51:59.123683+00,2026-05-19 06:51:59.123683+00
d9864b9d-d76d-447e-af12-7923d9c6dce8,Spring_Clip_FPU,707518787963850752,equipment_model,fadd3b82-156e-49a2-a829-ab102d8975a7,,,0,f,2026-05-07 09:06:57.268981+00,2026-05-07 09:06:57.268981+00
dacf9a39-2a93-4176-8d1d-d36162ca13a8,CT_HCM548PCB10_R,711849422731874304,equipment_model,fadd3b82-156e-49a2-a829-ab102d8975a7,,,0,f,2026-05-19 07:55:27.855028+00,2026-05-19 07:55:27.855028+00
dae922f2-10dc-4682-8037-28fc84b9d253,CT_HOP9ZJJ,711838381260148736,equipment_model,fadd3b82-156e-49a2-a829-ab102d8975a7,,,0,f,2026-05-19 07:11:35.399963+00,2026-05-19 07:11:35.399963+00
db7e13bf-46cc-4563-b640-d0dbb63dd42a,E01_6S_FiberTray001,707124119841280000,equipment_model,fadd3b82-156e-49a2-a829-ab102d8975a7,,,0,f,2026-05-06 06:58:42.47232+00,2026-05-06 06:58:42.47232+00
dddaef54-09a0-40ff-8ec7-c24e5d554e02,CT_HOUM548FM,711849422811566080,equipment_model,fadd3b82-156e-49a2-a829-ab102d8975a7,,,0,f,2026-05-19 07:55:27.855028+00,2026-05-19 07:55:27.855028+00
de32ce7d-1363-4630-9fb3-3bc65757363b,packingbox,707121976853925888,equipment_model,fadd3b82-156e-49a2-a829-ab102d8975a7,,,0,f,2026-05-06 06:50:11.27645+00,2026-05-06 06:50:11.27645+00
de4c7399-c4c3-4411-87ee-6c440365451e,L_MBD_CS,707521514462777344,line_model,7dfb83ad-1ec0-4ad9-8815-4af2b7ae6aea,,,0,f,2026-05-07 09:17:38.945902+00,2026-05-07 09:17:38.945902+00
de959e84-d12d-464b-a6df-7f19f6bbb59d,CT_HBNCZLD,711849422635405316,equipment_model,fadd3b82-156e-49a2-a829-ab102d8975a7,,,0,f,2026-05-19 07:55:27.855028+00,2026-05-19 07:55:27.855028+00
df0310d2-9a19-414a-95ae-823f268c6c4a,CT_HBNCZSCPSC1,711849422660571139,equipment_model,fadd3b82-156e-49a2-a829-ab102d8975a7,,,0,f,2026-05-19 07:55:27.855028+00,2026-05-19 07:55:27.855028+00
df1370be-abf6-4c1a-88e5-d6fc083f533b,SGC_160B,711849422941589505,equipment_model,fadd3b82-156e-49a2-a829-ab102d8975a7,,,0,f,2026-05-19 07:55:27.855028+00,2026-05-19 07:55:27.855028+00
df59751b-1cfc-407d-94b1-91cb2d51263b,SIV_200,706705080178446336,equipment_model,47ce96f7-a6ed-494d-b109-b30982575720,,,0,f,2026-05-05 03:13:36.72587+00,2026-06-01 01:08:38.822735+00
e0c72a29-70ae-4859-840e-5bc442d2294e,L_SMT_HST,714378631882739712,line_model,7dfb83ad-1ec0-4ad9-8815-4af2b7ae6aea,,,0,f,2026-05-26 07:25:31.427188+00,2026-05-26 07:25:31.427188+00
e0cc8a92-71fe-4527-9cf4-a0e138f9626a,CT_HOPBMD,711833447621988354,equipment_model,fadd3b82-156e-49a2-a829-ab102d8975a7,,,0,f,2026-05-19 06:51:59.123683+00,2026-05-19 06:51:59.123683+00
e1aea183-c07f-4604-a675-db4ed78cc61d,CT_TWNF09_13,711849422845120512,equipment_model,fadd3b82-156e-49a2-a829-ab102d8975a7,,,0,f,2026-05-19 07:55:27.855028+00,2026-05-19 07:55:27.855028+00
e28b06d3-a90d-462c-9403-9d6de5670d95,CT_HOUM548TPSL_L,711849422828343297,equipment_model,fadd3b82-156e-49a2-a829-ab102d8975a7,,,0,f,2026-05-19 07:55:27.855028+00,2026-05-19 07:55:27.855028+00
e3a3951d-b5b7-4240-b425-da5277f420d8,CT_HOUCCSYZ_1,711834115938193409,equipment_model,fadd3b82-156e-49a2-a829-ab102d8975a7,,,0,f,2026-05-19 06:54:38.469855+00,2026-05-19 06:54:38.469855+00
e3d03fc3-783a-466e-8587-3de0207da665,AUI_4000L_D,711849422547324930,equipment_model,fadd3b82-156e-49a2-a829-ab102d8975a7,,,0,f,2026-05-19 07:55:27.855028+00,2026-05-19 07:55:27.855028+00
e45537e3-3df5-4606-b125-b1f9b619f751,E03_BRACKET,707124120030023680,equipment_model,fadd3b82-156e-49a2-a829-ab102d8975a7,,,0,f,2026-05-06 06:58:42.47232+00,2026-05-06 06:58:42.47232+00
e4d6881c-e696-4289-8e25-52431940dc8e,CT_HOUM548BS,711849422790594560,equipment_model,fadd3b82-156e-49a2-a829-ab102d8975a7,,,0,f,2026-05-19 07:55:27.855028+00,2026-05-19 07:55:27.855028+00
e5230e7e-0cfb-4771-8827-49cc1ae1dd84,CT_BNCZMLD,711849422580879362,equipment_model,fadd3b82-156e-49a2-a829-ab102d8975a7,,,0,f,2026-05-19 07:55:27.855028+00,2026-05-19 07:55:27.855028+00
e5f354fb-b7c3-407f-b808-0ff8e84bed15,SFG_DFL01,707520200953565184,equipment_model,fadd3b82-156e-49a2-a829-ab102d8975a7,,,0,f,2026-05-07 09:12:34.571504+00,2026-05-07 09:12:34.571504+00
e64040a3-1c9a-4592-b48a-820b34f71879,TR7700L_QE,706705080300081152,equipment_model,fadd3b82-156e-49a2-a829-ab102d8975a7,,,0,f,2026-05-05 03:13:36.72587+00,2026-05-05 03:13:36.72587+00
e66b3747-b1ec-4966-ace6-b68b197565d5,Test_Assy_Roller0248,711849422983532548,equipment_model,fadd3b82-156e-49a2-a829-ab102d8975a7,,,0,f,2026-05-19 07:55:27.855028+00,2026-05-19 07:55:27.855028+00
e701f103-52fa-4ef9-a0c6-61d67894be65,CT_BNCCSHMF,711849422568296452,equipment_model,fadd3b82-156e-49a2-a829-ab102d8975a7,,,0,f,2026-05-19 07:55:27.855028+00,2026-05-19 07:55:27.855028+00
eb668cdc-c24c-42ac-b1de-7880f0c92e96,TR8100_LV,711849422975143936,equipment_model,fadd3b82-156e-49a2-a829-ab102d8975a7,,,0,f,2026-05-19 07:55:27.855028+00,2026-05-19 07:55:27.855028+00
ebc6a762-b8d9-4099-bb42-327e9097ebba,roll_06,707121977407574016,equipment_model,fadd3b82-156e-49a2-a829-ab102d8975a7,,,0,f,2026-05-06 06:50:11.27645+00,2026-05-06 06:50:11.27645+00
ebe56f3d-13af-4f74-9a27-880c3bc4a954,E07_CSMTOPCOLLING,707124120151658496,equipment_model,fadd3b82-156e-49a2-a829-ab102d8975a7,,,0,f,2026-05-06 06:58:42.47232+00,2026-05-06 06:58:42.47232+00
ec4ad61e-bab2-44e8-a005-11c68b2c6a12,CT_SORTTABLE,707124119740616704,equipment_model,fadd3b82-156e-49a2-a829-ab102d8975a7,,,0,f,2026-05-06 06:58:42.47232+00,2026-05-06 06:58:42.47232+00
ed44f09f-8f74-4a68-90aa-cb3afc52a3f5,CT_BNCZMCV_01,711849422576685056,equipment_model,fadd3b82-156e-49a2-a829-ab102d8975a7,,,0,f,2026-05-19 07:55:27.855028+00,2026-05-19 07:55:27.855028+00
edeaade8-2eab-4573-bba5-6b886d2b1574,FSP_ScrewFastening,707520200500580352,equipment_model,fadd3b82-156e-49a2-a829-ab102d8975a7,,,0,f,2026-05-07 09:12:34.571504+00,2026-05-07 09:12:34.571504+00
ee411c96-91d8-4e22-be17-b0f2e0214bfd,CT_BNCZSCPSC2,711849422601850882,equipment_model,fadd3b82-156e-49a2-a829-ab102d8975a7,,,0,f,2026-05-19 07:55:27.855028+00,2026-05-19 07:55:27.855028+00
ef13b2c6-ff27-4fcf-922c-875683df7d00,CT_SORTCV,707124119715450880,equipment_model,fadd3b82-156e-49a2-a829-ab102d8975a7,,,0,f,2026-05-06 06:58:42.47232+00,2026-05-06 06:58:42.47232+00
ef2b4763-67ae-4910-ac89-78b0c2ec067d,Neo_180,711849422903840771,equipment_model,fadd3b82-156e-49a2-a829-ab102d8975a7,,,0,f,2026-05-19 07:55:27.855028+00,2026-05-19 07:55:27.855028+00
f20c0eb6-5deb-4c1b-b76a-72a4459f3eea,CT_SORTRT,712840848391278592,equipment_model,fadd3b82-156e-49a2-a829-ab102d8975a7,,,0,f,2026-05-22 01:35:02.194805+00,2026-05-22 01:35:02.194805+00
f21f9b22-24c8-49d8-bf0c-35426f305aa5,G_Ace500,706705079968731136,equipment_model,47ce96f7-a6ed-494d-b109-b30982575720,,,0,f,2026-05-05 03:13:36.72587+00,2026-06-01 01:08:32.514345+00
f42e4f2c-6183-4750-b63a-7b978adb7755,CT_HOPBWST,711833447626182656,equipment_model,fadd3b82-156e-49a2-a829-ab102d8975a7,,,0,f,2026-05-19 06:51:59.123683+00,2026-05-19 06:51:59.123683+00
f6e0f207-5a07-4f57-82a4-bc3a3f8a6fb1,CT_HBNCZSZJ,711849422685736961,equipment_model,fadd3b82-156e-49a2-a829-ab102d8975a7,,,0,f,2026-05-19 07:55:27.855028+00,2026-05-19 07:55:27.855028+00
f706ac83-dd68-41f0-baf8-48929cbfe0b8,CT_HOUCCSTC,711834115933999108,equipment_model,fadd3b82-156e-49a2-a829-ab102d8975a7,,,0,f,2026-05-19 06:54:38.469855+00,2026-05-19 06:54:38.469855+00
f7515ac5-40a2-4c39-b507-9df23e823b9c,CT_HOP9ZZJJ,711838381264343040,equipment_model,fadd3b82-156e-49a2-a829-ab102d8975a7,,,0,f,2026-05-19 07:11:35.399963+00,2026-05-19 07:11:35.399963+00
f7c2d533-c9db-4671-a4bf-e9e6c58aef0e,L_MBD_SMT_A,707521518850019328,line_model,207f737a-5b1e-4b14-bf31-7932c4576271,,,0,f,2026-05-07 09:17:38.945902+00,2026-05-27 06:02:53.413386+00
f95ca39b-76b6-406d-83e0-dd592b458e36,CT_HBNCZSSL,711849422677348355,equipment_model,fadd3b82-156e-49a2-a829-ab102d8975a7,,,0,f,2026-05-19 07:55:27.855028+00,2026-05-19 07:55:27.855028+00
f9692be3-2ac1-4eba-aa9f-5ad86a96d1e6,CT_HOUM548CNTSC12,711849422798983168,equipment_model,fadd3b82-156e-49a2-a829-ab102d8975a7,,,0,f,2026-05-19 07:55:27.855028+00,2026-05-19 07:55:27.855028+00
fa27333a-9be9-4cb5-bfbc-3d9c2c5d1266,roll_01,707121977097195520,equipment_model,fadd3b82-156e-49a2-a829-ab102d8975a7,,,0,f,2026-05-06 06:50:11.27645+00,2026-05-06 06:50:11.27645+00
fa883c3a-1b20-46e5-8bb2-bafc4afe6234,SBL_820A,711849422937395203,equipment_model,fadd3b82-156e-49a2-a829-ab102d8975a7,,,0,f,2026-05-19 07:55:27.855028+00,2026-05-19 07:55:27.855028+00
fa970391-1754-43ce-b5cb-6f09be5c338d,CT_HOUCCSPSL,711834115925610501,equipment_model,fadd3b82-156e-49a2-a829-ab102d8975a7,,,0,f,2026-05-19 06:54:38.469855+00,2026-05-19 06:54:38.469855+00
fadd3b82-156e-49a2-a829-ab102d8975a7,Default_Equipment_Type,Default_Equipment_Type,equipment_type,a8e4232d-6c8c-44d5-a590-5092cf4a57a5,默认设备类型,,0,f,2026-05-05 02:43:41.876073+00,2026-05-05 02:43:41.876073+00
faf3a94c-e584-4489-b31a-e5450f8e0118,CT_HOUM548HM,711849422811566084,equipment_model,fadd3b82-156e-49a2-a829-ab102d8975a7,,,0,f,2026-05-19 07:55:27.855028+00,2026-05-19 07:55:27.855028+00
fb25570c-de94-45b4-8da2-9cec2d3b1d49,CT_HOUM548BSSC20,711849422794788865,equipment_model,fadd3b82-156e-49a2-a829-ab102d8975a7,,,0,f,2026-05-19 07:55:27.855028+00,2026-05-19 07:55:27.855028+00
fbd23d7b-5752-455f-840f-9765c1cbd359,CT_HOPBLSJ,711833447617794053,equipment_model,fadd3b82-156e-49a2-a829-ab102d8975a7,,,0,f,2026-05-19 06:51:59.123683+00,2026-05-19 06:51:59.123683+00
fe48d01f-2b80-4827-bfa3-ff01359636e4,CT_HOP9CZJ,711838381222400000,equipment_model,fadd3b82-156e-49a2-a829-ab102d8975a7,,,0,f,2026-05-19 07:11:35.399963+00,2026-05-19 07:11:35.399963+00
fe6fd6bf-bb01-4a9e-8a21-8c5ea99b0d79,CT_HCM548BS18,711849422689931264,equipment_model,fadd3b82-156e-49a2-a829-ab102d8975a7,,,0,f,2026-05-19 07:55:27.855028+00,2026-05-19 07:55:27.855028+00
fee10864-1253-4c16-af9b-a02753f6e023,CT_HBNCZSYZ,711849422681542660,equipment_model,fadd3b82-156e-49a2-a829-ab102d8975a7,,,0,f,2026-05-19 07:55:27.855028+00,2026-05-19 07:55:27.855028+00
ffeb5fdd-d146-4275-a714-7e951e09eca7,CT_HOUCCSSBP,711834115929804802,equipment_model,fadd3b82-156e-49a2-a829-ab102d8975a7,,,0,f,2026-05-19 06:54:38.469855+00,2026-05-19 06:54:38.469855+00
